user_id,user_gender,user_age,age_group,country,location,interests
5341,Male,26,25-34,United States,Lake Angelamouth,"travel, news"
18898,Male,26,25-34,United States,Jadefort,travel
27077,Male,26,25-34,United States,Nicholasport,gaming
27958,Male,26,25-34,United States,Romanmouth,"fashion, health"
31381,Male,26,25-34,United States,Paulmouth,travel
67468,Male,26,25-34,United States,Johnsonburgh,finance
71097,Male,26,25-34,United States,East Joshuamouth,"news, art, technology"
77938,Male,26,25-34,United States,Wongfurt,"technology, photography, finance"
78875,Male,26,25-34,United States,Hensleyberg,"food, lifestyle"
80203,Male,26,25-34,United States,Pamelaville,"sports, travel, finance"
88305,Male,26,25-34,United States,Ericamouth,"sports, photography, art"
94490,Male,26,25-34,United States,Kristintown,"sports, news"
94660,Male,26,25-34,United States,West Kristintown,fashion
95882,Male,26,25-34,United States,Lake Aprilbury,"food, health"
4.00E+226,Male,26,25-34,United States,Dylanhaven,"finance, photography, fitness"
0162f,Male,26,25-34,United States,Phillipsmouth,fitness
03a52,Male,26,25-34,United States,Jensenside,art
0429c,Male,26,25-34,United States,East Natashabury,"fitness, sports"
0458d,Male,26,25-34,United States,South Toddport,"finance, travel"
0e9cb,Male,26,25-34,United States,North John,"lifestyle, photography, fitness"
0e9ed,Male,26,25-34,United States,West Deborah,"fitness, news, health"
116eb,Male,26,25-34,United States,New Williamchester,technology
12b06,Male,26,25-34,United States,Jonesville,technology
147a0,Male,26,25-34,United States,Thorntonland,"fitness, health"
15ad4,Male,26,25-34,United States,Rebeccabury,"fitness, art"
17ce1,Male,26,25-34,United States,Jeremyton,"food, gaming, fitness"
1844e,Male,26,25-34,United States,Johnsonport,"gaming, lifestyle"
1a99b,Male,26,25-34,United States,Port Kellyberg,fashion
258ef,Male,26,25-34,United States,Maxwellville,"art, lifestyle, news"
2692b,Male,26,25-34,United States,Jacquelineview,health
2b4fd,Male,26,25-34,United States,North Kurt,"fashion, news"
2b630,Male,26,25-34,United States,South Natasha,"art, lifestyle, photography"
2fbf7,Male,26,25-34,United States,Gibsonside,"travel, food, art"
307df,Male,26,25-34,United States,Lake Julia,"news, art, health"
30bf3,Male,26,25-34,United States,Austinbury,"travel, art"
333dc,Male,26,25-34,United States,Beckerhaven,"lifestyle, health"
37f0c,Male,26,25-34,United States,Maldonadofort,photography
456a9,Male,26,25-34,United States,Guerraborough,"health, photography, sports"
477d7,Male,26,25-34,United States,Davistown,photography
4dc01,Male,26,25-34,United States,New Melanie,"art, lifestyle, finance"
51aee,Male,26,25-34,United States,Gutierrezfurt,health
555f6,Male,26,25-34,United States,Deleonchester,"lifestyle, technology"
5628f,Male,26,25-34,United States,Watsonfort,"news, health"
5d87b,Male,26,25-34,United States,Jacksonfort,health
5d974,Male,26,25-34,United States,Wadeview,news
5de70,Male,26,25-34,United States,New Saraside,lifestyle
5ee19,Male,26,25-34,United States,New Patrick,news
64a78,Male,26,25-34,United States,Christinabury,health
66fd8,Male,26,25-34,United States,West Victoria,travel
6f9c5,Male,26,25-34,United States,North Malik,finance
7038e,Male,26,25-34,United States,Aliciaport,photography
70f69,Male,26,25-34,United States,Williamborough,"art, news, health"
714bc,Male,26,25-34,United States,Pattonberg,"travel, fitness"
73c13,Male,26,25-34,United States,Mcdonaldport,"sports, news"
741f4,Male,26,25-34,United States,North Keithmouth,"news, fitness"
74a74,Male,26,25-34,United States,North Peter,health
8184a,Male,26,25-34,United States,Georgeburgh,"fashion, news"
81ed3,Male,26,25-34,United States,West Kimberly,technology
8ae7b,Male,26,25-34,United States,Lake Johnport,lifestyle
8d0db,Male,26,25-34,United States,Lake Anthony,"technology, lifestyle"
8f1eb,Male,26,25-34,United States,Snyderburgh,"health, art"
8f8db,Male,26,25-34,United States,Montoyaville,fashion
977c9,Male,26,25-34,United States,South Heather,"news, gaming"
9c3ea,Male,26,25-34,United States,Kaylastad,"fashion, lifestyle"
a2bc2,Male,26,25-34,United States,New Sherriberg,"health, travel, fitness"
a3e51,Male,26,25-34,United States,Port William,fashion
a4221,Male,26,25-34,United States,Nathanfurt,"finance, technology, food"
a46f2,Male,26,25-34,United States,Johntown,"news, food, fitness"
a5c3e,Male,26,25-34,United States,New Nicole,"food, lifestyle"
a6128,Male,26,25-34,United States,Rileytown,"health, photography, finance"
a67c1,Male,26,25-34,United States,Port Christopher,food
afc3d,Male,26,25-34,United States,East Hannah,"lifestyle, fitness, health"
b2aac,Male,26,25-34,United States,Jaredside,"lifestyle, photography"
b6bb6,Male,26,25-34,United States,West Julie,gaming
b70db,Male,26,25-34,United States,Lake Lindsaychester,lifestyle
b83f5,Male,26,25-34,United States,Adamshire,gaming
b90c5,Male,26,25-34,United States,Youngville,"photography, art, sports"
ba16a,Male,26,25-34,United States,Patrickton,"lifestyle, health"
c7c57,Male,26,25-34,United States,South Kendra,"technology, sports"
c9083,Male,26,25-34,United States,West Michael,travel
cdbfd,Male,26,25-34,United States,Jenniferstad,"gaming, photography"
ce57d,Male,26,25-34,United States,Ashleyburgh,gaming
d6b56,Male,26,25-34,United States,Mooremouth,"finance, lifestyle"
d8d31,Male,26,25-34,United States,Andradeport,"finance, fashion"
d96cc,Male,26,25-34,United States,Johnsonfurt,"fitness, news, technology"
da46b,Male,26,25-34,United States,Andersonside,"news, art, food"
e3205,Male,26,25-34,United States,Murphymouth,"technology, gaming, art"
e6a9c,Male,26,25-34,United States,New Mariefort,"health, sports"
e7d43,Male,26,25-34,United States,North Pamelabury,"fitness, finance"
ebb43,Male,26,25-34,United States,Oconnorchester,"finance, technology, gaming"
ebc0b,Male,26,25-34,United States,Roachmouth,"news, health, photography"
ecc13,Male,26,25-34,United States,East Gabriel,"fitness, fashion"
ee0a7,Male,26,25-34,United States,Carolborough,"technology, fitness, sports"
ee263,Male,26,25-34,United States,Johnsonport,"photography, technology"
ee28a,Male,26,25-34,United States,East Stephanieburgh,fashion
f29cf,Male,26,25-34,United States,Stonestad,"technology, food"
f537f,Male,26,25-34,United States,Tarastad,gaming
f57f2,Male,26,25-34,United States,Murphyland,"food, finance"
f8350,Male,26,25-34,United States,Bridgesburgh,news
f867e,Male,26,25-34,United States,Steventon,"art, finance, fashion"
f8c7a,Male,26,25-34,United States,North Taratown,"technology, photography, travel"
fd56c,Male,26,25-34,United States,Terrybury,"finance, technology, fashion"
fd5ae,Male,26,25-34,United States,Kristyville,"fashion, sports, lifestyle"
fd5d0,Male,26,25-34,United States,New Jamesburgh,"sports, art"
1029,Male,29,25-34,United States,Port Michael,"finance, technology, gaming"
11556,Male,29,25-34,United States,Port Mark,technology
26592,Male,29,25-34,United States,Davischester,health
68123,Male,29,25-34,United States,Amberfort,"food, photography, art"
69400,Male,29,25-34,United States,Shafferville,"food, sports"
73527,Male,29,25-34,United States,South George,news
76736,Male,29,25-34,United States,Mcbridehaven,"food, lifestyle"
0c2c7,Male,29,25-34,United States,North Michael,"gaming, travel, finance"
0fe19,Male,29,25-34,United States,New Crystal,"fashion, photography"
12ca7,Male,29,25-34,United States,South Nicole,"health, photography"
131c1,Male,29,25-34,United States,Port Jodi,"health, fashion, lifestyle"
170b1,Male,29,25-34,United States,Stephanieport,sports
1b2a5,Male,29,25-34,United States,New Michael,sports
1c7bb,Male,29,25-34,United States,South Kyleside,fashion
2633a,Male,29,25-34,United States,Lake Alejandro,technology
27a7d,Male,29,25-34,United States,Terrencefort,"travel, lifestyle"
2822c,Male,29,25-34,United States,South Laura,"lifestyle, fashion, finance"
297bb,Male,29,25-34,United States,Aprilshire,"travel, technology, health"
2abc2,Male,29,25-34,United States,New Katherineview,"technology, photography"
2b13d,Male,29,25-34,United States,New Davidberg,lifestyle
2bbe8,Male,29,25-34,United States,Pittsland,health
2e22c,Male,29,25-34,United States,Hillshire,"fashion, news"
2ef58,Male,29,25-34,United States,East Alexanderside,"health, technology, fashion"
2f133,Male,29,25-34,United States,West Davidton,"sports, health, gaming"
3016e,Male,29,25-34,United States,Annside,"art, technology, food"
30c74,Male,29,25-34,United States,Curtishaven,lifestyle
389cd,Male,29,25-34,United States,Lewishaven,"travel, sports"
39f39,Male,29,25-34,United States,Watersburgh,health
3e3e8,Male,29,25-34,United States,Lake Jasonview,"news, sports, health"
3f088,Male,29,25-34,United States,North Benjamin,"health, gaming"
40c2a,Male,29,25-34,United States,New Danieltown,"health, gaming, food"
4a7b7,Male,29,25-34,United States,Emilymouth,"travel, finance"
4c893,Male,29,25-34,United States,Mikeburgh,"lifestyle, technology"
50b82,Male,29,25-34,United States,South Alyssa,"sports, technology, health"
53ae8,Male,29,25-34,United States,North William,"news, photography"
5895f,Male,29,25-34,United States,Briannaburgh,"travel, food"
5bbca,Male,29,25-34,United States,West Marie,"sports, technology"
5dd43,Male,29,25-34,United States,West Dianabury,"news, health"
5fe31,Male,29,25-34,United States,Suzannebury,"finance, health, fitness"
65b95,Male,29,25-34,United States,South Jefferybury,"travel, health, gaming"
6ee6c,Male,29,25-34,United States,Karenborough,"news, fashion, sports"
71c38,Male,29,25-34,United States,South Jose,"lifestyle, photography, news"
7a0cd,Male,29,25-34,United States,Whitemouth,gaming
7ff60,Male,29,25-34,United States,Jonathanchester,lifestyle
83cc6,Male,29,25-34,United States,Lake Davidstad,"sports, lifestyle, fashion"
8a9eb,Male,29,25-34,United States,South Gracefurt,"gaming, fitness"
8c993,Male,29,25-34,United States,Fowlermouth,"news, lifestyle"
9ddf7,Male,29,25-34,United States,Davidfort,lifestyle
9f736,Male,29,25-34,United States,Port David,"fashion, sports, finance"
9f964,Male,29,25-34,United States,Vickieborough,"fashion, health"
9fe2a,Male,29,25-34,United States,West Dennis,"travel, photography, fashion"
9ff6f,Male,29,25-34,United States,Daniellehaven,"technology, fashion"
a14b6,Male,29,25-34,United States,Adamtown,fashion
a17ad,Male,29,25-34,United States,New Rachelborough,"travel, art"
a2bed,Male,29,25-34,United States,New James,lifestyle
a8cf0,Male,29,25-34,United States,West Wesleyfort,"sports, gaming, travel"
b3087,Male,29,25-34,United States,Lake James,"health, food"
b56bd,Male,29,25-34,United States,Robertton,"fashion, photography, lifestyle"
b762c,Male,29,25-34,United States,Port James,"finance, photography, news"
b8575,Male,29,25-34,United States,Millshaven,fashion
ba58e,Male,29,25-34,United States,East Sallyland,fitness
bf967,Male,29,25-34,United States,Port Henry,fitness
c21de,Male,29,25-34,United States,North Joseph,"travel, fashion, photography"
c6263,Male,29,25-34,United States,Kellytown,"gaming, photography, art"
cd557,Male,29,25-34,United States,Nielsenchester,"photography, fashion"
d3e61,Male,29,25-34,United States,Ortizburgh,"finance, travel"
d6ba7,Male,29,25-34,United States,Bradyhaven,finance
da86a,Male,29,25-34,United States,South Mark,"news, health, finance"
dea6f,Male,29,25-34,United States,Adriennestad,"fashion, finance"
df9d9,Male,29,25-34,United States,Lake Heather,"gaming, technology, sports"
e1a2e,Male,29,25-34,United States,South Jonathan,"technology, travel, gaming"
e1edd,Male,29,25-34,United States,Calebville,lifestyle
e27e0,Male,29,25-34,United States,Nguyenstad,"food, fashion, gaming"
e46f7,Male,29,25-34,United States,Codyberg,"art, technology"
e6f36,Male,29,25-34,United States,East Janetbury,"photography, news, sports"
e7c26,Male,29,25-34,United States,Port Joshua,"food, gaming, lifestyle"
e7d4d,Male,29,25-34,United States,West Randytown,food
ec966,Male,29,25-34,United States,Kyleland,gaming
eed23,Male,29,25-34,United States,Valenzuelafort,"food, sports, art"
f022e,Male,29,25-34,United States,Myersmouth,"lifestyle, sports"
f0564,Male,29,25-34,United States,Port Ryanland,"lifestyle, health, art"
f2c92,Male,29,25-34,United States,South Steve,health
f31ca,Male,29,25-34,United States,North Ryanborough,news
f562b,Male,29,25-34,United States,Shaunburgh,"fitness, art"
f69fb,Male,29,25-34,United States,Shannonberg,technology
f6ef2,Male,29,25-34,United States,Waltershire,"health, fitness"
f822b,Male,29,25-34,United States,East Edward,fitness
f9b5b,Male,29,25-34,United States,Penningtonfurt,"photography, finance"
fde6a,Male,29,25-34,United States,New Nathanielmouth,"food, health"
fe0e3,Male,29,25-34,United States,North Christina,"photography, art"
1440,Male,27,25-34,United States,North Christopherborough,fitness
1.75E+03,Male,27,25-34,United States,West Feliciaburgh,fashion
5098,Male,27,25-34,United States,West Karenton,sports
15067,Male,27,25-34,United States,Dyerberg,"news, health, fashion"
18961,Male,27,25-34,United States,Bentleyshire,photography
37820,Male,27,25-34,United States,Jessicaport,"fashion, technology"
40769,Male,27,25-34,United States,South Robertotown,"food, photography"
55830,Male,27,25-34,United States,South Roberttown,fitness
75565,Male,27,25-34,United States,North Madisonberg,"technology, sports"
95917,Male,27,25-34,United States,New Ryanfort,"news, food, health"
9.90E+04,Male,27,25-34,United States,Juliamouth,"technology, food"
4.52E+10,Male,27,25-34,United States,South Rachel,"photography, lifestyle"
2.90E+16,Male,27,25-34,United States,Lake Robinstad,fashion
3.00E+237,Male,27,25-34,United States,Smithfurt,fashion
004a5,Male,27,25-34,United States,Irwinmouth,"technology, fitness, photography"
06d52,Male,27,25-34,United States,Jonesmouth,"health, news"
0ab8b,Male,27,25-34,United States,Hortonmouth,"technology, art"
0ef9f,Male,27,25-34,United States,Jonathanburgh,"health, lifestyle, finance"
109d9,Male,27,25-34,United States,South Christinahaven,"sports, fashion, finance"
10ea8,Male,27,25-34,United States,West Mariafurt,food
18e9b,Male,27,25-34,United States,New Michaeltown,gaming
1c13d,Male,27,25-34,United States,Nicoleside,"health, gaming"
1df52,Male,27,25-34,United States,East Kristen,sports
1f17d,Male,27,25-34,United States,Johnborough,"health, lifestyle"
1f4a9,Male,27,25-34,United States,East Angela,"sports, gaming, health"
22d69,Male,27,25-34,United States,Johnsonberg,art
270a9,Male,27,25-34,United States,Maryview,finance
27baa,Male,27,25-34,United States,Seanfurt,"technology, lifestyle"
2cbfd,Male,27,25-34,United States,Smithhaven,photography
2dc87,Male,27,25-34,United States,South Dorothy,finance
2ea00,Male,27,25-34,United States,Lake Kellyport,photography
380c9,Male,27,25-34,United States,Jeremybury,health
410b3,Male,27,25-34,United States,North Jeffreychester,"fashion, lifestyle"
415bb,Male,27,25-34,United States,North Paul,"food, sports"
426be,Male,27,25-34,United States,East Samantha,"sports, photography, lifestyle"
42b3a,Male,27,25-34,United States,East Craigland,finance
46a16,Male,27,25-34,United States,Kathrynville,fashion
48aaf,Male,27,25-34,United States,Port Antonio,"fitness, finance, travel"
4ab71,Male,27,25-34,United States,East Bernardland,"finance, art"
5362b,Male,27,25-34,United States,Stephanieside,fashion
53de0,Male,27,25-34,United States,East Robertview,fashion
596df,Male,27,25-34,United States,New Jared,travel
5ac9c,Male,27,25-34,United States,New Kristyberg,news
5c3d3,Male,27,25-34,United States,Baldwinberg,"art, finance, gaming"
5e63c,Male,27,25-34,United States,Bradfordtown,health
637d9,Male,27,25-34,United States,Danielmouth,"technology, lifestyle, finance"
6d917,Male,27,25-34,United States,East Christopherport,"fitness, health, art"
6e1a6,Male,27,25-34,United States,Sharphaven,"fitness, art, photography"
75c6c,Male,27,25-34,United States,Deanshire,"finance, lifestyle"
7dc27,Male,27,25-34,United States,North Ryan,"fashion, health, photography"
80ff3,Male,27,25-34,United States,Weaverchester,"travel, fitness, fashion"
881cc,Male,27,25-34,United States,West Amyberg,"sports, health"
8971e,Male,27,25-34,United States,North Morgan,"fitness, gaming, sports"
8c74e,Male,27,25-34,United States,East Kevinborough,news
8f4ad,Male,27,25-34,United States,Nancyfurt,"fashion, sports"
90a24,Male,27,25-34,United States,Port Ryan,"photography, health, sports"
9a21f,Male,27,25-34,United States,Aprilberg,"lifestyle, sports"
9b842,Male,27,25-34,United States,Port Annfurt,"photography, art"
9cb97,Male,27,25-34,United States,Josephton,"gaming, travel"
9eeda,Male,27,25-34,United States,Richardchester,sports
a49a7,Male,27,25-34,United States,Brittneybury,"health, art"
a810c,Male,27,25-34,United States,Amandaberg,fitness
aa138,Male,27,25-34,United States,West Linda,"art, travel"
aacf2,Male,27,25-34,United States,Ortizmouth,"lifestyle, photography"
b16fc,Male,27,25-34,United States,Christopherfurt,"lifestyle, news"
b2915,Male,27,25-34,United States,East Austin,health
b365c,Male,27,25-34,United States,Port Mark,finance
b97d1,Male,27,25-34,United States,North Scottville,"fashion, technology, news"
baebc,Male,27,25-34,United States,Stanleyborough,"technology, food, fitness"
bed73,Male,27,25-34,United States,West Travis,travel
c240a,Male,27,25-34,United States,North Josemouth,health
ca901,Male,27,25-34,United States,South Jessica,"fitness, news"
cd8da,Male,27,25-34,United States,Lake Gregory,gaming
d17e9,Male,27,25-34,United States,South Lindsay,"finance, art, sports"
d40a4,Male,27,25-34,United States,New Traceymouth,"finance, travel"
e1ae0,Male,27,25-34,United States,New Brandon,travel
e1f87,Male,27,25-34,United States,Johnsonmouth,travel
e547a,Male,27,25-34,United States,Katherinetown,"food, photography, finance"
ec311,Male,27,25-34,United States,Josephfurt,finance
ed259,Male,27,25-34,United States,East Angela,fashion
f51d7,Male,27,25-34,United States,New Megan,news
f707b,Male,27,25-34,United States,Williamville,"fitness, gaming, technology"
f82d9,Male,27,25-34,United States,Loriborough,"travel, fitness"
f8d9d,Male,27,25-34,United States,Joshuaside,lifestyle
f9ef9,Male,27,25-34,United States,Ronaldshire,fashion
1816,Male,25,25-34,United States,North Craig,technology
4.24E+04,Male,25,25-34,United States,New Paul,health
54255,Male,25,25-34,United States,Ryanfurt,"news, lifestyle"
55929,Male,25,25-34,United States,Lindaton,"art, gaming, news"
62728,Male,25,25-34,United States,South Michaelbury,art
71266,Male,25,25-34,United States,East Daniel,"food, art"
77534,Male,25,25-34,United States,New Meganville,"lifestyle, photography"
91882,Male,25,25-34,United States,Melissafurt,"finance, gaming, fashion"
8.30E+65,Male,25,25-34,United States,North Gregoryton,news
0a531,Male,25,25-34,United States,New Shelleyberg,"fitness, fashion"
0a947,Male,25,25-34,United States,Stephanieport,photography
0bfcb,Male,25,25-34,United States,Jeffersonmouth,"art, finance, fashion"
0fda0,Male,25,25-34,United States,South Chad,"lifestyle, gaming"
127fd,Male,25,25-34,United States,Donaldshire,fashion
12ca5,Male,25,25-34,United States,Aliciamouth,lifestyle
188be,Male,25,25-34,United States,Choifurt,photography
22b41,Male,25,25-34,United States,East Alexander,fashion
28ff5,Male,25,25-34,United States,Lake Jamesport,fashion
2963e,Male,25,25-34,United States,North Chelsea,photography
29ae1,Male,25,25-34,United States,North Ryan,"fitness, fashion, finance"
2ab3d,Male,25,25-34,United States,East Sharonstad,"gaming, fashion"
2adea,Male,25,25-34,United States,Lake Michael,technology
2cb73,Male,25,25-34,United States,Lake Melissa,"finance, food, gaming"
3acbd,Male,25,25-34,United States,Valdezberg,lifestyle
3f2b0,Male,25,25-34,United States,Harringtonton,art
41c11,Male,25,25-34,United States,Ortegahaven,"lifestyle, health, finance"
433f2,Male,25,25-34,United States,Kingport,fashion
47aac,Male,25,25-34,United States,South Markville,"art, fashion, lifestyle"
4f062,Male,25,25-34,United States,New Katherinebury,news
5340f,Male,25,25-34,United States,North Sherryhaven,"food, art"
540bb,Male,25,25-34,United States,East Chad,"finance, photography, health"
547c2,Male,25,25-34,United States,Smithburgh,technology
565a6,Male,25,25-34,United States,Andrewfurt,"fitness, food"
568bd,Male,25,25-34,United States,Lake Charles,food
579ac,Male,25,25-34,United States,North Travisshire,"technology, lifestyle"
58a5e,Male,25,25-34,United States,Lisaville,technology
59fdd,Male,25,25-34,United States,East Antoniochester,art
5d93c,Male,25,25-34,United States,Rachelside,"fashion, sports, technology"
5dea4,Male,25,25-34,United States,East Heidi,"art, fitness"
5eeae,Male,25,25-34,United States,North Gina,sports
5fba5,Male,25,25-34,United States,Jacquelineland,"photography, travel"
623f5,Male,25,25-34,United States,North Ryantown,food
63ccd,Male,25,25-34,United States,East Nicholasport,"gaming, fitness, technology"
65aac,Male,25,25-34,United States,Marshallburgh,"art, lifestyle, sports"
6c2b2,Male,25,25-34,United States,Craigbury,"health, photography"
757df,Male,25,25-34,United States,Port Michaelshire,"photography, health, travel"
77eb1,Male,25,25-34,United States,Lake Nicole,"photography, fashion"
7ef68,Male,25,25-34,United States,Stephanietown,art
871a6,Male,25,25-34,United States,Alejandroville,"health, photography, art"
8a568,Male,25,25-34,United States,Browntown,news
8d42e,Male,25,25-34,United States,Lake John,"health, fitness"
90eec,Male,25,25-34,United States,Heidibury,"art, sports"
922fd,Male,25,25-34,United States,Phillipston,lifestyle
929d2,Male,25,25-34,United States,Harrisport,"gaming, travel, finance"
935da,Male,25,25-34,United States,New Thomas,"fitness, art"
a3215,Male,25,25-34,United States,East Jennifer,gaming
a7198,Male,25,25-34,United States,Herreraland,"lifestyle, news, food"
a7b42,Male,25,25-34,United States,Johnsonshire,"health, travel"
b3fe4,Male,25,25-34,United States,West Alexa,gaming
bbb51,Male,25,25-34,United States,North Hannahtown,"fitness, technology"
bf001,Male,25,25-34,United States,Audreychester,"food, lifestyle, art"
c1b96,Male,25,25-34,United States,East Josephburgh,fashion
c95c2,Male,25,25-34,United States,East Allison,"food, gaming, photography"
c9895,Male,25,25-34,United States,New Davidville,gaming
caa25,Male,25,25-34,United States,Hodgestown,"technology, fashion"
cab30,Male,25,25-34,United States,West Brettfurt,"sports, food"
cb095,Male,25,25-34,United States,East Sharon,"finance, health"
cb97c,Male,25,25-34,United States,Bradyton,fitness
cf774,Male,25,25-34,United States,North Alicia,lifestyle
d2744,Male,25,25-34,United States,Smithton,"technology, fitness"
d2dcb,Male,25,25-34,United States,Alisonchester,lifestyle
decc3,Male,25,25-34,United States,New Trevorside,fashion
e030c,Male,25,25-34,United States,Henrymouth,"finance, technology"
e64d6,Male,25,25-34,United States,Christopherville,"sports, lifestyle, photography"
e6816,Male,25,25-34,United States,Schmidtville,"fashion, lifestyle"
eb535,Male,25,25-34,United States,Port Danville,"gaming, fitness"
eb5e9,Male,25,25-34,United States,Lake Travisberg,"gaming, photography, art"
eb724,Male,25,25-34,United States,South Christina,finance
ed7b8,Male,25,25-34,United States,Sandyport,travel
fcce1,Male,25,25-34,United States,Jeffreyburgh,fashion
1.07E+02,Male,33,25-34,United States,Elizabethshire,food
567,Male,28,25-34,United States,Lake Andrew,gaming
5055,Male,34,25-34,United States,Murraymouth,"food, fashion, travel"
6618,Male,28,25-34,United States,Lake Gary,"news, finance, lifestyle"
6706,Male,30,25-34,United States,Michaelfurt,"fitness, art"
14518,Male,30,25-34,United States,Port Michaelberg,"health, art"
18977,Male,31,25-34,United States,Patriciaport,"travel, art"
21210,Male,31,25-34,United States,Collinsland,"sports, travel"
22062,Male,32,25-34,United States,West Tina,"photography, technology"
2.30E+04,Male,33,25-34,United States,Lake Amber,"sports, food, health"
29134,Male,31,25-34,United States,Stanleyview,"technology, health"
29669,Male,34,25-34,United States,Smithstad,"health, art, gaming"
30074,Male,32,25-34,United States,Bowmanmouth,"sports, gaming, photography"
30436,Male,34,25-34,United States,West Donnaport,"sports, fashion"
33945,Male,34,25-34,United States,South Rick,finance
35643,Male,31,25-34,United States,Marshalltown,"travel, health, news"
41050,Male,32,25-34,United States,North Nicholasmouth,food
41842,Male,32,25-34,United States,Kylieborough,"art, travel"
43428,Male,30,25-34,United States,East Ana,"fitness, technology"
45851,Male,31,25-34,United States,West Kimberlyshire,finance
60812,Male,30,25-34,United States,Acostaview,"sports, fitness, finance"
66013,Male,34,25-34,United States,South Jamesfort,"art, lifestyle, travel"
69143,Male,32,25-34,United States,New Kimberlyshire,"travel, gaming"
76444,Male,33,25-34,United States,Lake Jennifer,"lifestyle, food, health"
77102,Male,33,25-34,United States,Rebeccaland,fashion
77403,Male,32,25-34,United States,Thomashaven,"lifestyle, gaming"
79884,Male,33,25-34,United States,West Deborah,photography
80011,Male,34,25-34,United States,Thompsonmouth,"health, fashion, food"
81168,Male,34,25-34,United States,East Danaport,fitness
84367,Male,28,25-34,United States,West Maryland,"technology, fitness, finance"
91914,Male,28,25-34,United States,Hayeshaven,"travel, technology, photography"
93750,Male,31,25-34,United States,Lake Courtneyfort,lifestyle
94134,Male,31,25-34,United States,South Kimberly,"gaming, food"
96316,Male,33,25-34,United States,East Josechester,news
4.73E+05,Male,33,25-34,United States,Forbesfort,"gaming, technology"
5.81E+06,Male,33,25-34,United States,North Josephville,"gaming, fashion"
2.35E+07,Male,30,25-34,United States,Evelynside,finance
8.00E+08,Male,31,25-34,United States,East Paulport,"lifestyle, technology"
2.10E+17,Male,28,25-34,United States,East Stephenmouth,"gaming, fashion"
2.00E+21,Male,32,25-34,United States,Raymondfort,"gaming, fitness, food"
9.80E+88,Male,31,25-34,United States,New Justin,lifestyle
9.00E+216,Male,28,25-34,United States,Burtonport,"photography, art, food"
0058e,Male,32,25-34,United States,Fowlerbury,"technology, art, finance"
008c5,Male,33,25-34,United States,Rebeccatown,"fitness, news, travel"
0205d,Male,31,25-34,United States,Lake Garrettshire,health
030cb,Male,33,25-34,United States,Port David,"art, finance"
0320f,Male,31,25-34,United States,North John,gaming
05a92,Male,30,25-34,United States,Alexanderport,"technology, gaming, photography"
063ee,Male,31,25-34,United States,West Matthewshire,"finance, technology, travel"
068af,Male,28,25-34,United States,South Alexander,"finance, travel, sports"
0a578,Male,32,25-34,United States,East Ashleyhaven,news
0ae62,Male,32,25-34,United States,North Williamhaven,"photography, sports"
0b673,Male,33,25-34,United States,Davidton,"art, fitness"
0c4f6,Male,30,25-34,United States,Christopherville,photography
0cd41,Male,34,25-34,United States,Carrieberg,"lifestyle, news"
0fae7,Male,32,25-34,United States,South James,"photography, sports, gaming"
1073f,Male,31,25-34,United States,Evansshire,sports
1177a,Male,28,25-34,United States,Port Luis,"lifestyle, fitness, travel"
127c3,Male,31,25-34,United States,West Sarahmouth,"news, health"
12d2f,Male,30,25-34,United States,Clementsfurt,gaming
144f4,Male,31,25-34,United States,Lake Michaelmouth,"travel, fashion, food"
16e2b,Male,28,25-34,United States,Port Rhonda,"health, finance, travel"
18a43,Male,28,25-34,United States,Andersonland,"photography, fashion"
191aa,Male,33,25-34,United States,Brittneyton,"sports, photography, art"
1a414,Male,32,25-34,United States,North Amyport,"travel, lifestyle, photography"
1a4dd,Male,34,25-34,United States,Kingside,"art, news"
1ab1d,Male,28,25-34,United States,New Ashleychester,fitness
1b97d,Male,32,25-34,United States,Nancyside,"food, lifestyle"
1d0f3,Male,31,25-34,United States,Christophertown,"travel, sports, art"
1d704,Male,28,25-34,United States,Katherinestad,"sports, news"
1d7e0,Male,30,25-34,United States,Alanshire,"news, sports, gaming"
1dfe5,Male,33,25-34,United States,Port Peter,health
1f32f,Male,34,25-34,United States,Gilmoreville,fitness
1f381,Male,31,25-34,United States,Port Alexandrashire,"food, technology, lifestyle"
1fb9b,Male,30,25-34,United States,Lawsonview,art
254b2,Male,28,25-34,United States,South Jerryshire,"art, photography, travel"
25fe9,Male,33,25-34,United States,Port Saraview,"sports, art"
267c3,Male,32,25-34,United States,New Davidville,fashion
278ec,Male,32,25-34,United States,Amandamouth,"finance, photography"
29cbc,Male,32,25-34,United States,Browntown,gaming
29d61,Male,30,25-34,United States,East Shelby,"art, gaming"
2b7c8,Male,32,25-34,United States,Lisastad,fitness
2b870,Male,31,25-34,United States,Lindatown,"health, fitness"
2fa7d,Male,28,25-34,United States,Greenport,"gaming, lifestyle, health"
2fb60,Male,28,25-34,United States,Murilloside,"health, travel, gaming"
315b6,Male,30,25-34,United States,Javierstad,"food, finance, art"
3388a,Male,28,25-34,United States,South Edwinchester,"technology, gaming, finance"
346ba,Male,33,25-34,United States,West William,"lifestyle, fitness, news"
362ab,Male,33,25-34,United States,Jeffreyview,photography
36b34,Male,30,25-34,United States,New Jasminefurt,"lifestyle, travel"
3968b,Male,30,25-34,United States,Davidview,fitness
3acbc,Male,28,25-34,United States,South Dianamouth,news
3b93b,Male,30,25-34,United States,Harrisonport,"finance, food"
3c051,Male,34,25-34,United States,Brianamouth,"art, photography"
3cfde,Male,28,25-34,United States,Walkerview,"photography, fashion"
3d6b6,Male,28,25-34,United States,Reedburgh,"food, gaming, lifestyle"
3e7b5,Male,33,25-34,United States,Alexanderberg,"technology, art"
3ef28,Male,32,25-34,United States,Derekhaven,technology
3f417,Male,28,25-34,United States,Roberthaven,"gaming, health, finance"
41aae,Male,32,25-34,United States,West Virginiaport,"fashion, finance"
41ab8,Male,32,25-34,United States,Craigborough,"travel, art"
4325f,Male,31,25-34,United States,Melissabury,"technology, sports, travel"
433b9,Male,31,25-34,United States,Port Erikaberg,"sports, fitness, gaming"
435c6,Male,31,25-34,United States,Allentown,"health, technology, news"
44e4f,Male,33,25-34,United States,Crystalland,news
45b78,Male,30,25-34,United States,Tylerberg,"sports, photography, finance"
4ab02,Male,32,25-34,United States,Adkinsfurt,"food, travel"
4ab8b,Male,31,25-34,United States,Port Savannah,fashion
4c58c,Male,28,25-34,United States,Bellton,"art, news"
4e99d,Male,33,25-34,United States,Jesseshire,"travel, gaming"
4edbf,Male,31,25-34,United States,Millston,"news, fashion, sports"
4ee56,Male,34,25-34,United States,North Heather,"photography, fitness, finance"
4f986,Male,31,25-34,United States,Angelamouth,"art, technology, health"
4fa6c,Male,32,25-34,United States,Gailhaven,finance
517df,Male,31,25-34,United States,East Nathaniel,art
5180b,Male,30,25-34,United States,Annside,"fashion, news"
5290b,Male,31,25-34,United States,Hartstad,"sports, food"
53c72,Male,31,25-34,United States,Castilloborough,travel
54c86,Male,31,25-34,United States,Port Johnside,"technology, fashion"
551d6,Male,28,25-34,United States,West Kevin,"finance, fitness, food"
55d50,Male,34,25-34,United States,Walshburgh,"photography, lifestyle"
56f34,Male,31,25-34,United States,Port Shawnfort,fitness
57a0f,Male,28,25-34,United States,Port Christopher,sports
5803f,Male,30,25-34,United States,Peterland,"technology, art, sports"
58f9b,Male,32,25-34,United States,East Robert,technology
58faf,Male,31,25-34,United States,West Lydia,photography
5989a,Male,30,25-34,United States,Port Laura,fashion
5b04e,Male,30,25-34,United States,Tiffanyland,"fashion, food, finance"
5c221,Male,30,25-34,United States,Millerhaven,"fashion, fitness, photography"
5c86e,Male,31,25-34,United States,Ortegaland,"technology, fitness, art"
5ec74,Male,34,25-34,United States,North Michael,"food, gaming, art"
5ef8f,Male,31,25-34,United States,Christopherhaven,"sports, news"
5f8d4,Male,31,25-34,United States,Lake Andrewberg,"food, gaming"
5fbac,Male,34,25-34,United States,West Stacey,"news, sports, finance"
5fe90,Male,30,25-34,United States,East Dakota,"health, gaming"
6024d,Male,31,25-34,United States,Sanchezside,fashion
60b2c,Male,34,25-34,United States,South Alexis,"photography, fashion, news"
63da8,Male,33,25-34,United States,Andrewfort,"fitness, news"
65a89,Male,32,25-34,United States,South Christine,"news, fashion"
66b97,Male,30,25-34,United States,West Jonathanberg,"travel, food"
67f2d,Male,28,25-34,United States,North Emily,"fashion, gaming, technology"
6a077,Male,32,25-34,United States,Hammondton,"fashion, art"
6b3cd,Male,31,25-34,United States,Kevinland,travel
6b6f6,Male,31,25-34,United States,Leebury,"lifestyle, gaming"
6baea,Male,28,25-34,United States,New Nancy,"photography, health"
6c7bf,Male,30,25-34,United States,North Angelaland,art
6ccb1,Male,33,25-34,United States,Patrickchester,lifestyle
6e86c,Male,34,25-34,United States,Lake Kristiemouth,lifestyle
6f256,Male,32,25-34,United States,East Mariahaven,"art, fashion"
6f7ed,Male,31,25-34,United States,South Billy,"news, sports, fitness"
6f98f,Male,32,25-34,United States,Kimshire,"finance, health"
6ffd2,Male,28,25-34,United States,Angelaland,"lifestyle, health"
7046d,Male,34,25-34,United States,Port Sarah,"art, lifestyle, gaming"
7157f,Male,33,25-34,United States,Bennettmouth,photography
71c30,Male,32,25-34,United States,Maryhaven,"travel, gaming"
734be,Male,31,25-34,United States,Kaylaborough,"travel, lifestyle, news"
73e4a,Male,30,25-34,United States,Peterchester,"gaming, health, photography"
7514c,Male,32,25-34,United States,New Richard,"health, sports"
756f1,Male,30,25-34,United States,Ingramland,"sports, fashion, health"
76dd5,Male,33,25-34,United States,Torresland,gaming
77aa7,Male,31,25-34,United States,East Christinaton,"travel, technology, finance"
7810f,Male,32,25-34,United States,Port Autumnstad,art
7ac71,Male,32,25-34,United States,Mendeztown,"food, technology, travel"
7d81a,Male,31,25-34,United States,Brewerfurt,"gaming, health"
7e587,Male,28,25-34,United States,Amandastad,"lifestyle, fitness, gaming"
7ed06,Male,30,25-34,United States,Tylerberg,finance
8144d,Male,31,25-34,United States,New David,lifestyle
82ca3,Male,28,25-34,United States,New Chris,"health, art"
82fce,Male,30,25-34,United States,South Sophiaberg,health
84a60,Male,30,25-34,United States,Amandamouth,"finance, food, technology"
85a51,Male,33,25-34,United States,Port Frankside,sports
85bd6,Male,31,25-34,United States,New Danielshire,"art, fitness, food"
86cb2,Male,34,25-34,United States,Richardstad,fashion
8799b,Male,34,25-34,United States,Elizabethville,"sports, lifestyle"
880f6,Male,32,25-34,United States,Port Pamelaport,"sports, art"
882d3,Male,30,25-34,United States,Richardmouth,"fashion, finance"
883ed,Male,28,25-34,United States,East Adamton,fashion
887cc,Male,33,25-34,United States,New Michelle,"health, technology"
8a5ad,Male,34,25-34,United States,Lake Cherylport,"technology, news, finance"
8acac,Male,30,25-34,United States,Rogersport,"gaming, lifestyle, technology"
8be7f,Male,34,25-34,United States,Port Danashire,finance
8c66c,Male,34,25-34,United States,East Jeffreyside,art
8d184,Male,32,25-34,United States,Sarachester,"photography, fitness, travel"
8d887,Male,30,25-34,United States,Jamesbury,news
8dc0e,Male,28,25-34,United States,Colleenside,technology
8e2d8,Male,30,25-34,United States,West Erica,"technology, news"
8ea62,Male,30,25-34,United States,Johnland,"photography, lifestyle, fitness"
90a88,Male,30,25-34,United States,Shannonfort,photography
9264b,Male,32,25-34,United States,Michellefurt,"lifestyle, art"
95bc1,Male,31,25-34,United States,Lake Jamesside,"travel, gaming"
96ac5,Male,28,25-34,United States,Michaelfort,art
99da6,Male,32,25-34,United States,West Jerry,"gaming, fitness"
9a2dd,Male,28,25-34,United States,West Joshua,fashion
9e830,Male,28,25-34,United States,Brownmouth,"health, photography, lifestyle"
9f579,Male,30,25-34,United States,West Scottville,"news, lifestyle, fashion"
a11cb,Male,28,25-34,United States,West Anthony,"health, fitness"
a154d,Male,33,25-34,United States,East Steven,"fitness, art, travel"
a1b50,Male,32,25-34,United States,South Davidburgh,"photography, fitness, news"
a1c5a,Male,30,25-34,United States,Port Jenniferstad,"fitness, travel, fashion"
a1d14,Male,31,25-34,United States,Lindsayburgh,"art, fitness, lifestyle"
a2058,Male,33,25-34,United States,South Johnborough,"fashion, lifestyle"
a3562,Male,30,25-34,United States,Drakeburgh,"fashion, photography"
a405d,Male,34,25-34,United States,Perezberg,fashion
a433b,Male,34,25-34,United States,Riversfurt,travel
a4d76,Male,32,25-34,United States,West Nicholas,lifestyle
a4e7d,Male,31,25-34,United States,Brownchester,news
a510f,Male,28,25-34,United States,New Mark,"fashion, food"
a512c,Male,33,25-34,United States,Ortegahaven,"sports, gaming"
a6804,Male,30,25-34,United States,Brandonfurt,"fitness, finance, news"
a70a5,Male,28,25-34,United States,South Caitlin,photography
aaa43,Male,31,25-34,United States,East Christine,"fitness, finance, photography"
ab1ec,Male,33,25-34,United States,Lake Meaganbury,"food, technology, gaming"
ae226,Male,28,25-34,United States,New Amanda,"fashion, food, sports"
afc1b,Male,33,25-34,United States,New Mary,"art, photography"
b0495,Male,34,25-34,United States,Shepherdberg,art
b11a7,Male,33,25-34,United States,Annaville,"fashion, finance"
b1218,Male,30,25-34,United States,Mendozamouth,health
b133d,Male,28,25-34,United States,Fieldsland,photography
b1db1,Male,32,25-34,United States,Leonardburgh,finance
b292f,Male,34,25-34,United States,Stevenport,"travel, gaming, lifestyle"
b2b16,Male,28,25-34,United States,Kimberlyfurt,news
b4f71,Male,32,25-34,United States,New Alexanderton,"art, travel, fashion"
b6df8,Male,32,25-34,United States,Garciaborough,"fashion, health"
b7c47,Male,32,25-34,United States,Johnsonborough,fashion
b90be,Male,33,25-34,United States,Debbieview,sports
b91a7,Male,30,25-34,United States,Lake Randy,"lifestyle, food, travel"
b953e,Male,30,25-34,United States,Adamville,"fashion, lifestyle, news"
b9a3d,Male,31,25-34,United States,South Angelaview,fashion
b9dd9,Male,32,25-34,United States,Lake Chad,"news, lifestyle"
bae2c,Male,28,25-34,United States,West Christinaland,"photography, fitness"
bae96,Male,30,25-34,United States,Amandahaven,"fitness, photography, fashion"
bb062,Male,31,25-34,United States,Ryanside,"photography, food, art"
bbffe,Male,34,25-34,United States,New David,"news, photography, gaming"
bd8c5,Male,33,25-34,United States,Michaelton,"fashion, gaming"
be3e7,Male,33,25-34,United States,North Brittanyville,health
beaf7,Male,30,25-34,United States,North Tracy,health
beb84,Male,28,25-34,United States,Millerfort,"fitness, technology"
becfc,Male,28,25-34,United States,New Williamtown,art
bf50c,Male,33,25-34,United States,South Stephanie,"fashion, food"
bf8fe,Male,33,25-34,United States,North Moniquestad,"art, food"
bfe25,Male,28,25-34,United States,Davismouth,news
c0300,Male,32,25-34,United States,New Anne,lifestyle
c135e,Male,32,25-34,United States,Moraland,fitness
c1795,Male,34,25-34,United States,New Cindy,lifestyle
c3bd8,Male,30,25-34,United States,Jasonmouth,"finance, health, sports"
c413e,Male,28,25-34,United States,Ryanbury,news
c439b,Male,28,25-34,United States,Jessicaport,news
c5153,Male,31,25-34,United States,Haleyfurt,finance
c5280,Male,33,25-34,United States,Taylorshire,"gaming, lifestyle"
c61fb,Male,31,25-34,United States,Holttown,"technology, fashion"
c68e2,Male,32,25-34,United States,Port William,travel
c6a78,Male,28,25-34,United States,Melissachester,"finance, photography"
ca8a8,Male,33,25-34,United States,Chavezshire,fashion
cb5a7,Male,34,25-34,United States,East Nathan,"art, sports, fashion"
cb772,Male,31,25-34,United States,Bruceville,"sports, lifestyle"
cf119,Male,34,25-34,United States,Lake Josephport,"photography, news"
d0e48,Male,34,25-34,United States,East Jeffery,"sports, finance"
d15db,Male,31,25-34,United States,Lake Stacystad,"food, technology"
d2294,Male,28,25-34,United States,Garciastad,"photography, food"
d4977,Male,32,25-34,United States,Jasonmouth,food
d5248,Male,33,25-34,United States,Victoriamouth,"food, gaming, photography"
d53da,Male,33,25-34,United States,East Andrea,"photography, finance"
d60c8,Male,34,25-34,United States,Riceborough,"health, news"
d684a,Male,28,25-34,United States,New Deborah,health
d89ba,Male,28,25-34,United States,Johnbury,"lifestyle, fitness, finance"
d9381,Male,31,25-34,United States,Carterborough,technology
db2d1,Male,30,25-34,United States,Lake Taraborough,fashion
db8a2,Male,30,25-34,United States,Douglasland,"technology, food, art"
dc9f9,Male,34,25-34,United States,Williamsborough,"lifestyle, photography"
dcb2d,Male,33,25-34,United States,Hansonbury,food
dce82,Male,30,25-34,United States,Escobarfurt,art
dd131,Male,33,25-34,United States,Mistymouth,"news, food, photography"
dd7ad,Male,34,25-34,United States,Manuelhaven,"health, fitness, news"
dee8f,Male,28,25-34,United States,Lake Staceyville,"art, lifestyle, finance"
df44c,Male,32,25-34,United States,New Jasonborough,sports
e077a,Male,28,25-34,United States,Rogersmouth,"finance, fitness, art"
e0abc,Male,33,25-34,United States,Port Amy,"gaming, technology"
e0b68,Male,32,25-34,United States,Port Ashley,"news, art"
e0f67,Male,32,25-34,United States,North Ashley,"travel, gaming"
e1880,Male,32,25-34,United States,Jenniferberg,art
e1991,Male,31,25-34,United States,East Angelaberg,"health, photography, food"
e21d1,Male,30,25-34,United States,New Christopher,"fitness, photography"
e2f17,Male,32,25-34,United States,New Andrewburgh,news
e319b,Male,28,25-34,United States,Andrealand,"fitness, fashion"
e32f0,Male,30,25-34,United States,East William,sports
e35d9,Male,31,25-34,United States,North Sharonbury,"sports, travel, photography"
e3d2a,Male,33,25-34,United States,Travischester,"travel, food, fashion"
e450c,Male,33,25-34,United States,Jasonview,health
e4623,Male,28,25-34,United States,West Eugenechester,"fashion, health"
e4e7b,Male,32,25-34,United States,Hollyberg,finance
e4f71,Male,28,25-34,United States,Erikaton,"news, fashion"
e59a8,Male,33,25-34,United States,Davisview,"news, sports"
e66e4,Male,31,25-34,United States,Kellyfurt,art
e6846,Male,30,25-34,United States,Wagnerville,"fitness, gaming"
e6e05,Male,33,25-34,United States,Peterport,"fashion, health, photography"
e873f,Male,31,25-34,United States,Lake Markburgh,"health, technology"
ebfe3,Male,28,25-34,United States,New Catherinemouth,"technology, art, gaming"
ee8db,Male,28,25-34,United States,Port John,"finance, sports"
ee956,Male,33,25-34,United States,North Paulshire,"food, technology"
eee97,Male,34,25-34,United States,New Matthew,technology
ef248,Male,28,25-34,United States,Hunterport,"fitness, fashion"
ef4d0,Male,28,25-34,United States,New Madison,"gaming, finance, news"
f0179,Male,31,25-34,United States,North Brianhaven,lifestyle
f0801,Male,30,25-34,United States,Port Andreaborough,"travel, news, art"
f321d,Male,28,25-34,United States,Lake Billy,"technology, sports"
f3382,Male,34,25-34,United States,South Walter,"lifestyle, travel"
f4ac3,Male,31,25-34,United States,Ferrellfort,health
f69a3,Male,33,25-34,United States,West Jeremy,fashion
f6e4c,Male,32,25-34,United States,East Crystalville,"art, fashion, travel"
fb505,Male,31,25-34,United States,North Amy,lifestyle
fd458,Male,28,25-34,United States,Singhberg,art
fe4ad,Male,30,25-34,United States,Hollyside,"health, news"
ff684,Male,34,25-34,United States,New Davidberg,"photography, fashion"
ffcdd,Male,32,25-34,United States,Thompsonbury,"art, news, sports"
fff7c,Male,33,25-34,United States,South Cynthiashire,lifestyle
336,Female,25,25-34,United States,West Michael,fashion
7300,Female,27,25-34,United States,East Virginia,"sports, news"
9621,Female,31,25-34,United States,South Amy,"technology, fitness"
11135,Female,26,25-34,United States,Dianahaven,"travel, technology, finance"
14910,Female,27,25-34,United States,Cranehaven,gaming
17160,Female,27,25-34,United States,Andreatown,art
17552,Female,34,25-34,United States,Brownhaven,food
Feb-55,Female,34,25-34,United States,Joshuaborough,"art, food, lifestyle"
24191,Female,31,25-34,United States,North Josephland,photography
25948,Female,33,25-34,United States,North Heatherborough,gaming
27884,Female,33,25-34,United States,Jasonfurt,"finance, food, gaming"
31347,Female,31,25-34,United States,Steveshire,"gaming, sports"
32172,Female,25,25-34,United States,South Robertmouth,lifestyle
32387,Female,34,25-34,United States,East Patricia,finance
33426,Female,32,25-34,United States,Port Jenniferhaven,"technology, photography"
35370,Female,30,25-34,United States,Cruztown,"gaming, health"
36660,Female,27,25-34,United States,Mooremouth,"news, food"
38176,Female,30,25-34,United States,Ritafurt,"food, art, finance"
40545,Female,25,25-34,United States,New Lauraberg,"photography, sports"
43705,Female,34,25-34,United States,Whitneyfurt,"technology, fashion, finance"
43782,Female,34,25-34,United States,New Erica,"fitness, gaming, news"
44675,Female,26,25-34,United States,Montgomeryville,food
44870,Female,30,25-34,United States,Dayton,"photography, technology"
48579,Female,34,25-34,United States,North Andrew,technology
61325,Female,34,25-34,United States,South Veronicastad,"travel, sports, art"
62675,Female,27,25-34,United States,Lake Joshuaborough,health
62709,Female,28,25-34,United States,Luceroshire,"fashion, art, sports"
65124,Female,27,25-34,United States,Lake Charles,"health, photography"
7.00E+04,Female,27,25-34,United States,Jenniferberg,fashion
76529,Female,26,25-34,United States,Anthonyport,art
85699,Female,28,25-34,United States,West Charlesville,health
88229,Female,25,25-34,United States,Katrinaside,lifestyle
97127,Female,31,25-34,United States,Sarahtown,"fitness, fashion, food"
97786,Female,28,25-34,United States,Jamesstad,lifestyle
98232,Female,27,25-34,United States,South Jamesside,"travel, food, finance"
7.90E+08,Female,26,25-34,United States,Roweburgh,"fitness, sports, gaming"
6.43E+10,Female,33,25-34,United States,South Brett,technology
7.10E+20,Female,30,25-34,United States,Gomezhaven,"fitness, sports"
9.90E+24,Female,25,25-34,United States,Gonzalestown,"fitness, news"
7.00E+56,Female,28,25-34,United States,North Lawrencestad,fashion
4.70E+61,Female,27,25-34,United States,Port Luisfurt,news
3.00E+137,Female,28,25-34,United States,Wilkersonmouth,"photography, travel"
00f39,Female,29,25-34,United States,North Leeview,"travel, sports, fitness"
0287b,Female,26,25-34,United States,East Tamarafort,"gaming, lifestyle, health"
077f8,Female,28,25-34,United States,New Amyburgh,"travel, art"
0803c,Female,25,25-34,United States,Port Leonardport,health
0a1be,Female,26,25-34,United States,Houstonville,"news, sports, food"
0b810,Female,31,25-34,United States,New Brandi,"fashion, news"
0b93e,Female,28,25-34,United States,Durhamside,"health, art"
0c658,Female,34,25-34,United States,North Lisa,art
0c6d9,Female,30,25-34,United States,Davidbury,"fitness, gaming"
0d752,Female,26,25-34,United States,Amandastad,"news, fitness"
0ecad,Female,31,25-34,United States,Thomasview,"fashion, fitness, sports"
0eecb,Female,28,25-34,United States,South Anna,photography
0f4c0,Female,30,25-34,United States,New Jill,"news, technology"
0f5ee,Female,29,25-34,United States,West Eric,"photography, food, gaming"
0f6cc,Female,31,25-34,United States,Finleymouth,"gaming, finance"
0f758,Female,26,25-34,United States,Jillchester,photography
0f882,Female,27,25-34,United States,Lake Harrymouth,"fitness, food"
0fa96,Female,33,25-34,United States,Merrittborough,"lifestyle, art, photography"
0ff2f,Female,28,25-34,United States,Walterberg,photography
10db9,Female,25,25-34,United States,New Patrickport,"photography, travel, food"
110ca,Female,33,25-34,United States,Brownfurt,"finance, sports"
12d53,Female,32,25-34,United States,Autumnfurt,art
1649d,Female,26,25-34,United States,South Jeffreyton,"food, art"
165bc,Female,31,25-34,United States,South Jeremy,fashion
17ab1,Female,30,25-34,United States,Gregorychester,"travel, art, food"
18c50,Female,30,25-34,United States,Maynardfort,"fitness, lifestyle, food"
18d1d,Female,26,25-34,United States,North David,photography
191cb,Female,30,25-34,United States,Ashleyside,"fashion, food, lifestyle"
19f04,Female,28,25-34,United States,New Melissaborough,"travel, food"
1a2ec,Female,29,25-34,United States,Lake Caitlinchester,"finance, photography"
1a870,Female,30,25-34,United States,Lynchhaven,"lifestyle, travel, gaming"
1ac97,Female,29,25-34,United States,Patriciaview,"fitness, finance"
1ad51,Female,28,25-34,United States,New Anitahaven,"art, news"
1bd20,Female,25,25-34,United States,North Maryview,"gaming, photography, fitness"
1e8ca,Female,33,25-34,United States,Parkerfurt,"technology, food"
1ea34,Female,30,25-34,United States,East Leon,"sports, fashion"
1efd9,Female,29,25-34,United States,Lake Ernesttown,"food, travel"
1fa2b,Female,30,25-34,United States,Carolinefurt,news
2127f,Female,33,25-34,United States,West Meganmouth,news
22b4d,Female,30,25-34,United States,South Wendy,"fitness, gaming, technology"
23a43,Female,26,25-34,United States,North Destiny,"art, food"
242ff,Female,30,25-34,United States,North Alicia,"art, sports"
245ce,Female,30,25-34,United States,South Jamesfurt,lifestyle
248b4,Female,25,25-34,United States,Rebeccastad,"technology, lifestyle"
2580f,Female,27,25-34,United States,Lauraburgh,"fashion, lifestyle"
28bbe,Female,25,25-34,United States,Lake Ericbury,"gaming, technology, lifestyle"
290f0,Female,33,25-34,United States,Lambville,"photography, technology"
29c52,Female,34,25-34,United States,New Jane,sports
2a0d4,Female,25,25-34,United States,Michaelport,"fashion, lifestyle, sports"
2a492,Female,31,25-34,United States,New Mark,finance
2c3f3,Female,34,25-34,United States,Port Sarah,photography
2ee0f,Female,26,25-34,United States,Port Melissa,art
2fa59,Female,31,25-34,United States,South Kristen,"travel, art, photography"
33dbc,Female,25,25-34,United States,Brianaport,finance
35f0b,Female,31,25-34,United States,North Matthew,health
38eb3,Female,33,25-34,United States,Sanchezton,"lifestyle, travel, art"
3930c,Female,26,25-34,United States,North Laura,"photography, gaming"
394fd,Female,27,25-34,United States,Montgomeryport,"gaming, health, sports"
3968c,Female,25,25-34,United States,East Carolinechester,"food, health, news"
3accf,Female,26,25-34,United States,Lake Joseph,"fashion, art"
3b2fa,Female,31,25-34,United States,Ericmouth,"finance, fitness"
3b421,Female,26,25-34,United States,North Jill,"sports, photography"
3d7c3,Female,27,25-34,United States,East Melissa,health
3d92c,Female,32,25-34,United States,Timothytown,food
3e660,Female,27,25-34,United States,East Kristina,"news, finance, gaming"
3ea2c,Female,28,25-34,United States,Aaronville,"fashion, food"
3ed5a,Female,33,25-34,United States,Michaelland,travel
3f18e,Female,34,25-34,United States,Benjaminton,sports
3fb3b,Female,27,25-34,United States,Garrettville,"photography, gaming"
418db,Female,30,25-34,United States,Huntville,"fashion, lifestyle"
41c41,Female,33,25-34,United States,New Elizabeth,"fitness, art"
42ffc,Female,27,25-34,United States,Brennanmouth,"news, lifestyle, art"
45fe1,Female,33,25-34,United States,Mayochester,"finance, fitness"
4739c,Female,27,25-34,United States,South Scott,"fashion, travel, art"
480a3,Female,28,25-34,United States,New Kyliemouth,food
48ba9,Female,31,25-34,United States,Robertbury,"gaming, photography, art"
4ab54,Female,29,25-34,United States,Lake James,lifestyle
4b1e0,Female,29,25-34,United States,North Cheyenneside,"finance, art"
4b396,Female,29,25-34,United States,Kristastad,"news, art, finance"
4b5b3,Female,28,25-34,United States,Cervantestown,"travel, sports, food"
4bd6e,Female,32,25-34,United States,Lake Jessicaview,"food, photography, health"
4c4d1,Female,30,25-34,United States,Bakerland,gaming
4d100,Female,25,25-34,United States,North Jessica,"art, technology"
4d7a7,Female,27,25-34,United States,Spencerview,"sports, gaming, fashion"
4dc9d,Female,32,25-34,United States,Santanastad,photography
4f154,Female,28,25-34,United States,New David,"finance, lifestyle"
4f793,Female,25,25-34,United States,South Teresaton,"art, finance, fashion"
4fa87,Female,29,25-34,United States,Amandamouth,"health, technology, fitness"
4fd6f,Female,34,25-34,United States,Rebeccaberg,finance
500a1,Female,26,25-34,United States,East Tiffanystad,"sports, gaming, health"
501ed,Female,28,25-34,United States,East Marytown,finance
50a85,Female,33,25-34,United States,East Sherry,"fashion, food, gaming"
50bf7,Female,31,25-34,United States,Katherinestad,"fitness, technology"
5104d,Female,25,25-34,United States,South Crystalborough,"sports, fashion, food"
51ec6,Female,32,25-34,United States,Wilsonfurt,"lifestyle, fitness"
52cd2,Female,27,25-34,United States,Martinezland,"lifestyle, photography"
52dd0,Female,28,25-34,United States,Sherimouth,"sports, fashion"
531a8,Female,31,25-34,United States,Crystalview,"food, fashion"
535ba,Female,33,25-34,United States,Beckland,lifestyle
56b0b,Female,25,25-34,United States,Benjaminstad,"sports, technology"
56cf7,Female,34,25-34,United States,Port Benjamin,"art, news, photography"
57a7e,Female,25,25-34,United States,Wileyhaven,health
57cd1,Female,34,25-34,United States,West Thomasmouth,photography
58f85,Female,29,25-34,United States,Andrewshire,photography
5a4e0,Female,33,25-34,United States,North Sydney,"technology, fitness"
5ad8b,Female,32,25-34,United States,Hendersonberg,health
5b6a8,Female,27,25-34,United States,Reneeburgh,"travel, art, lifestyle"
5b6b0,Female,27,25-34,United States,Yvonneborough,"health, sports, technology"
5c6d9,Female,29,25-34,United States,Patrickhaven,"art, sports, health"
5ce65,Female,27,25-34,United States,Holtburgh,"health, photography"
5d231,Female,31,25-34,United States,Leechester,"gaming, art"
5d35a,Female,26,25-34,United States,Huntmouth,"gaming, travel"
5f19f,Female,27,25-34,United States,West Melissa,lifestyle
5f72c,Female,33,25-34,United States,Port Joanshire,"food, lifestyle"
5f854,Female,25,25-34,United States,East Tracyfurt,sports
61b03,Female,26,25-34,United States,Port Nancy,"fitness, food"
632c6,Female,26,25-34,United States,Davidland,"finance, gaming"
634ed,Female,33,25-34,United States,Bensonburgh,"technology, fitness, news"
63dc3,Female,26,25-34,United States,East Joseph,"lifestyle, sports, technology"
6570f,Female,25,25-34,United States,Port Markmouth,technology
65ce7,Female,25,25-34,United States,East Mariahburgh,news
68f32,Female,26,25-34,United States,New Michael,"fitness, health"
692b3,Female,33,25-34,United States,Michaelhaven,"lifestyle, sports, gaming"
693aa,Female,25,25-34,United States,Wrightmouth,"gaming, technology"
69f63,Female,33,25-34,United States,Garciahaven,"photography, technology, lifestyle"
6ad17,Female,33,25-34,United States,Michellebury,"news, gaming"
6ae90,Female,34,25-34,United States,Dustinfurt,"art, gaming"
6bccc,Female,29,25-34,United States,Shawnside,"fashion, gaming, news"
6c1e6,Female,33,25-34,United States,Davistown,"finance, technology, gaming"
6d77d,Female,29,25-34,United States,Robinsonland,"lifestyle, fitness, sports"
6d7d0,Female,25,25-34,United States,Hensonstad,"finance, technology, gaming"
6da2d,Female,31,25-34,United States,North Ericshire,"fashion, gaming, fitness"
6db8b,Female,25,25-34,United States,Mercadoberg,health
6e48b,Female,31,25-34,United States,Adammouth,"technology, gaming, lifestyle"
6f1b8,Female,27,25-34,United States,Pierceside,"technology, finance"
6fa4c,Female,30,25-34,United States,Leeburgh,fashion
6ff56,Female,26,25-34,United States,Christopherfort,"photography, finance"
70a5d,Female,29,25-34,United States,Bradleyville,"news, food"
70a6a,Female,28,25-34,United States,Lake Tracy,"fitness, fashion, photography"
7286a,Female,28,25-34,United States,Victoriashire,"photography, health, gaming"
72b5f,Female,29,25-34,United States,South Dawnshire,photography
73d7b,Female,27,25-34,United States,Lake Aaron,"finance, sports"
74b18,Female,28,25-34,United States,Port Denise,fashion
7523d,Female,31,25-34,United States,East Autumn,art
7659f,Female,32,25-34,United States,North Sharonport,"sports, news, photography"
7746c,Female,33,25-34,United States,Charlotteshire,"fashion, health, photography"
77cfa,Female,31,25-34,United States,Hughesburgh,"gaming, photography"
77e2f,Female,34,25-34,United States,Reedmouth,fashion
78f94,Female,31,25-34,United States,Smithside,"travel, food, health"
795ce,Female,26,25-34,United States,East Micheleshire,"food, news"
796bc,Female,33,25-34,United States,North Rebecca,"news, art, fitness"
7a45e,Female,27,25-34,United States,Lake Paula,"sports, art"
7b4d1,Female,29,25-34,United States,Port Matthewshire,"art, sports"
7bad5,Female,28,25-34,United States,Hernandezmouth,art
7bc9f,Female,27,25-34,United States,North Davidton,"sports, travel"
7d000,Female,30,25-34,United States,Lake Tyler,"finance, news, fitness"
7d79e,Female,27,25-34,United States,West Luisstad,"health, food"
7ed07,Female,31,25-34,United States,Nicoleburgh,"fitness, photography, gaming"
8213b,Female,29,25-34,United States,New Joshuaton,lifestyle
8321e,Female,26,25-34,United States,Lake Carmenfort,"gaming, sports, news"
8538c,Female,25,25-34,United States,West Aprilchester,"lifestyle, health"
8559c,Female,31,25-34,United States,Johnsonshire,art
85a74,Female,30,25-34,United States,Port Josephburgh,food
85d91,Female,34,25-34,United States,Aaronborough,"gaming, news"
86b4c,Female,29,25-34,United States,Port Ritaville,travel
8852e,Female,30,25-34,United States,Georgeview,"gaming, sports, travel"
892ff,Female,31,25-34,United States,West Joseph,"health, art"
8941a,Female,25,25-34,United States,South Elizabeth,"finance, gaming"
8ad8a,Female,28,25-34,United States,Judithton,"food, news"
8b5e9,Female,28,25-34,United States,Fryebury,"fitness, travel, art"
8ba28,Female,27,25-34,United States,West Lisatown,"photography, travel, health"
8be1d,Female,27,25-34,United States,Lake David,"technology, photography, health"
8c71e,Female,26,25-34,United States,South Stephenborough,"health, art, travel"
8cd2c,Female,32,25-34,United States,Christinaside,health
8cd3d,Female,31,25-34,United States,North Jesse,"art, news, fitness"
8dc89,Female,28,25-34,United States,Davisborough,"finance, sports, health"
8e3a7,Female,28,25-34,United States,Jameston,"sports, fitness"
8e8d3,Female,32,25-34,United States,Ortizview,"fitness, technology, food"
8fe40,Female,28,25-34,United States,Jeffbury,sports
9052d,Female,30,25-34,United States,Lopezchester,"finance, gaming"
912f5,Female,34,25-34,United States,Jonathantown,travel
919ee,Female,26,25-34,United States,West Andrew,travel
927b0,Female,31,25-34,United States,Staceyton,"sports, food"
961d9,Female,28,25-34,United States,Higginsfurt,"health, fitness"
972f1,Female,29,25-34,United States,Davidshire,"finance, gaming, news"
987a6,Female,27,25-34,United States,Lake Josephstad,"fitness, news, fashion"
99d7a,Female,31,25-34,United States,Port Micheleview,health
9a445,Female,25,25-34,United States,Dylanchester,"sports, travel, food"
9a4ac,Female,30,25-34,United States,Jerryport,"technology, travel"
9a5ed,Female,32,25-34,United States,East Ericville,finance
9a832,Female,25,25-34,United States,South Cameronport,photography
9b3dd,Female,25,25-34,United States,Riverachester,"news, sports, finance"
9bdaa,Female,27,25-34,United States,Juanburgh,food
9c467,Female,25,25-34,United States,Brianport,"health, news"
9dd9b,Female,28,25-34,United States,Wolfborough,"art, lifestyle, sports"
9e701,Female,26,25-34,United States,Richardland,"fashion, travel"
9ea62,Female,29,25-34,United States,Thomastown,"fitness, fashion, gaming"
9ee31,Female,31,25-34,United States,West Brittanyland,"health, lifestyle, finance"
9efca,Female,26,25-34,United States,Port Michael,"travel, news"
9f98b,Female,25,25-34,United States,Monicaton,"fitness, photography, gaming"
9fbcc,Female,30,25-34,United States,East Crystalmouth,"art, fashion, finance"
a012f,Female,27,25-34,United States,Port Christineville,"lifestyle, technology"
a08c1,Female,28,25-34,United States,Candicestad,"photography, finance, lifestyle"
a13ee,Female,26,25-34,United States,North Dennis,"news, finance"
a1c84,Female,26,25-34,United States,Allenland,"fashion, technology, travel"
a38e6,Female,30,25-34,United States,Huertaborough,sports
a39c6,Female,27,25-34,United States,North David,fashion
a4acc,Female,32,25-34,United States,Aimeemouth,"fashion, lifestyle, finance"
a58f7,Female,32,25-34,United States,Hollyberg,art
a63d7,Female,28,25-34,United States,Phillipsstad,"health, news"
a6bc9,Female,33,25-34,United States,Stephanieborough,travel
a7409,Female,29,25-34,United States,Angelatown,gaming
a91a3,Female,26,25-34,United States,Kaylafort,"health, finance"
aaa1a,Female,33,25-34,United States,East Mauricechester,"fashion, art, travel"
aaa5e,Female,34,25-34,United States,Kristenfort,"technology, travel, fitness"
aab12,Female,33,25-34,United States,North Vanessashire,fashion
aab94,Female,30,25-34,United States,West James,"fitness, technology"
ac637,Female,30,25-34,United States,West Joyce,sports
acd77,Female,31,25-34,United States,Ellenberg,"travel, art"
ad405,Female,29,25-34,United States,Lake Natasha,"fashion, lifestyle, photography"
ad839,Female,27,25-34,United States,Heathershire,travel
ae061,Female,30,25-34,United States,North Gail,"finance, news, fashion"
af610,Female,31,25-34,United States,Williamside,"art, sports"
afd95,Female,27,25-34,United States,Brandymouth,"gaming, technology, fashion"
b11c1,Female,27,25-34,United States,New Steven,health
b1b72,Female,32,25-34,United States,Port Jodyborough,gaming
b24c3,Female,26,25-34,United States,Daviston,technology
b2721,Female,25,25-34,United States,Meyerburgh,"health, news"
b4c92,Female,28,25-34,United States,Murphyville,"lifestyle, health, fitness"
b4e95,Female,34,25-34,United States,Alexanderfurt,finance
b53a4,Female,33,25-34,United States,South Amber,"lifestyle, finance, sports"
b5655,Female,29,25-34,United States,Paulburgh,"art, fitness"
b5ab7,Female,26,25-34,United States,Lake Lisa,art
b60f8,Female,28,25-34,United States,Amandaview,"health, fitness, news"
b6e8f,Female,30,25-34,United States,Edwardsside,"lifestyle, finance, technology"
b755d,Female,29,25-34,United States,South Caitlinside,"news, travel"
b7dea,Female,26,25-34,United States,West Heidi,"finance, lifestyle, photography"
b81a9,Female,29,25-34,United States,Stevensberg,"sports, photography"
b81d2,Female,27,25-34,United States,Michaelport,"fashion, technology, fitness"
baf66,Female,25,25-34,United States,West Jose,"travel, finance"
bc8ac,Female,28,25-34,United States,Lake Shawn,"photography, health"
bcef6,Female,28,25-34,United States,Reedfurt,"news, food"
bd740,Female,28,25-34,United States,Stacyton,"news, fitness, art"
be0f1,Female,32,25-34,United States,Garciashire,"technology, food"
bfbf3,Female,26,25-34,United States,Allenside,"gaming, lifestyle, technology"
c10a7,Female,30,25-34,United States,Lake Lindsay,sports
c2449,Female,27,25-34,United States,Port Alexis,photography
c4afb,Female,27,25-34,United States,Melanieberg,"art, fashion"
c4b45,Female,33,25-34,United States,Novakborough,"fashion, finance"
c5650,Female,30,25-34,United States,North Jaclynstad,art
c61da,Female,32,25-34,United States,Darlenechester,fitness
c7225,Female,30,25-34,United States,Michaelfurt,"travel, art"
c7637,Female,25,25-34,United States,Ballardbury,"health, art"
c7f47,Female,29,25-34,United States,East Connieville,"fashion, photography, gaming"
c8bbb,Female,32,25-34,United States,Meganfort,gaming
c8e5c,Female,34,25-34,United States,Wintersview,"travel, health"
c8f31,Female,32,25-34,United States,Fowlershire,"travel, sports"
ca50e,Female,27,25-34,United States,Lake Markfort,finance
cc70e,Female,33,25-34,United States,Lake Sarah,"sports, fitness"
cd15c,Female,25,25-34,United States,Lake Scottmouth,"photography, lifestyle, food"
cd5bd,Female,26,25-34,United States,Robinsonshire,"food, health, technology"
cdd16,Female,29,25-34,United States,Tinafort,"fashion, lifestyle"
cddd8,Female,33,25-34,United States,Kathleenmouth,"gaming, technology"
ce6a0,Female,34,25-34,United States,Lopezmouth,food
cef97,Female,25,25-34,United States,Eugenestad,lifestyle
cfd8d,Female,30,25-34,United States,Lake Monica,fitness
cfeee,Female,29,25-34,United States,Christinefort,"sports, health"
d0326,Female,31,25-34,United States,Martinmouth,"art, fitness, technology"
d0820,Female,31,25-34,United States,Port Christopherstad,fashion
d17aa,Female,29,25-34,United States,Baileymouth,"food, photography, news"
d1ce9,Female,27,25-34,United States,Timothybury,"travel, photography"
d1fb2,Female,26,25-34,United States,Blairberg,"gaming, photography"
d2129,Female,26,25-34,United States,Heidiport,"travel, health"
d4a13,Female,26,25-34,United States,South Samantha,"photography, health"
d5179,Female,25,25-34,United States,New Leemouth,fitness
d5251,Female,31,25-34,United States,North Rebekahside,art
d5b37,Female,29,25-34,United States,New Sandra,photography
d73e0,Female,26,25-34,United States,Janetberg,"travel, lifestyle"
d79a2,Female,25,25-34,United States,Bellville,"technology, sports"
d7dd4,Female,30,25-34,United States,Port Darrellberg,"news, sports"
d81da,Female,26,25-34,United States,Kelleyberg,lifestyle
d8e09,Female,28,25-34,United States,Nashton,"fashion, travel"
d949a,Female,26,25-34,United States,Padillaville,art
d9d33,Female,34,25-34,United States,South Herbertton,fitness
da699,Female,29,25-34,United States,New Joshuaborough,sports
dadd4,Female,32,25-34,United States,Port Victoria,gaming
db5da,Female,25,25-34,United States,Archerberg,"gaming, finance"
db6e0,Female,28,25-34,United States,Morganland,"gaming, sports"
dbcce,Female,27,25-34,United States,Mccannshire,"travel, finance, lifestyle"
dc79f,Female,33,25-34,United States,Thompsonfurt,fashion
dcb33,Female,27,25-34,United States,Lesliebury,food
dd208,Female,32,25-34,United States,Kelseybury,"fitness, lifestyle, food"
de2b0,Female,28,25-34,United States,North Amymouth,lifestyle
debed,Female,28,25-34,United States,South Jessicashire,"travel, news, finance"
df45b,Female,30,25-34,United States,South Stephanieview,news
df525,Female,31,25-34,United States,Lake John,"fashion, travel"
df5b6,Female,31,25-34,United States,Jordanstad,"health, news, technology"
dff73,Female,26,25-34,United States,Katherinestad,news
e1399,Female,31,25-34,United States,Wardhaven,finance
e245c,Female,31,25-34,United States,Francesfurt,"sports, technology"
e2c81,Female,27,25-34,United States,Littlestad,"gaming, news"
e3afc,Female,29,25-34,United States,Carolview,"food, news, art"
e3c8b,Female,26,25-34,United States,Lake Robert,fitness
e3d8a,Female,33,25-34,United States,Christinaborough,"health, food"
e44bc,Female,27,25-34,United States,Robertshaven,"news, fitness"
e4eed,Female,30,25-34,United States,North Lisamouth,sports
e5ef2,Female,28,25-34,United States,Olsonchester,"lifestyle, fitness"
e66a8,Female,29,25-34,United States,East Seth,"lifestyle, fitness, technology"
ea29a,Female,29,25-34,United States,North Derekfurt,"art, finance, fashion"
ea34a,Female,32,25-34,United States,Williamsfurt,health
ea477,Female,30,25-34,United States,Smithview,"art, technology, finance"
ea9ed,Female,31,25-34,United States,Markview,finance
eb96f,Female,26,25-34,United States,Joymouth,"food, health"
ebec6,Female,30,25-34,United States,Williamshire,"photography, art, lifestyle"
ec3d4,Female,26,25-34,United States,Wallacemouth,"sports, technology, lifestyle"
ed159,Female,33,25-34,United States,Conniemouth,"lifestyle, art, photography"
ed359,Female,32,25-34,United States,Stevenview,fashion
ed59a,Female,28,25-34,United States,West Nicholas,"finance, lifestyle, technology"
ee144,Female,32,25-34,United States,Port Phillip,"photography, gaming"
ee6f8,Female,31,25-34,United States,Markfort,"fashion, fitness, finance"
f324c,Female,25,25-34,United States,North Brettton,photography
f3576,Female,25,25-34,United States,South Chad,"technology, food, health"
f3861,Female,32,25-34,United States,Barrberg,finance
f431f,Female,34,25-34,United States,Tinastad,"fashion, photography, food"
f4785,Female,30,25-34,United States,Port Michael,"news, technology"
f4957,Female,25,25-34,United States,East Susan,lifestyle
f49e6,Female,25,25-34,United States,Haydenberg,"fitness, sports, finance"
f56d8,Female,25,25-34,United States,Jameston,sports
f68c7,Female,29,25-34,United States,Gregoryview,"fashion, health, lifestyle"
f71dc,Female,25,25-34,United States,Ortizstad,"sports, technology, gaming"
f727e,Female,26,25-34,United States,East Maria,"technology, fitness, lifestyle"
f7629,Female,30,25-34,United States,West Shawnaport,travel
f7a0b,Female,27,25-34,United States,New Loritown,"art, health, technology"
f831a,Female,34,25-34,United States,Nathanielburgh,"food, lifestyle, art"
f8a11,Female,30,25-34,United States,Bradleymouth,"food, travel, art"
f91b0,Female,30,25-34,United States,Hamiltonville,"art, travel, fashion"
f940f,Female,31,25-34,United States,South David,"gaming, fashion"
f971c,Female,30,25-34,United States,Angelabury,photography
f97fd,Female,30,25-34,United States,New Veronica,health
f9c67,Female,30,25-34,United States,Meyersland,"photography, finance"
fa00d,Female,26,25-34,United States,Johnsonmouth,"photography, food"
fb36a,Female,27,25-34,United States,Port Scottfurt,"technology, art"
fc7a7,Female,25,25-34,United States,Port Spencer,"photography, news, lifestyle"
fc7cf,Female,25,25-34,United States,East Patriciachester,technology
fcce0,Female,25,25-34,United States,West Micheleborough,technology
fd27e,Female,26,25-34,United States,East Nancy,"technology, lifestyle"
fd647,Female,27,25-34,United States,Port Tiffany,finance
fd971,Female,34,25-34,United States,Baileyshire,"sports, technology, finance"
fe26c,Female,32,25-34,United States,West Danielchester,health
fe4c2,Female,29,25-34,United States,South Staceyland,"fashion, health, sports"
fea87,Female,29,25-34,United States,Andrewhaven,"gaming, finance, sports"
ff1c9,Female,30,25-34,United States,Port Maryborough,technology
ff30f,Female,26,25-34,United States,North Sarah,"fitness, food, art"
ff718,Female,26,25-34,United States,Bradleyville,"health, gaming"
ff738,Female,29,25-34,United States,South Staceymouth,"fitness, news, gaming"
11025,Other,31,25-34,United States,North Ericview,"lifestyle, news, travel"
11411,Other,33,25-34,United States,Richardport,"technology, art"
21270,Other,31,25-34,United States,Lake Daniellebury,"lifestyle, news, fitness"
26334,Other,34,25-34,United States,New Paula,"sports, technology, travel"
39196,Other,31,25-34,United States,West Susan,"food, art"
44526,Other,26,25-34,United States,Tammystad,finance
52656,Other,34,25-34,United States,Jamesstad,"health, gaming, fitness"
60219,Other,27,25-34,United States,Wilsonstad,"lifestyle, gaming, sports"
69719,Other,30,25-34,United States,West Williamville,"sports, news, photography"
70627,Other,32,25-34,United States,Huntmouth,"sports, fitness, technology"
76008,Other,28,25-34,United States,North Jasonstad,"travel, art"
76654,Other,25,25-34,United States,Port David,finance
79185,Other,34,25-34,United States,Claireview,"photography, news"
79939,Other,29,25-34,United States,Thompsonchester,"finance, photography, fashion"
81554,Other,27,25-34,United States,East Jonathan,sports
1.00E+33,Other,28,25-34,United States,North Jennifer,"health, gaming, fashion"
1.00E+155,Other,26,25-34,United States,Port Kevinberg,"fashion, health"
0276b,Other,26,25-34,United States,Harrisonfurt,gaming
05f2f,Other,31,25-34,United States,Michaelhaven,"finance, food, sports"
0ae1d,Other,30,25-34,United States,Tranfurt,"art, lifestyle, photography"
0c080,Other,30,25-34,United States,Danielsburgh,"news, lifestyle, food"
0cad0,Other,28,25-34,United States,Port Johnborough,"technology, travel"
0f617,Other,25,25-34,United States,Port Sarahstad,"food, lifestyle"
10f0d,Other,30,25-34,United States,Port Lisamouth,"fitness, news, technology"
1ae33,Other,29,25-34,United States,Port Regina,finance
1effb,Other,25,25-34,United States,Carlview,"sports, fashion, travel"
2219d,Other,30,25-34,United States,Fordfurt,news
270df,Other,28,25-34,United States,Washingtonchester,"finance, art, news"
28bb1,Other,27,25-34,United States,South Alicia,travel
2b498,Other,29,25-34,United States,Lake Angela,"photography, lifestyle"
2bddf,Other,25,25-34,United States,East April,"fitness, food"
2d2d0,Other,27,25-34,United States,Port Danielton,"travel, sports"
2da4d,Other,28,25-34,United States,Francisside,"finance, gaming"
2e1e5,Other,31,25-34,United States,Henryberg,"food, art, fashion"
2e9b2,Other,28,25-34,United States,Lake David,"food, sports, art"
2eaa1,Other,34,25-34,United States,Meganbury,"art, finance, fitness"
33d2e,Other,27,25-34,United States,Larsonfort,technology
386f2,Other,26,25-34,United States,Harrismouth,fashion
406c1,Other,29,25-34,United States,South Margaret,"gaming, travel"
41e0a,Other,32,25-34,United States,Port Raymondstad,"photography, health, food"
44ab8,Other,28,25-34,United States,West Coreymouth,finance
45f48,Other,32,25-34,United States,Joneston,"sports, lifestyle"
46a35,Other,28,25-34,United States,South Diana,"health, food"
471ab,Other,32,25-34,United States,Higginsmouth,"art, photography, sports"
4a8ef,Other,28,25-34,United States,Port Marcusside,"gaming, photography, finance"
4ce12,Other,28,25-34,United States,Gloriaport,"news, travel"
4e683,Other,25,25-34,United States,West Randallview,"photography, news"
534da,Other,25,25-34,United States,West Kimberly,"food, technology"
537c3,Other,25,25-34,United States,Jeremyburgh,lifestyle
583bb,Other,28,25-34,United States,North Veronica,"fitness, photography"
600c8,Other,28,25-34,United States,Cassidyville,"fitness, health"
61a80,Other,33,25-34,United States,Tuckerview,"travel, photography, food"
64e9e,Other,28,25-34,United States,Anthonytown,"fashion, health"
65efa,Other,34,25-34,United States,Justinstad,"photography, sports, fitness"
65fb9,Other,28,25-34,United States,Lake Elizabeth,"travel, photography, art"
67b50,Other,25,25-34,United States,South Kevinland,"art, sports"
68a1d,Other,26,25-34,United States,East Michael,lifestyle
6a3fd,Other,29,25-34,United States,New Victoria,finance
6b99b,Other,28,25-34,United States,Danielchester,"art, health, finance"
6d0cd,Other,25,25-34,United States,South Tracy,"fitness, lifestyle"
6d50a,Other,29,25-34,United States,New Laurie,"finance, art, health"
6d673,Other,27,25-34,United States,South Jeffport,food
734fd,Other,34,25-34,United States,Brettfurt,"fitness, lifestyle, finance"
79c08,Other,33,25-34,United States,Port Brandonton,"photography, sports, fitness"
7bced,Other,27,25-34,United States,Shafferberg,"travel, sports, fitness"
7cb76,Other,26,25-34,United States,Port Wendyport,"finance, food"
7f6c9,Other,28,25-34,United States,Thomasport,"food, photography, sports"
824f1,Other,28,25-34,United States,Lake Thomasburgh,"health, sports, finance"
873ea,Other,27,25-34,United States,Andersonport,"finance, sports"
87ddd,Other,33,25-34,United States,Smithmouth,health
8a9f6,Other,34,25-34,United States,North Frederickfurt,photography
8aee0,Other,28,25-34,United States,Tracyborough,"sports, photography, technology"
8ea60,Other,27,25-34,United States,West Krista,"fitness, food"
91c44,Other,27,25-34,United States,South Tammy,"gaming, art"
96eda,Other,25,25-34,United States,East Jordanton,"technology, food"
984bf,Other,34,25-34,United States,Melvinfurt,lifestyle
9c9f1,Other,27,25-34,United States,New Amanda,"fashion, travel, food"
9f6a2,Other,26,25-34,United States,South Stephanieburgh,health
9fc3b,Other,31,25-34,United States,Jamesview,health
a383f,Other,27,25-34,United States,Vincentton,"gaming, sports, news"
a667d,Other,28,25-34,United States,West Nathanielhaven,"technology, news"
a8290,Other,30,25-34,United States,New Patricia,"food, news, fitness"
b018d,Other,34,25-34,United States,New Dorothy,health
b195b,Other,29,25-34,United States,Tammyfurt,sports
b66a0,Other,33,25-34,United States,Lake Eric,"technology, art"
b9530,Other,33,25-34,United States,Turnerfort,"news, technology, travel"
ba47f,Other,25,25-34,United States,Lake Alan,"fitness, technology"
bb9ca,Other,26,25-34,United States,Smithburgh,"sports, news, finance"
bcf26,Other,27,25-34,United States,Floresberg,"finance, fashion, lifestyle"
be8e6,Other,34,25-34,United States,Port Andrewport,health
c129c,Other,27,25-34,United States,Hartside,"fashion, art, travel"
c29bb,Other,33,25-34,United States,West Dennis,technology
c35a2,Other,27,25-34,United States,West Caitlin,"technology, photography"
c43c5,Other,29,25-34,United States,West Kenneth,art
c4ffd,Other,28,25-34,United States,Port James,"fitness, health, gaming"
c65ba,Other,29,25-34,United States,East Brianstad,"gaming, news, travel"
c86ab,Other,30,25-34,United States,Port Charles,"lifestyle, art, news"
cb14c,Other,30,25-34,United States,Kristenland,travel
cf5f8,Other,33,25-34,United States,Clarkview,technology
cfdd2,Other,26,25-34,United States,Jasonhaven,"technology, sports"
d1d37,Other,34,25-34,United States,North Antonioview,photography
d27d6,Other,32,25-34,United States,Sallyport,"food, technology, sports"
d57ee,Other,25,25-34,United States,Danielchester,travel
d5963,Other,31,25-34,United States,North Susanton,health
d6fd3,Other,31,25-34,United States,Rogersville,"gaming, technology, fitness"
dacee,Other,27,25-34,United States,Dukeberg,"photography, sports, health"
db650,Other,29,25-34,United States,Brandonstad,"art, sports"
e0b93,Other,28,25-34,United States,Port Victoria,"news, sports, gaming"
e0f88,Other,28,25-34,United States,South Markton,"photography, news"
e563e,Other,34,25-34,United States,West Jason,art
e876c,Other,30,25-34,United States,East Stephanie,"gaming, sports"
ec0f9,Other,26,25-34,United States,Waltonfurt,"sports, fitness"
ecb93,Other,28,25-34,United States,Mckenziefort,news
ecd17,Other,34,25-34,United States,Lake Marybury,news
ed1f3,Other,25,25-34,United States,Carrilloborough,"sports, news, health"
ed9be,Other,30,25-34,United States,Contrerastown,gaming
edf34,Other,30,25-34,United States,Williamsville,"travel, news, fitness"
eff5e,Other,26,25-34,United States,Port Christopherport,"photography, food"
f0892,Other,34,25-34,United States,East Baileymouth,sports
f2dd5,Other,28,25-34,United States,East Justin,"finance, art"
f2fda,Other,33,25-34,United States,Carrieside,"photography, news"
f3de8,Other,31,25-34,United States,Hillchester,"photography, fashion"
f4a07,Other,27,25-34,United States,Stevenmouth,"travel, gaming, sports"
f5489,Other,29,25-34,United States,Hobbschester,gaming
f5639,Other,25,25-34,United States,Russellton,"lifestyle, technology"
f7999,Other,25,25-34,United States,Port Manuelport,gaming
f8187,Other,33,25-34,United States,East Jennifermouth,news
f8b51,Other,34,25-34,United States,West James,"health, fashion, finance"
f8d00,Other,30,25-34,United States,Mendozafurt,finance
f971d,Other,33,25-34,United States,Katrinastad,"art, fashion"
fd1ba,Other,30,25-34,United States,Port Fernandoville,"art, health"
fe903,Other,30,25-34,United States,New Jessicaborough,health
ff48d,Other,25,25-34,United States,Hollyfort,"fashion, health, lifestyle"
1049,Other,26,25-34,Brazil,South Robertbury,finance
1512,Other,25,25-34,Mexico,Stephanieburgh,health
5097,Other,30,25-34,Germany,South Crystal,"health, technology, finance"
5330,Other,28,25-34,Canada,Port Nicole,"finance, gaming, news"
7960,Other,32,25-34,Japan,West Mary,"health, finance, fashion"
14419,Other,28,25-34,India,New Donna,"finance, fashion"
18792,Other,29,25-34,India,New Chad,"art, news, food"
20254,Other,31,25-34,Canada,Port Colleen,sports
22696,Other,26,25-34,United Kingdom,West Kimberly,gaming
29752,Other,32,25-34,Australia,Rachelfort,"fashion, travel, food"
32614,Other,27,25-34,Canada,North Marymouth,technology
36274,Other,30,25-34,Japan,New Megan,"news, fashion"
43538,Other,32,25-34,Canada,South Garychester,"sports, fashion"
45698,Other,30,25-34,Japan,Chaseville,"health, technology"
49037,Other,31,25-34,Canada,Lake Victoria,"food, health, finance"
50286,Other,31,25-34,Canada,Hooverfurt,finance
51155,Other,28,25-34,Canada,South Jonathanport,"travel, fashion"
55839,Other,33,25-34,Germany,Fowlerport,"food, lifestyle"
56749,Other,34,25-34,Germany,Lake Pamela,"gaming, technology, sports"
60664,Other,31,25-34,Australia,Lake Erinburgh,"finance, travel, fashion"
60856,Other,30,25-34,Australia,Riggsland,"lifestyle, news, fashion"
63640,Other,34,25-34,Germany,Joshuamouth,finance
64419,Other,26,25-34,Australia,Jacobmouth,"gaming, art, health"
67650,Other,28,25-34,Canada,South Brianaport,technology
71340,Other,31,25-34,Australia,Philipton,"gaming, technology"
76046,Other,30,25-34,Canada,Port Katie,"art, health"
80765,Other,25,25-34,India,West Michael,"fashion, lifestyle, gaming"
83934,Other,34,25-34,Australia,Hurstberg,"food, news"
84150,Other,28,25-34,France,Stricklandmouth,"art, travel"
96289,Other,26,25-34,France,Griffintown,fitness
3.09E+08,Other,29,25-34,France,South Michaelmouth,photography
3.24E+08,Other,31,25-34,Canada,Stevenburgh,technology
4.00E+13,Other,30,25-34,India,Port Daletown,"food, travel"
3.70E+18,Other,29,25-34,Canada,Justinport,"fitness, travel, health"
1.20E+74,Other,26,25-34,Germany,Lake Joseph,"health, fashion"
7.50E+98,Other,27,25-34,Mexico,Stephanieshire,health
007b8,Other,27,25-34,Australia,Castilloside,"sports, health"
00ddd,Other,32,25-34,India,Lake Crystalborough,"finance, travel, art"
00ecc,Other,28,25-34,Australia,Dunnmouth,photography
018cf,Other,29,25-34,Brazil,Kristinfort,"gaming, technology, health"
046b3,Other,34,25-34,Australia,Stephenmouth,finance
051ff,Other,27,25-34,France,West Philip,"technology, health"
062b2,Other,28,25-34,Germany,North Crystalberg,"art, lifestyle"
06bad,Other,25,25-34,France,Cobbside,"sports, fitness"
07b9c,Other,32,25-34,Canada,Jocelynmouth,"health, travel"
08f24,Other,26,25-34,Brazil,Simmonsview,"sports, technology"
098a5,Other,30,25-34,Germany,Cynthiatown,"fashion, lifestyle"
0a4ef,Other,30,25-34,India,Lloydfurt,"sports, lifestyle, finance"
0ad95,Other,34,25-34,India,Chambersfurt,"health, food, news"
0bc5c,Other,27,25-34,United Kingdom,Lake Nathanmouth,fashion
0be73,Other,26,25-34,Brazil,Wernerberg,"travel, technology"
0ca44,Other,28,25-34,United Kingdom,Madisonburgh,"fashion, photography, news"
0d3fb,Other,26,25-34,Japan,Port Paige,sports
0d765,Other,27,25-34,Mexico,Paulstad,finance
0dbfc,Other,29,25-34,Japan,Carrollland,news
0e59b,Other,33,25-34,Canada,Melissaport,fitness
0f5f5,Other,29,25-34,United Kingdom,North Maria,"technology, finance"
1079a,Other,29,25-34,India,Brownshire,"health, art, finance"
1191f,Other,29,25-34,Mexico,South Chadport,"health, photography"
11eb1,Other,32,25-34,Germany,Oneillchester,"gaming, finance"
1278c,Other,28,25-34,Australia,Murphychester,"lifestyle, travel"
12e2d,Other,26,25-34,Germany,West Jenniferborough,"fitness, travel, finance"
1324a,Other,31,25-34,Germany,Nicholsside,travel
14c74,Other,29,25-34,Japan,New Adamchester,"fitness, fashion"
15ca0,Other,27,25-34,Japan,Allenfurt,technology
1875d,Other,31,25-34,Canada,Gregoryland,"fitness, food"
1904c,Other,34,25-34,Canada,Lake Lisaburgh,"finance, art, food"
195ac,Other,27,25-34,Japan,North Jenniferside,"art, fashion"
1ade3,Other,31,25-34,United Kingdom,West Katie,"fashion, photography, health"
1b135,Other,26,25-34,Mexico,West Tracymouth,food
1b9ae,Other,25,25-34,Germany,New Tammie,"photography, food, finance"
1bf1d,Other,34,25-34,Germany,Jasonmouth,"fashion, news"
1ce18,Other,32,25-34,Brazil,Lake Tyler,"finance, travel"
1e2b5,Other,32,25-34,Australia,Collinsview,"technology, art"
200cc,Other,31,25-34,Germany,Michaelhaven,"finance, news"
20c0b,Other,29,25-34,Canada,Baileychester,fitness
20d74,Other,32,25-34,Mexico,North Jeremy,fashion
216a6,Other,29,25-34,Germany,Caseyfurt,"travel, technology, fashion"
21b10,Other,27,25-34,France,North Shannon,"lifestyle, gaming, news"
229fe,Other,30,25-34,United Kingdom,Lawrencechester,fashion
235d7,Other,26,25-34,United Kingdom,Jenniferborough,"fashion, health"
24e5d,Other,30,25-34,India,Lake Matthewmouth,"fashion, lifestyle, news"
253d1,Other,33,25-34,Australia,East Dana,news
25a71,Other,26,25-34,United Kingdom,Rebeccafurt,travel
25f2f,Other,26,25-34,United Kingdom,New Lauraville,"food, photography, gaming"
27fba,Other,25,25-34,France,East Troychester,news
28aca,Other,32,25-34,Japan,Downsfurt,"gaming, lifestyle, art"
29d7a,Other,31,25-34,India,Lake Markstad,"travel, sports, fitness"
2a22a,Other,28,25-34,United Kingdom,Caseyton,"sports, technology, art"
2c6f7,Other,28,25-34,Canada,Kiddburgh,"gaming, fashion, travel"
2c7ec,Other,27,25-34,Germany,Youngland,"gaming, health"
2f0bb,Other,33,25-34,Japan,Kelleyville,"fitness, food"
309bc,Other,31,25-34,United Kingdom,East Gabrielle,fitness
309d4,Other,28,25-34,Canada,Anthonymouth,"technology, gaming"
33fdf,Other,34,25-34,Canada,West Ricardotown,lifestyle
3539f,Other,27,25-34,India,New Allison,"sports, gaming, lifestyle"
35d75,Other,27,25-34,Brazil,Lake James,technology
360f8,Other,29,25-34,India,Hollyton,finance
36d1e,Other,26,25-34,Australia,Port Michellebury,health
37c04,Other,29,25-34,United Kingdom,Clarkland,"fitness, health, news"
380b0,Other,30,25-34,Australia,Port John,"photography, fitness, technology"
38be1,Other,28,25-34,Australia,Georgeville,"travel, food"
395a7,Other,27,25-34,United Kingdom,South Emily,"food, lifestyle"
3a3df,Other,27,25-34,United Kingdom,Nelsonhaven,lifestyle
3b3fc,Other,25,25-34,India,Lake Carrie,lifestyle
3b405,Other,27,25-34,France,West Johnborough,"fitness, food, sports"
3c133,Other,33,25-34,India,Boydtown,"art, food, health"
3effe,Other,29,25-34,France,Laurenfurt,"gaming, health"
43a65,Other,31,25-34,Australia,North Eric,news
472f5,Other,33,25-34,Canada,Jasonfort,travel
4977c,Other,27,25-34,Germany,Barrymouth,"finance, art"
4996f,Other,30,25-34,Germany,East Jessicaland,"travel, news, technology"
49be1,Other,33,25-34,Canada,Davidsonfurt,"health, fitness"
4ab1f,Other,25,25-34,Japan,Waltersstad,"health, art, news"
4af5e,Other,29,25-34,United Kingdom,New Kevinborough,"technology, photography"
4b4fe,Other,28,25-34,Canada,Katiemouth,"art, gaming, sports"
4c53e,Other,25,25-34,United Kingdom,Morganshire,"photography, technology, gaming"
4c5f9,Other,30,25-34,Germany,Patrickview,"food, fashion, fitness"
4c8bb,Other,32,25-34,France,Lake Lori,fashion
4dbaa,Other,27,25-34,India,Daniellemouth,"health, fitness, travel"
4e3ea,Other,31,25-34,United Kingdom,Wrighthaven,health
4ef84,Other,29,25-34,Australia,South Robert,"travel, gaming, technology"
4f0cf,Other,27,25-34,Germany,North Anitafort,"food, fashion"
4f270,Other,28,25-34,Brazil,West William,"finance, gaming"
50c70,Other,26,25-34,India,Haynesville,"food, lifestyle"
50f25,Other,31,25-34,Mexico,Charlesbury,"fashion, technology, finance"
510a2,Other,34,25-34,United Kingdom,Lake Christian,"news, finance, travel"
5300d,Other,31,25-34,Japan,Saraburgh,technology
5387b,Other,26,25-34,Canada,Lake Angela,"gaming, technology, photography"
551ad,Other,25,25-34,India,Sarahhaven,gaming
56f99,Other,30,25-34,India,North Johnmouth,art
59b1a,Other,29,25-34,United Kingdom,Hillstad,"fitness, health, food"
59bf5,Other,27,25-34,Canada,Ortegamouth,"art, technology, food"
5a4ae,Other,30,25-34,Germany,Port James,"fashion, health, gaming"
5c072,Other,27,25-34,Germany,New Zachary,news
5e9f5,Other,29,25-34,United Kingdom,New Alyssa,fashion
5ee06,Other,25,25-34,India,Westshire,finance
5fbcc,Other,32,25-34,Brazil,Lake Carlaville,"health, travel"
601d2,Other,28,25-34,Japan,Lake Grant,"gaming, photography, lifestyle"
60a44,Other,27,25-34,Germany,Haroldside,"lifestyle, fitness"
61c72,Other,34,25-34,Canada,Lake Brenda,lifestyle
620a7,Other,34,25-34,Canada,Lake Taramouth,"news, technology"
63aef,Other,28,25-34,United Kingdom,Brittanyville,"photography, lifestyle"
63f0d,Other,34,25-34,United Kingdom,New Brycefurt,"technology, finance, lifestyle"
6506a,Other,28,25-34,India,South Ethanhaven,gaming
6574e,Other,32,25-34,India,Craneburgh,"fashion, news"
66fa8,Other,25,25-34,Japan,North Natalie,"technology, travel"
6a650,Other,33,25-34,Australia,Henryville,news
6a982,Other,26,25-34,Canada,East Michaela,"art, news, health"
6c667,Other,28,25-34,United Kingdom,Port William,fashion
7035c,Other,34,25-34,Canada,Port Selena,"fitness, technology"
71ca4,Other,31,25-34,United Kingdom,New Angelaberg,food
7268b,Other,29,25-34,United Kingdom,Scottfurt,fashion
72ca1,Other,29,25-34,Mexico,North Mario,gaming
733ca,Other,25,25-34,United Kingdom,Julieborough,food
737f9,Other,27,25-34,Mexico,Jacksonstad,"lifestyle, gaming"
73eb4,Other,31,25-34,United Kingdom,Prestonbury,"sports, fashion"
768cf,Other,32,25-34,France,Cynthiaburgh,food
76b76,Other,26,25-34,Japan,Morganburgh,"travel, lifestyle"
784b3,Other,34,25-34,United Kingdom,East Glendastad,art
79f48,Other,31,25-34,Australia,Lake Joshua,"photography, fitness"
7ab0e,Other,32,25-34,Germany,North Shawnshire,"food, health, sports"
7ac40,Other,31,25-34,France,Garciaburgh,photography
7ae0d,Other,33,25-34,Japan,Wagnerview,fitness
7c498,Other,28,25-34,Australia,East Jasminstad,"fashion, technology, travel"
7cf53,Other,29,25-34,India,Mayston,"art, photography, travel"
7d3b4,Other,28,25-34,Canada,West Sarah,"fitness, food, lifestyle"
808be,Other,29,25-34,United Kingdom,East Jessica,fitness
8188f,Other,28,25-34,Brazil,Schwartzburgh,fitness
81a90,Other,28,25-34,Japan,New Thomasport,"photography, gaming"
81df7,Other,31,25-34,Canada,West Andrea,food
832ba,Other,27,25-34,United Kingdom,North Caitlin,photography
85a1e,Other,32,25-34,Canada,Lake Jeffreyside,photography
86ac4,Other,25,25-34,Brazil,Roseburgh,news
86d5e,Other,29,25-34,United Kingdom,Georgeborough,"news, lifestyle, fitness"
8c712,Other,28,25-34,India,Joannebury,"gaming, health"
8ccb3,Other,34,25-34,France,Michaelstad,"health, travel, fitness"
8d003,Other,30,25-34,United Kingdom,New Geraldport,sports
8d4bd,Other,34,25-34,Canada,Billyton,news
8e360,Other,30,25-34,Germany,Crossfurt,"art, technology, travel"
9066f,Other,29,25-34,Brazil,East Justinport,"art, fashion, news"
9158d,Other,27,25-34,Germany,Padillastad,lifestyle
93c3e,Other,31,25-34,India,Lake James,gaming
944ff,Other,26,25-34,Germany,Olivermouth,"news, fashion, fitness"
94b44,Other,33,25-34,Australia,Matthewchester,"food, lifestyle, travel"
955af,Other,34,25-34,Japan,Meredithstad,food
96e2f,Other,28,25-34,France,East Thomas,"lifestyle, technology, fashion"
97ebc,Other,32,25-34,India,Jonathanbury,"fitness, gaming, photography"
9873a,Other,28,25-34,Canada,East Williamland,sports
9d450,Other,28,25-34,Canada,Johnsonmouth,travel
9f599,Other,27,25-34,Canada,Huntmouth,health
a008b,Other,27,25-34,India,Kellymouth,"finance, lifestyle, gaming"
a044e,Other,25,25-34,Canada,Jenniferland,gaming
a04f7,Other,32,25-34,United Kingdom,Watsonberg,"finance, health, technology"
a050d,Other,31,25-34,Australia,Richardmouth,news
a089f,Other,30,25-34,Canada,Rodneymouth,"gaming, food"
a1835,Other,25,25-34,India,Virginiashire,"food, health, travel"
a2677,Other,28,25-34,Canada,Warrenbury,"technology, fashion, lifestyle"
a26f1,Other,27,25-34,Australia,New Nicholas,"health, art, lifestyle"
a30ff,Other,31,25-34,India,Luceroton,travel
a3149,Other,28,25-34,India,South Edgarview,sports
a81ca,Other,25,25-34,India,Christopherstad,fitness
a9054,Other,26,25-34,United Kingdom,Port Lisaland,"fashion, art"
aa250,Other,26,25-34,India,Millerville,"gaming, finance, photography"
aa510,Other,34,25-34,Canada,Campbellland,"fashion, art"
aae0e,Other,25,25-34,India,Teresamouth,"sports, fashion"
ac071,Other,34,25-34,Germany,Port Veronicaborough,travel
ad03f,Other,29,25-34,Canada,Port Marymouth,"photography, sports"
aea2d,Other,26,25-34,Australia,Patriciachester,"sports, finance, travel"
af6b2,Other,32,25-34,United Kingdom,South Gavin,fashion
b1c66,Other,26,25-34,India,South Franciscoton,"fitness, news"
b1ca8,Other,26,25-34,Brazil,Port Timothy,sports
b2022,Other,32,25-34,France,Joseville,"sports, photography"
b4125,Other,26,25-34,United Kingdom,Victoriashire,"sports, art, food"
b56a7,Other,30,25-34,Australia,New Nicholasside,fitness
b571f,Other,28,25-34,United Kingdom,Lake Jason,sports
b698d,Other,26,25-34,Australia,Cortezshire,"fitness, art, food"
b6cc7,Other,26,25-34,United Kingdom,West Nancyfurt,"fitness, sports, health"
b7dcf,Other,32,25-34,Mexico,Whitetown,lifestyle
b926c,Other,32,25-34,Brazil,Kellyport,fitness
b992c,Other,30,25-34,France,New Robert,travel
ba5af,Other,31,25-34,India,West Victoria,"lifestyle, art"
be380,Other,31,25-34,Germany,Jaimeshire,fashion
be998,Other,25,25-34,Australia,Haleybury,"photography, health"
bfa9f,Other,29,25-34,Canada,Caseyfurt,"lifestyle, fitness"
bfc9b,Other,27,25-34,Canada,Watkinshaven,"lifestyle, travel"
c224e,Other,31,25-34,Brazil,Castrotown,"news, finance"
c2923,Other,30,25-34,United Kingdom,Pageport,"fitness, lifestyle, health"
c2ec3,Other,27,25-34,Germany,West Garrett,technology
c6667,Other,31,25-34,Japan,Andersenmouth,"food, news"
c8969,Other,28,25-34,Germany,West Gregorybury,"food, health"
c8c34,Other,33,25-34,Australia,New Douglasmouth,"sports, news"
c8d73,Other,29,25-34,Canada,Millerland,health
c97cd,Other,33,25-34,Australia,East Tyler,"gaming, health, technology"
cac9c,Other,27,25-34,Canada,Pruittton,finance
cb603,Other,29,25-34,Australia,Warnerfurt,"food, technology, fashion"
ce1fa,Other,33,25-34,Brazil,North Shawn,"technology, gaming"
ce596,Other,34,25-34,United Kingdom,North Nicholashaven,"technology, health"
cf64c,Other,30,25-34,Canada,Vasqueztown,sports
cf719,Other,26,25-34,United Kingdom,Aprilton,"sports, art"
d12f0,Other,31,25-34,Mexico,West Ryanfurt,travel
d1b68,Other,29,25-34,France,East Austinside,"health, news, finance"
d1e11,Other,33,25-34,United Kingdom,Millerview,"health, fitness, food"
d2628,Other,33,25-34,Japan,Port Elizabeth,"travel, gaming"
d294a,Other,28,25-34,United Kingdom,East Christopherview,"lifestyle, gaming"
d3bb8,Other,34,25-34,Brazil,West Karenland,fashion
d4715,Other,27,25-34,Japan,Hugheshaven,"photography, technology, travel"
d6113,Other,27,25-34,Mexico,Taylorview,"health, travel, fashion"
d691d,Other,28,25-34,Canada,Virginiatown,"fitness, lifestyle"
d69c6,Other,32,25-34,United Kingdom,West Markton,"travel, art, photography"
d6c12,Other,26,25-34,United Kingdom,Johnathanstad,"art, food, fashion"
d6fdf,Other,26,25-34,Canada,Lauraview,"fitness, lifestyle, food"
d85e0,Other,29,25-34,Canada,North Michelle,fashion
d875c,Other,27,25-34,Germany,Juliemouth,"health, lifestyle, fashion"
d887e,Other,32,25-34,Mexico,Chelseatown,lifestyle
da444,Other,27,25-34,Germany,South Thomas,lifestyle
dab69,Other,31,25-34,Japan,East Jennifer,"finance, art, food"
db2c6,Other,30,25-34,India,Alisonport,"travel, gaming"
dbae4,Other,25,25-34,Canada,Nguyenmouth,finance
dc57d,Other,32,25-34,India,South Lauraborough,gaming
dc5bb,Other,34,25-34,United Kingdom,Wagnertown,"photography, fashion"
dcb84,Other,27,25-34,Germany,Kiddbury,"lifestyle, gaming"
dd936,Other,27,25-34,United Kingdom,Lake Jonathan,"travel, sports, fashion"
dda3a,Other,30,25-34,Canada,Lake Jonathan,"travel, lifestyle, food"
e002b,Other,27,25-34,Australia,Scottland,"fitness, gaming"
e0298,Other,31,25-34,France,Martinshire,"gaming, sports, art"
e1056,Other,28,25-34,United Kingdom,Cameronberg,fashion
e18e3,Other,25,25-34,Canada,Kimberlyview,"sports, technology, gaming"
e2c9b,Other,28,25-34,Canada,Lonnieberg,"art, lifestyle"
e39aa,Other,25,25-34,United Kingdom,Perezchester,finance
e3e3f,Other,27,25-34,Canada,North Jenniferland,"gaming, finance, health"
e430d,Other,25,25-34,France,Singhchester,"travel, lifestyle"
e640a,Other,32,25-34,France,New Katieborough,"finance, lifestyle"
e67d8,Other,33,25-34,India,Angelabury,"photography, travel"
e67e3,Other,34,25-34,United Kingdom,Jacobside,news
e7232,Other,32,25-34,Brazil,Port Robert,"food, art"
ed4d9,Other,29,25-34,India,North Kelly,"travel, food, news"
ed997,Other,27,25-34,Japan,Allenshire,health
edfa7,Other,28,25-34,Australia,North Dennis,"technology, art"
eea9e,Other,26,25-34,Brazil,Heatherville,"health, news"
eeb3d,Other,31,25-34,Germany,Lake Donaldberg,"technology, photography, fashion"
efa89,Other,31,25-34,Germany,Rachelton,fitness
f12f9,Other,25,25-34,United Kingdom,Scottbury,technology
f1536,Other,32,25-34,Brazil,West Sheliaside,finance
f32a9,Other,31,25-34,Australia,Josephborough,fashion
f3579,Other,28,25-34,United Kingdom,Karenmouth,"fitness, art"
f3663,Other,25,25-34,Canada,Lake Timothyburgh,"health, fashion"
f4e08,Other,29,25-34,Australia,West Thomas,"lifestyle, finance"
f6ffd,Other,27,25-34,Germany,Pattersonhaven,"food, sports, fashion"
f75f8,Other,25,25-34,India,Huberton,news
f8565,Other,30,25-34,Mexico,North Stephaniehaven,"sports, food"
f88ca,Other,25,25-34,India,Johnsonfurt,"finance, fashion"
fa11e,Other,30,25-34,Mexico,East Danielbury,"lifestyle, health"
fb111,Other,26,25-34,Australia,Lake Hannah,"food, gaming"
fb2eb,Other,31,25-34,United Kingdom,Denisemouth,"sports, fashion, travel"
fb6ce,Other,32,25-34,Brazil,Garciaborough,"fashion, news, food"
fbef7,Other,30,25-34,United Kingdom,Alyssamouth,"gaming, fitness, photography"
fd00d,Other,28,25-34,Japan,Benjaminchester,"photography, finance"
ff3b2,Other,25,25-34,France,Smithshire,lifestyle
ffc20,Other,34,25-34,Brazil,Mayport,"fashion, finance, food"
26369,Female,28,25-34,Japan,Colebury,art
70499,Female,33,25-34,France,South Charlene,"food, photography"
91674,Female,34,25-34,France,Websterfort,fashion
95391,Female,26,25-34,France,Andersonfurt,"photography, art"
99409,Female,28,25-34,France,Fieldsstad,food
1.00E+10,Female,28,25-34,France,East Harryville,sports
1.00E+28,Female,27,25-34,France,Jennifermouth,"sports, fashion, lifestyle"
9.90E+67,Female,28,25-34,Japan,Alexanderside,"fitness, photography, lifestyle"
4.00E+134,Female,28,25-34,Japan,West Phyllismouth,"travel, photography"
3.00E+202,Female,26,25-34,Japan,North Janet,"photography, fashion, fitness"
05b6b,Female,31,25-34,Japan,Port Joshua,"gaming, food, travel"
0863c,Female,25,25-34,France,New Susanville,"fitness, lifestyle"
0b1fc,Female,34,25-34,Japan,Allenmouth,food
0d0f6,Female,30,25-34,France,Cynthiaborough,"health, sports, fitness"
0d788,Female,29,25-34,France,New Josephtown,"finance, sports, food"
0fa7a,Female,25,25-34,Japan,Lambertville,"technology, travel, photography"
178ca,Female,28,25-34,France,Port Hannah,"photography, health"
19af7,Female,30,25-34,France,Johnsonport,"photography, technology"
19db3,Female,28,25-34,Japan,New Marco,"fitness, finance"
1b8cd,Female,27,25-34,Japan,Christinemouth,fashion
1c14d,Female,26,25-34,France,Kylemouth,"finance, fitness"
1fb01,Female,25,25-34,France,Lake Ericmouth,art
254f1,Female,32,25-34,France,Port John,"health, sports, technology"
2a233,Female,27,25-34,France,Lake Samuel,"food, fashion, health"
32bd7,Female,31,25-34,Japan,West Lisabury,"travel, food, lifestyle"
3ad10,Female,26,25-34,France,New Natalie,"art, news, sports"
3b0c2,Female,25,25-34,Japan,Graymouth,fashion
3d91c,Female,34,25-34,Japan,South Georgeburgh,gaming
43af4,Female,32,25-34,Japan,Vargaston,"travel, art"
49e5e,Female,34,25-34,France,Lake Tara,"technology, sports"
4de1c,Female,31,25-34,Japan,Lake Donna,"health, fitness, fashion"
4f630,Female,26,25-34,Japan,East Michaelmouth,fitness
4fbc0,Female,26,25-34,France,Morganfort,"technology, lifestyle"
5058d,Female,25,25-34,France,Lake Francesberg,sports
52e2e,Female,25,25-34,France,Millsbury,"sports, art, fashion"
5706a,Female,30,25-34,France,East Nicholasport,"photography, health"
586f5,Female,33,25-34,France,Valeriemouth,"health, travel, finance"
5890a,Female,31,25-34,France,East James,photography
59d7a,Female,30,25-34,France,South Benjaminberg,"fitness, art, sports"
5a101,Female,34,25-34,Japan,North Joycehaven,"finance, technology, news"
5ca33,Female,26,25-34,Japan,Lake Jessicafurt,"fashion, finance, sports"
5df33,Female,31,25-34,France,South Shannon,"health, sports"
64b86,Female,27,25-34,Japan,Alyssafort,"travel, news"
66bba,Female,25,25-34,France,North Anamouth,fashion
687b0,Female,28,25-34,Japan,New Jill,"news, health"
687d1,Female,33,25-34,France,Turnerview,"photography, food, lifestyle"
6ac59,Female,28,25-34,Japan,Hernandezborough,travel
6bb4e,Female,29,25-34,France,Thomasburgh,"finance, technology, food"
6eef7,Female,27,25-34,France,Garymouth,lifestyle
75d80,Female,29,25-34,France,Cassandrafurt,"fitness, travel, sports"
79bc8,Female,27,25-34,Japan,Lewisside,"art, health, travel"
7afef,Female,32,25-34,Japan,South Tammychester,"finance, lifestyle, fitness"
7b06f,Female,34,25-34,France,Lake Elizabethland,"travel, art, health"
7d760,Female,30,25-34,Japan,Alexandershire,gaming
7dc7b,Female,31,25-34,France,Jeremyborough,"gaming, fitness"
7f644,Female,25,25-34,Japan,Klineton,"art, news"
7fca8,Female,28,25-34,Japan,East Kennethstad,"news, health, finance"
8235b,Female,32,25-34,Japan,New Patrickstad,"food, technology, gaming"
83d55,Female,30,25-34,Japan,Port Vincentmouth,health
8667d,Female,28,25-34,France,West Peter,technology
885c1,Female,29,25-34,France,Debramouth,"photography, technology, lifestyle"
8aa8c,Female,27,25-34,France,Jamieview,photography
8ddb8,Female,28,25-34,France,South James,"finance, sports, lifestyle"
8f64e,Female,25,25-34,Japan,Benjaminhaven,"art, news"
94fd1,Female,27,25-34,Japan,Matthewland,fashion
97d4d,Female,34,25-34,Japan,South Laura,"finance, health, photography"
9ac75,Female,34,25-34,France,West Roberta,"food, technology"
9d842,Female,29,25-34,France,Phyllisburgh,"travel, news, lifestyle"
a36b2,Female,28,25-34,France,Port Melindatown,"news, fitness"
a49e8,Female,26,25-34,France,South Deborahfort,"gaming, fashion, fitness"
a6b34,Female,30,25-34,Japan,New Charlesville,gaming
a8ec5,Female,29,25-34,Japan,North Michael,"fitness, technology, art"
a955c,Female,31,25-34,Japan,Jordanview,health
aaaef,Female,33,25-34,France,Fernandezport,"fashion, lifestyle"
abcda,Female,28,25-34,France,South William,"travel, news"
ac4c0,Female,30,25-34,France,Kristentown,"gaming, health"
ac646,Female,28,25-34,Japan,Port Charlesmouth,finance
ae49a,Female,29,25-34,Japan,East Cathymouth,"gaming, health, lifestyle"
af91d,Female,28,25-34,Japan,Lyonsshire,"sports, finance"
b27e9,Female,25,25-34,France,East Kevin,"technology, news, health"
b446a,Female,34,25-34,Japan,Lake Connie,technology
b5f47,Female,28,25-34,France,South Isabel,news
b7fbc,Female,27,25-34,France,North Deborah,"fashion, photography"
bd89a,Female,33,25-34,Japan,Lake Douglas,food
be496,Female,30,25-34,France,Darrentown,"finance, technology, fashion"
beaa7,Female,27,25-34,Japan,Lake Geoffreyland,"sports, technology, photography"
c32f0,Female,31,25-34,France,South Michelechester,health
c53f2,Female,26,25-34,France,New Jacqueline,"gaming, health"
c6e03,Female,26,25-34,France,Baileychester,travel
d282a,Female,25,25-34,Japan,South Karafurt,"finance, health, food"
d8c63,Female,34,25-34,Japan,South Jenniferview,"news, fashion"
dbc1e,Female,28,25-34,France,Lake Crystalchester,"news, finance, food"
dd341,Female,31,25-34,Japan,Alexandraview,"travel, food"
e2b12,Female,31,25-34,Japan,Lake Billy,"photography, finance, lifestyle"
e3e42,Female,29,25-34,France,Hernandezland,technology
e85b6,Female,29,25-34,Japan,Port Gregorystad,"sports, lifestyle, news"
e85ed,Female,33,25-34,Japan,West Natalie,art
e8c81,Female,25,25-34,Japan,East Amanda,gaming
ea1ba,Female,30,25-34,France,Gregview,"lifestyle, fashion, photography"
ec3c5,Female,33,25-34,Japan,Lake Andrea,food
ed73b,Female,28,25-34,Japan,Christianfort,"fitness, sports, food"
ee782,Female,30,25-34,Japan,Barkerton,travel
f0b7d,Female,32,25-34,Japan,Clineville,fashion
f0bfa,Female,34,25-34,France,South Jessica,"fitness, news"
f11b8,Female,34,25-34,Japan,West Phillipfurt,food
f47d4,Female,30,25-34,France,Anitatown,food
f6be0,Female,33,25-34,France,South Brittany,"travel, health, photography"
f9a2c,Female,25,25-34,Japan,Margaretland,food
fe904,Female,31,25-34,Japan,Johnsonport,"technology, food, health"
12823,Female,30,25-34,Mexico,North Erikaland,"sports, art"
18424,Female,26,25-34,Mexico,West Alexis,fashion
31951,Female,27,25-34,Mexico,New Glennfurt,"news, art"
32103,Female,28,25-34,Mexico,Bushtown,"gaming, technology, fitness"
85575,Female,25,25-34,Mexico,Shahport,lifestyle
9.13E+05,Female,29,25-34,Mexico,New Nicole,"fashion, news"
4.30E+11,Female,30,25-34,Mexico,South Jordan,"technology, sports"
03c77,Female,29,25-34,Mexico,North Carl,"photography, fashion"
047ae,Female,26,25-34,Mexico,Berrymouth,art
093fb,Female,32,25-34,Mexico,New Anthony,technology
0d6d8,Female,28,25-34,Mexico,West Jeremy,health
1493d,Female,33,25-34,Mexico,Perezborough,"sports, lifestyle, food"
14b3d,Female,33,25-34,Mexico,Raymondhaven,fitness
14ece,Female,32,25-34,Mexico,East Stevenchester,"technology, lifestyle, food"
1699a,Female,28,25-34,Mexico,Toddland,technology
1ab8b,Female,33,25-34,Mexico,Port Veronicachester,"fashion, art, travel"
1c5b3,Female,32,25-34,Mexico,Lake David,"sports, lifestyle"
1e371,Female,33,25-34,Mexico,West Christopher,health
1f3ab,Female,26,25-34,Mexico,East Madison,food
203fc,Female,25,25-34,Mexico,East Christina,gaming
26a7d,Female,32,25-34,Mexico,Wallacefort,food
26ae4,Female,29,25-34,Mexico,Chandlerstad,"news, lifestyle, photography"
29ea6,Female,27,25-34,Mexico,New Amberport,"fitness, photography"
41dc9,Female,28,25-34,Mexico,Brownborough,"gaming, food"
4cf2b,Female,25,25-34,Mexico,Port Diana,"health, fitness, art"
4db9f,Female,25,25-34,Mexico,Bellmouth,"fitness, technology"
51ee0,Female,25,25-34,Mexico,West Johnview,"art, gaming"
5acb2,Female,33,25-34,Mexico,Pittsmouth,"travel, gaming"
5eb3e,Female,32,25-34,Mexico,Lake Curtis,"news, sports"
5f4c2,Female,29,25-34,Mexico,Austinstad,"photography, lifestyle"
68b71,Female,25,25-34,Mexico,North Jared,finance
6d2c5,Female,27,25-34,Mexico,Katherinefurt,food
734c4,Female,26,25-34,Mexico,South Sara,"gaming, fitness"
7a8bc,Female,32,25-34,Mexico,North Mark,"health, news, lifestyle"
7c6d0,Female,31,25-34,Mexico,Normanmouth,food
7dc42,Female,31,25-34,Mexico,North Johntown,"finance, gaming, sports"
7dc46,Female,32,25-34,Mexico,West Dylanshire,"technology, gaming"
8b048,Female,30,25-34,Mexico,New Kevinville,"health, photography"
90ea3,Female,25,25-34,Mexico,Joannastad,"travel, finance, lifestyle"
90ee7,Female,27,25-34,Mexico,North Colinfurt,"news, food, health"
9b867,Female,25,25-34,Mexico,Kathleenstad,food
9e9cf,Female,29,25-34,Mexico,East Michaelton,"art, gaming"
a3351,Female,33,25-34,Mexico,South Curtismouth,photography
a60a1,Female,30,25-34,Mexico,Lake Hayley,"health, gaming"
ab786,Female,32,25-34,Mexico,East Willieburgh,"food, fashion"
b307f,Female,28,25-34,Mexico,North Juan,health
baa5e,Female,30,25-34,Mexico,Melvinborough,"news, gaming"
c1e04,Female,29,25-34,Mexico,East Karenview,"health, lifestyle, technology"
c3743,Female,30,25-34,Mexico,Mullenport,"lifestyle, travel, finance"
c3a36,Female,28,25-34,Mexico,South Erikaland,"sports, lifestyle, art"
c5552,Female,31,25-34,Mexico,East Tara,finance
c5f34,Female,32,25-34,Mexico,New Elizabethfurt,finance
c76b5,Female,29,25-34,Mexico,Vasquezland,"technology, health, sports"
c8c85,Female,28,25-34,Mexico,Serranotown,"sports, art, technology"
c99e5,Female,25,25-34,Mexico,West Aaron,"travel, sports"
cef30,Female,29,25-34,Mexico,Paulview,"health, lifestyle, finance"
d0e18,Female,29,25-34,Mexico,Warnermouth,"travel, fitness, lifestyle"
d2c8e,Female,25,25-34,Mexico,Joseton,"news, health"
d9e76,Female,28,25-34,Mexico,Julieshire,"photography, technology"
da3c7,Female,31,25-34,Mexico,Amandaberg,"sports, finance, photography"
e05b4,Female,30,25-34,Mexico,Wagnerfurt,finance
e470a,Female,31,25-34,Mexico,North John,technology
e53ee,Female,27,25-34,Mexico,Simmonsland,"technology, fitness"
e71c5,Female,29,25-34,Mexico,Diazborough,technology
ee0db,Female,32,25-34,Mexico,East Monicahaven,"fitness, art, fashion"
f17da,Female,30,25-34,Mexico,Lake Robertfurt,"technology, travel"
f2562,Female,33,25-34,Mexico,Shepherdborough,travel
f52f0,Female,30,25-34,Mexico,East Madison,"technology, photography"
f78b8,Female,31,25-34,Mexico,Brianchester,"news, finance"
2859,Female,32,25-34,Australia,Patriciaview,"art, food"
5340,Female,27,25-34,Australia,Mcphersonville,"food, gaming"
6362,Female,33,25-34,Australia,Lake Barbaraville,"travel, sports"
7808,Female,29,25-34,Australia,Port Anthony,"art, photography"
24826,Female,33,25-34,Australia,West Isaiahville,"food, finance"
46059,Female,33,25-34,Australia,Port Timothy,health
47923,Female,28,25-34,Australia,Martinezfort,gaming
52900,Female,28,25-34,Australia,Lake Davidchester,news
67735,Female,27,25-34,Australia,South Justin,"sports, gaming, technology"
76633,Female,26,25-34,Australia,South Nancy,"gaming, lifestyle, sports"
86656,Female,31,25-34,Australia,New Dawnberg,lifestyle
98177,Female,34,25-34,Australia,Lucasview,art
99781,Female,27,25-34,Australia,Mcphersonhaven,fitness
9.81E+06,Female,26,25-34,Australia,Riverastad,"news, finance"
8.00E+31,Female,27,25-34,Australia,North Kevin,"fitness, finance, art"
047df,Female,27,25-34,Australia,South Stevenberg,"technology, finance, fashion"
097a5,Female,31,25-34,Australia,New Heatherville,"health, sports"
09abc,Female,31,25-34,Australia,Port Michael,photography
0c9b9,Female,28,25-34,Australia,Nancyborough,"food, health, photography"
0dc59,Female,31,25-34,Australia,South Russellchester,"finance, fitness, food"
10c85,Female,29,25-34,Australia,Susanbury,"technology, sports, photography"
1261c,Female,25,25-34,Australia,Harrellfort,"news, photography, travel"
142a2,Female,27,25-34,Australia,Patelborough,"technology, news"
15ddc,Female,26,25-34,Australia,Lake Jasonchester,gaming
16f17,Female,28,25-34,Australia,Lake Derek,"fitness, photography"
18da0,Female,27,25-34,Australia,Lake Judithburgh,sports
1bba9,Female,30,25-34,Australia,East Todd,technology
1d530,Female,28,25-34,Australia,North Crystal,food
2a895,Female,32,25-34,Australia,North Dylan,"finance, technology, art"
2e18e,Female,25,25-34,Australia,West Kurtmouth,"photography, news"
3517e,Female,32,25-34,Australia,Rodriguezbury,"news, food"
36c21,Female,25,25-34,Australia,Caseyland,"food, art"
3740b,Female,30,25-34,Australia,Tracyhaven,"photography, gaming, fitness"
381b1,Female,26,25-34,Australia,Russoburgh,health
3adc2,Female,34,25-34,Australia,New Brendaville,"art, sports"
3f1c8,Female,26,25-34,Australia,Lake James,"food, gaming"
42d17,Female,33,25-34,Australia,Kellistad,sports
4d8ff,Female,34,25-34,Australia,Allenland,travel
569f4,Female,32,25-34,Australia,Frostton,gaming
5a353,Female,31,25-34,Australia,East Heather,"lifestyle, fitness, gaming"
632da,Female,28,25-34,Australia,South Julie,"technology, health"
6399a,Female,33,25-34,Australia,Simpsonburgh,art
6df9c,Female,30,25-34,Australia,Stevensville,"travel, lifestyle"
6f9ff,Female,33,25-34,Australia,Mitchellville,"lifestyle, health"
71a87,Female,34,25-34,Australia,Ralphshire,"health, food, travel"
7d61f,Female,32,25-34,Australia,Woodsview,gaming
7eb46,Female,25,25-34,Australia,Port Patricktown,fashion
829d1,Female,30,25-34,Australia,South Steven,"technology, health, fitness"
86fca,Female,29,25-34,Australia,Mendezchester,"sports, fashion, photography"
889dc,Female,34,25-34,Australia,Espinozaport,"finance, art"
8c149,Female,33,25-34,Australia,North Keithland,"photography, fashion, health"
8e633,Female,26,25-34,Australia,Haleton,"photography, fitness, food"
9a781,Female,26,25-34,Australia,North Christopher,gaming
9dfde,Female,29,25-34,Australia,Warnerhaven,art
9eba1,Female,29,25-34,Australia,South Brianchester,gaming
9f9de,Female,26,25-34,Australia,North Heidiside,photography
9ff21,Female,32,25-34,Australia,Lake Julie,news
a0413,Female,25,25-34,Australia,Robinsontown,lifestyle
ab52a,Female,32,25-34,Australia,Tylerfurt,gaming
b1955,Female,30,25-34,Australia,Lake Lisastad,"fitness, gaming"
b19be,Female,32,25-34,Australia,East Michaelville,"lifestyle, finance, fitness"
b3455,Female,29,25-34,Australia,Schmidtville,"finance, travel, fitness"
b439a,Female,25,25-34,Australia,Lucaschester,health
b5a0a,Female,33,25-34,Australia,Aaronside,"art, health"
b6ae8,Female,27,25-34,Australia,Lake Jenniferville,fitness
b9825,Female,26,25-34,Australia,Allenchester,"news, finance, photography"
ba371,Female,29,25-34,Australia,East Jason,"news, finance, art"
be74c,Female,31,25-34,Australia,Harrischester,"finance, art, food"
c1ed9,Female,29,25-34,Australia,North Christopher,"lifestyle, technology"
c2a95,Female,28,25-34,Australia,East David,"lifestyle, food"
c3092,Female,26,25-34,Australia,East Randall,"health, lifestyle, sports"
c8ba7,Female,34,25-34,Australia,West Nancyburgh,lifestyle
cd8e1,Female,34,25-34,Australia,Maxwellchester,lifestyle
d08a6,Female,26,25-34,Australia,Watsonside,"health, technology, food"
d7cdb,Female,27,25-34,Australia,Adamsstad,lifestyle
db724,Female,32,25-34,Australia,Robertfurt,"sports, fashion, photography"
dbb98,Female,31,25-34,Australia,Kimberlystad,photography
e05cf,Female,28,25-34,Australia,Scottmouth,"finance, gaming, sports"
e211a,Female,29,25-34,Australia,Marthastad,"sports, lifestyle"
e8b87,Female,26,25-34,Australia,Fosterville,fashion
eadf4,Female,30,25-34,Australia,Myersbury,"news, lifestyle"
ec0e3,Female,25,25-34,Australia,Allisonmouth,health
ecd5b,Female,27,25-34,Australia,Joshuaville,"travel, technology, food"
eea61,Female,27,25-34,Australia,Cooperview,"health, news, fashion"
ef2a6,Female,26,25-34,Australia,New Ashley,"travel, art, lifestyle"
ef5a5,Female,29,25-34,Australia,Danielleborough,"sports, health, gaming"
f20d1,Female,33,25-34,Australia,Hansonside,fitness
f5152,Female,32,25-34,Australia,North Mark,food
f6bf7,Female,31,25-34,Australia,Darrylville,travel
f74e1,Female,25,25-34,Australia,Copelandland,"lifestyle, travel"
f776d,Female,31,25-34,Australia,Sandersborough,"fitness, food, photography"
f801e,Female,26,25-34,Australia,Craigton,"fashion, technology, health"
f8e3d,Female,33,25-34,Australia,North Brittanyside,"sports, finance"
f9cbc,Female,25,25-34,Australia,Johnsonfurt,"art, news, fashion"
fab9f,Female,34,25-34,Australia,Laurietown,"sports, art"
fac2c,Female,29,25-34,Australia,Nguyenborough,"technology, gaming"
fe768,Female,33,25-34,Australia,Banksview,"gaming, technology, news"
fe7d9,Female,28,25-34,Australia,Pearsonport,technology
5720,Female,32,25-34,Brazil,Jacksonmouth,"technology, travel"
9194,Female,25,25-34,Brazil,Angelaton,"news, technology"
13988,Female,32,25-34,Brazil,Port Brendanmouth,fashion
43872,Female,27,25-34,Brazil,Jeffreybury,"news, gaming"
45879,Female,32,25-34,Brazil,Alexisside,"health, photography, art"
54622,Female,29,25-34,Brazil,Elizabethview,sports
5.90E+04,Female,32,25-34,Brazil,South Victoria,technology
65769,Female,26,25-34,Brazil,Lake Carlyland,"lifestyle, gaming, food"
7.90E+83,Female,34,25-34,Brazil,Thompsonland,"news, gaming"
007fb,Female,34,25-34,Brazil,Chavezton,"lifestyle, fitness"
0411e,Female,30,25-34,Brazil,Lake Francis,technology
04b48,Female,30,25-34,Brazil,New Daniel,"gaming, travel"
08c90,Female,25,25-34,Brazil,New Elizabethview,"food, sports"
0b1b4,Female,26,25-34,Brazil,Jessicahaven,"technology, travel, photography"
0fdd7,Female,34,25-34,Brazil,Ericland,news
1a554,Female,29,25-34,Brazil,Kathleenstad,health
1daba,Female,28,25-34,Brazil,Villanuevafort,"travel, technology"
1df93,Female,32,25-34,Brazil,Westport,"technology, finance, news"
1ed04,Female,29,25-34,Brazil,Patelstad,"lifestyle, art"
1f63e,Female,32,25-34,Brazil,Cherylville,news
240cb,Female,32,25-34,Brazil,West Tammie,art
2749a,Female,26,25-34,Brazil,Lake Patrickton,"travel, fitness"
2ac33,Female,29,25-34,Brazil,South Carlaborough,fitness
2b807,Female,25,25-34,Brazil,Leonfurt,"art, photography"
2ce8c,Female,25,25-34,Brazil,Leeton,"travel, finance, lifestyle"
2f12b,Female,27,25-34,Brazil,North Nicholasburgh,"technology, finance, photography"
34e3f,Female,26,25-34,Brazil,North Dennis,"technology, travel"
3800d,Female,32,25-34,Brazil,New Kathy,food
3eb6e,Female,27,25-34,Brazil,Elliottberg,"fashion, gaming"
4126f,Female,26,25-34,Brazil,South Emily,"lifestyle, photography"
4338a,Female,26,25-34,Brazil,Carrolltown,"art, news, travel"
47fe8,Female,28,25-34,Brazil,Victoriastad,"technology, art, fitness"
4b219,Female,32,25-34,Brazil,North Nicholasshire,"health, fashion"
4c224,Female,33,25-34,Brazil,East Michael,"finance, food, health"
4c321,Female,27,25-34,Brazil,Valentineside,gaming
4d86d,Female,32,25-34,Brazil,New Williamshire,"art, photography"
4f8cc,Female,25,25-34,Brazil,Matthewtown,"finance, news, fashion"
4fd5d,Female,30,25-34,Brazil,Perryfort,"technology, art, photography"
5071b,Female,26,25-34,Brazil,Port Davidside,food
53c09,Female,28,25-34,Brazil,Brandonport,"finance, lifestyle, gaming"
585d4,Female,31,25-34,Brazil,Port Lisastad,"technology, fitness"
590df,Female,25,25-34,Brazil,Port Johnnyton,fitness
593a9,Female,30,25-34,Brazil,Aguilarport,"finance, fitness"
5941a,Female,27,25-34,Brazil,New Andreabury,"gaming, art, lifestyle"
5eeb3,Female,29,25-34,Brazil,North Philip,food
69a93,Female,29,25-34,Brazil,Lewismouth,technology
6c8f0,Female,28,25-34,Brazil,Lake Brian,gaming
6e880,Female,27,25-34,Brazil,West Courtneyland,"food, health, sports"
6ea21,Female,27,25-34,Brazil,Alanmouth,"fitness, travel"
70cf4,Female,29,25-34,Brazil,Jacobchester,fitness
7474d,Female,27,25-34,Brazil,Connorfurt,lifestyle
76dff,Female,30,25-34,Brazil,Pierceview,"gaming, technology"
7f85d,Female,34,25-34,Brazil,Port Benjamin,"finance, food"
89f3f,Female,27,25-34,Brazil,Cameronborough,"fitness, gaming"
8a0c7,Female,29,25-34,Brazil,Caldwellfurt,"lifestyle, food"
8c3cf,Female,25,25-34,Brazil,Mossview,"art, finance"
9419e,Female,29,25-34,Brazil,New Katherinehaven,fashion
952b1,Female,25,25-34,Brazil,Lake Roy,photography
9c620,Female,27,25-34,Brazil,Woodsfurt,finance
9e470,Female,28,25-34,Brazil,New Christopherchester,"photography, gaming, fashion"
9f8a2,Female,30,25-34,Brazil,Henryshire,health
a36e7,Female,27,25-34,Brazil,Jessicaport,"travel, news"
a4d92,Female,26,25-34,Brazil,Fishertown,fitness
a56a7,Female,30,25-34,Brazil,East John,"fitness, travel"
a7c22,Female,31,25-34,Brazil,Wesleyville,"lifestyle, photography, finance"
a88c0,Female,30,25-34,Brazil,West Tannerbury,lifestyle
aa625,Female,25,25-34,Brazil,Wongside,"health, photography, art"
accc0,Female,27,25-34,Brazil,Beardberg,"travel, fitness"
b2a90,Female,29,25-34,Brazil,Williamsonland,"technology, news, photography"
b35f0,Female,31,25-34,Brazil,West Taraton,"gaming, finance"
b5057,Female,29,25-34,Brazil,Charlesshire,"travel, fitness, photography"
b53c7,Female,25,25-34,Brazil,North Markton,technology
b546d,Female,26,25-34,Brazil,Brianmouth,"health, travel"
b6b46,Female,34,25-34,Brazil,Johnfurt,"technology, finance, sports"
b8c6a,Female,28,25-34,Brazil,Catherinefurt,finance
ba684,Female,29,25-34,Brazil,South Allisonmouth,"travel, health, photography"
bb5e1,Female,33,25-34,Brazil,South Thomasburgh,gaming
bc780,Female,25,25-34,Brazil,North Johntown,"photography, finance, fitness"
bd013,Female,26,25-34,Brazil,West Jacqueline,"fashion, fitness"
c0739,Female,33,25-34,Brazil,New Paul,food
c12f8,Female,26,25-34,Brazil,East Mark,sports
c3856,Female,32,25-34,Brazil,Millerland,food
c6821,Female,28,25-34,Brazil,East Jameschester,"fashion, technology, news"
d6a97,Female,27,25-34,Brazil,Lake Jeffstad,"travel, health, finance"
d8053,Female,30,25-34,Brazil,Mariaberg,"photography, food, news"
d8b56,Female,25,25-34,Brazil,North Lisa,"lifestyle, technology, art"
da640,Female,26,25-34,Brazil,Lake Lindseymouth,"gaming, technology, fitness"
dda67,Female,31,25-34,Brazil,Garciaville,news
df89e,Female,34,25-34,Brazil,South Tylerbury,fashion
e14ea,Female,28,25-34,Brazil,Petersonshire,"photography, technology"
e705c,Female,31,25-34,Brazil,Dunnbury,"technology, fashion"
eae42,Female,30,25-34,Brazil,West Anna,"technology, sports"
eccbe,Female,29,25-34,Brazil,East Timothyton,"news, sports"
f1024,Female,26,25-34,Brazil,New Veronica,"gaming, photography, travel"
f40fd,Female,32,25-34,Brazil,Carlsonmouth,"news, food"
f7ff0,Female,32,25-34,Brazil,Zamoraville,"fitness, art"
f8541,Female,34,25-34,Brazil,Lake Scottfurt,travel
f8b28,Female,27,25-34,Brazil,Rachelfort,lifestyle
f90a2,Female,28,25-34,Brazil,West Juan,"sports, finance, travel"
f9b58,Female,26,25-34,Brazil,Codyview,"news, health, lifestyle"
fbc81,Female,32,25-34,Brazil,Walkerfurt,"sports, travel"
fdb55,Female,28,25-34,Brazil,East Jennifer,"travel, finance"
fdcf3,Female,27,25-34,Brazil,Mannport,"sports, travel"
1062,Female,25,25-34,Germany,Freemanville,"art, lifestyle, finance"
8.64E+03,Female,32,25-34,Germany,Carterton,"news, fitness"
11091,Female,28,25-34,Germany,East Peggy,"food, finance"
32278,Female,29,25-34,Germany,Heidishire,"art, finance, photography"
46816,Female,30,25-34,Germany,Lake Rhonda,photography
55918,Female,34,25-34,Germany,North Jamesfurt,"fashion, gaming"
58138,Female,30,25-34,Germany,North Jessica,fitness
69466,Female,26,25-34,Germany,Lewisland,"art, sports"
82648,Female,29,25-34,Germany,Whiteburgh,"technology, art"
95778,Female,28,25-34,Germany,Lake Gavin,"art, lifestyle"
4.30E+05,Female,29,25-34,Germany,Port Edward,"travel, technology, lifestyle"
5.50E+45,Female,27,25-34,Germany,North Danielbury,"gaming, news"
0297c,Female,30,25-34,Germany,South Zachary,"travel, photography, technology"
0667c,Female,33,25-34,Germany,West Chadton,"photography, lifestyle"
06acf,Female,27,25-34,Germany,Charlesville,art
0b3d6,Female,28,25-34,Germany,Michaelfurt,"fitness, sports, health"
0c502,Female,32,25-34,Germany,South Justinborough,"news, food"
10ba1,Female,28,25-34,Germany,Aaronfort,"food, travel"
129da,Female,31,25-34,Germany,Matthewsmouth,technology
17b35,Female,33,25-34,Germany,Port Richard,fitness
1cfd4,Female,27,25-34,Germany,North Danny,lifestyle
203a5,Female,29,25-34,Germany,Jamieberg,"art, photography"
261ca,Female,29,25-34,Germany,Alexanderbury,"travel, fitness, gaming"
29c35,Female,25,25-34,Germany,Port Kerri,"news, photography"
29ef0,Female,26,25-34,Germany,Stephanieside,"sports, finance"
2d068,Female,28,25-34,Germany,Port Lisa,"lifestyle, art, food"
2ed46,Female,34,25-34,Germany,Edwinbury,"technology, finance"
30a8c,Female,30,25-34,Germany,New Michelleberg,"technology, lifestyle, art"
313af,Female,31,25-34,Germany,Valdezfurt,"news, travel"
32eea,Female,30,25-34,Germany,Port Carolfort,news
3343e,Female,27,25-34,Germany,Lake Dominiqueport,"gaming, news"
380a1,Female,31,25-34,Germany,East Craig,art
3946c,Female,29,25-34,Germany,South Benjamin,news
3ce42,Female,29,25-34,Germany,Duncanbury,fashion
4146a,Female,29,25-34,Germany,Mossville,"health, art"
43f56,Female,33,25-34,Germany,Lake Kathleenburgh,photography
4753a,Female,28,25-34,Germany,East Katherineberg,"health, news"
4afdb,Female,27,25-34,Germany,North Daniel,"finance, lifestyle"
4c404,Female,29,25-34,Germany,Lake Jennifer,food
4f238,Female,29,25-34,Germany,New Catherine,food
5273a,Female,28,25-34,Germany,Port Hollymouth,"gaming, technology"
52e6c,Female,29,25-34,Germany,Brownburgh,"food, news"
54c2d,Female,28,25-34,Germany,West Gregory,technology
54d74,Female,26,25-34,Germany,South Katherine,"gaming, fitness, food"
563bc,Female,27,25-34,Germany,East Christineside,"photography, food"
57b82,Female,31,25-34,Germany,Juliaview,"finance, fashion"
5a638,Female,25,25-34,Germany,Randallshire,"fitness, travel"
5d03e,Female,30,25-34,Germany,Port Laura,"food, fashion, lifestyle"
5dbaa,Female,31,25-34,Germany,Sophiamouth,fitness
5f27a,Female,30,25-34,Germany,Christopherton,"art, fashion, lifestyle"
63e5e,Female,26,25-34,Germany,Veronicachester,"sports, food"
65b03,Female,30,25-34,Germany,West Antonioton,"lifestyle, food"
695c6,Female,28,25-34,Germany,Jeffreyshire,"gaming, finance, news"
6a6fd,Female,25,25-34,Germany,East Rachelbury,"fashion, sports"
6c665,Female,26,25-34,Germany,South Tonya,"health, art, finance"
6eed7,Female,31,25-34,Germany,Port Michael,fitness
722ab,Female,25,25-34,Germany,West Anthonytown,"art, fitness"
7318f,Female,25,25-34,Germany,Reneeton,art
7391a,Female,32,25-34,Germany,West Jennifer,"technology, fitness"
73cae,Female,27,25-34,Germany,New William,"technology, photography"
74dd5,Female,34,25-34,Germany,Phamtown,technology
75c01,Female,33,25-34,Germany,New Claytonport,health
77c35,Female,28,25-34,Germany,Danielfurt,health
7a169,Female,31,25-34,Germany,Fordburgh,"food, news"
7bcef,Female,25,25-34,Germany,Lake Mitchell,technology
7f26b,Female,33,25-34,Germany,Kimberlyville,gaming
82cc3,Female,26,25-34,Germany,New Paul,gaming
866bf,Female,29,25-34,Germany,Garciaberg,"technology, fashion"
8c667,Female,27,25-34,Germany,Port Warren,"finance, fitness, fashion"
8d019,Female,33,25-34,Germany,Mathewchester,finance
8f432,Female,25,25-34,Germany,Port Gabrielfurt,"photography, fashion"
980c4,Female,34,25-34,Germany,Port Jamesstad,"travel, art"
a05ee,Female,26,25-34,Germany,New Johnshire,food
a5fec,Female,33,25-34,Germany,Brendaberg,"finance, news, gaming"
a63e6,Female,31,25-34,Germany,South Robertburgh,technology
a7218,Female,32,25-34,Germany,East Carlamouth,fashion
abf68,Female,34,25-34,Germany,Edwardstown,sports
accde,Female,29,25-34,Germany,South Timothy,"fitness, news, health"
ad2cd,Female,26,25-34,Germany,Perryton,"fashion, fitness"
afb98,Female,32,25-34,Germany,Maloneport,food
b0c70,Female,28,25-34,Germany,Collinsside,"art, finance, health"
b1125,Female,28,25-34,Germany,Georgebury,sports
b1dd3,Female,27,25-34,Germany,Samuelbury,health
b3c74,Female,31,25-34,Germany,Port Kristina,"lifestyle, art"
b43e2,Female,25,25-34,Germany,Trevinobury,"fashion, fitness"
c0d61,Female,26,25-34,Germany,Jamesborough,food
c19bc,Female,33,25-34,Germany,North Michaelton,"photography, fashion, finance"
c2fdf,Female,30,25-34,Germany,Olsenhaven,"health, food, art"
c33c3,Female,29,25-34,Germany,West Toddland,"sports, news"
c45a1,Female,27,25-34,Germany,East Tamara,"travel, fitness"
ce5f0,Female,27,25-34,Germany,Port Susan,"fitness, finance"
ce652,Female,28,25-34,Germany,Heatherport,fitness
d031e,Female,31,25-34,Germany,New Matthew,"travel, lifestyle, technology"
d2f0b,Female,27,25-34,Germany,Lake Ricky,"health, sports, fashion"
d35e5,Female,30,25-34,Germany,Hudsonland,"health, fashion"
d8e2d,Female,27,25-34,Germany,Timothybury,"art, fitness"
da9c0,Female,32,25-34,Germany,South Amanda,"fitness, fashion, sports"
da9cb,Female,25,25-34,Germany,North Christopher,"lifestyle, photography, travel"
e18da,Female,26,25-34,Germany,Dannyborough,fitness
e2858,Female,28,25-34,Germany,Oliviaton,health
e2d4b,Female,33,25-34,Germany,Durhamshire,news
e41a5,Female,27,25-34,Germany,Lake Amber,fashion
e52d3,Female,26,25-34,Germany,Lake Jonathanbury,gaming
e988e,Female,31,25-34,Germany,Lake James,"art, news"
e9a04,Female,34,25-34,Germany,Ericmouth,finance
eaae1,Female,25,25-34,Germany,New Catherinemouth,news
eef36,Female,28,25-34,Germany,Port Melaniemouth,photography
ef6e9,Female,29,25-34,Germany,Jonesberg,"sports, news"
f4251,Female,25,25-34,Germany,Jasmineberg,"travel, fashion, art"
f5b42,Female,34,25-34,Germany,New Paulmouth,technology
f8d05,Female,25,25-34,Germany,New Loganbury,fashion
fa854,Female,29,25-34,Germany,West Anita,gaming
fb157,Female,33,25-34,Germany,Montgomeryhaven,news
fc0dd,Female,33,25-34,Germany,Robertfort,photography
fd196,Female,27,25-34,Germany,Cooperstad,"fashion, gaming"
fda87,Female,30,25-34,Germany,Lake Sharon,finance
ff6cf,Female,27,25-34,Germany,Claytonberg,"gaming, art"
1820,Female,32,25-34,Canada,West Carla,"gaming, lifestyle"
6627,Female,32,25-34,Canada,Port Susanmouth,"food, fashion, gaming"
6763,Female,34,25-34,Canada,West Brittanyhaven,"fashion, lifestyle, finance"
7121,Female,27,25-34,Canada,West Javier,"finance, sports"
8198,Female,31,25-34,Canada,Moranland,photography
10936,Female,33,25-34,Canada,East Jacobfurt,"food, art"
38838,Female,32,25-34,Canada,Cruzfort,photography
43324,Female,26,25-34,Canada,Randyburgh,"art, gaming"
47376,Female,28,25-34,Canada,Bennettborough,"lifestyle, travel, food"
49357,Female,28,25-34,Canada,Dannyfort,"lifestyle, travel, sports"
7.70E+50,Female,33,25-34,Canada,Lake Tylermouth,news
1.00E+115,Female,25,25-34,Canada,Carpenterberg,fashion
0112d,Female,27,25-34,Canada,West Michael,"gaming, fashion, health"
01da6,Female,29,25-34,Canada,Amberhaven,"finance, fitness, food"
027c7,Female,34,25-34,Canada,Lake Cheryl,"photography, lifestyle"
05bf4,Female,30,25-34,Canada,South Shelly,"gaming, lifestyle, technology"
06db8,Female,31,25-34,Canada,East Jesseland,gaming
0773d,Female,27,25-34,Canada,Gardnerfort,"food, gaming"
07d38,Female,25,25-34,Canada,Juarezview,"sports, health"
0d8f2,Female,29,25-34,Canada,Lake Colleenborough,travel
103d4,Female,31,25-34,Canada,South Waltermouth,"fashion, health"
111b9,Female,25,25-34,Canada,Lake Terriburgh,fitness
1258f,Female,33,25-34,Canada,Rachelshire,"health, fashion, sports"
12e4d,Female,26,25-34,Canada,West Martinchester,"travel, fashion"
1c81f,Female,30,25-34,Canada,Port Joshuamouth,"travel, art"
1dcb6,Female,26,25-34,Canada,Edwinbury,"art, sports, gaming"
1ff10,Female,25,25-34,Canada,Port Andrewville,news
2e4b9,Female,28,25-34,Canada,Hillland,"technology, fashion, gaming"
2fbc1,Female,32,25-34,Canada,Mejiaburgh,"art, fashion, travel"
2fc6e,Female,26,25-34,Canada,Masseyberg,"sports, technology"
3253f,Female,26,25-34,Canada,South Joshuaville,"technology, lifestyle"
326b3,Female,31,25-34,Canada,New Kim,"food, photography, fashion"
3769d,Female,33,25-34,Canada,Elizabethhaven,"health, technology, photography"
3c595,Female,26,25-34,Canada,Bradleyborough,"fashion, sports"
3c8bd,Female,27,25-34,Canada,Wolfemouth,"travel, food, photography"
3d367,Female,28,25-34,Canada,Taylorton,"health, news, gaming"
4254d,Female,27,25-34,Canada,New Gregory,gaming
48bdf,Female,25,25-34,Canada,New Samanthaview,"health, sports"
4af66,Female,25,25-34,Canada,East Francis,photography
511fc,Female,32,25-34,Canada,Emilyton,technology
518d9,Female,33,25-34,Canada,New Andrew,"lifestyle, photography"
5b174,Female,30,25-34,Canada,New Kariton,"fitness, photography, sports"
61fbe,Female,32,25-34,Canada,Davidstad,fitness
6527c,Female,27,25-34,Canada,New Jamie,"gaming, travel"
65a55,Female,34,25-34,Canada,Garciastad,fitness
6756e,Female,30,25-34,Canada,Beckfurt,"lifestyle, news"
67d76,Female,30,25-34,Canada,Paulmouth,lifestyle
6a1a7,Female,32,25-34,Canada,New Katherinemouth,photography
6c578,Female,25,25-34,Canada,Yvonnetown,"gaming, health"
6d3ed,Female,28,25-34,Canada,Kathrynton,"gaming, technology"
7045a,Female,27,25-34,Canada,Burtonberg,"fashion, finance, sports"
705af,Female,25,25-34,Canada,Ferrellmouth,art
7563d,Female,33,25-34,Canada,East Kaitlynmouth,"photography, technology"
7b961,Female,28,25-34,Canada,Stephaniefurt,"finance, fashion"
7d493,Female,26,25-34,Canada,Leroystad,food
7dded,Female,31,25-34,Canada,Melissaborough,"news, lifestyle, food"
7e7b3,Female,32,25-34,Canada,Robertland,gaming
7f03b,Female,29,25-34,Canada,North Lisahaven,"photography, lifestyle, food"
819c6,Female,25,25-34,Canada,New Joseph,"fashion, fitness"
824d4,Female,29,25-34,Canada,West Patriciaville,"photography, fashion"
85be3,Female,32,25-34,Canada,West Kaylee,"finance, gaming, travel"
863c0,Female,32,25-34,Canada,Lake Victoriachester,"sports, technology"
867de,Female,29,25-34,Canada,East Alyssafurt,"health, food"
88f1f,Female,26,25-34,Canada,Port Mark,"food, photography"
89bd5,Female,26,25-34,Canada,Stephaniehaven,art
89fcd,Female,31,25-34,Canada,East Robert,"sports, news"
8df8a,Female,27,25-34,Canada,Isabelbury,"gaming, news, health"
8ecd8,Female,28,25-34,Canada,Port Melissa,"lifestyle, gaming"
93a80,Female,25,25-34,Canada,South Summer,fashion
9b343,Female,26,25-34,Canada,Summerbury,"travel, art"
9bd06,Female,33,25-34,Canada,Heathermouth,"sports, fitness"
9c989,Female,28,25-34,Canada,Velazquezmouth,"food, gaming, finance"
9ea47,Female,25,25-34,Canada,Ashleymouth,finance
a06bc,Female,26,25-34,Canada,Boyletown,"news, travel, sports"
a1289,Female,28,25-34,Canada,New Vincentbury,"fitness, finance, news"
a2b7a,Female,26,25-34,Canada,Lake Thomas,"photography, news"
a383b,Female,26,25-34,Canada,Lake Jennifer,"photography, fitness, food"
a4ef0,Female,25,25-34,Canada,Lake Jofort,"finance, gaming"
a5813,Female,25,25-34,Canada,Gentryburgh,"food, finance, lifestyle"
a717d,Female,26,25-34,Canada,New Tracy,"sports, photography"
a8bc7,Female,29,25-34,Canada,Milesfurt,"technology, sports"
affb5,Female,32,25-34,Canada,Greenton,technology
b4c88,Female,28,25-34,Canada,New Georgestad,"finance, technology, health"
b5c9a,Female,33,25-34,Canada,Lake Christiantown,"health, sports"
bb145,Female,25,25-34,Canada,North Dominique,"news, food"
bbb16,Female,25,25-34,Canada,East Melissa,news
bec44,Female,30,25-34,Canada,Callahanburgh,"fashion, news, health"
c4211,Female,25,25-34,Canada,Joshuaburgh,food
c7ec0,Female,28,25-34,Canada,Jeremytown,"art, sports"
c83fe,Female,30,25-34,Canada,Lake Jeremyburgh,"technology, finance"
cb18d,Female,32,25-34,Canada,New Mark,health
d1fde,Female,26,25-34,Canada,Lake Andrewhaven,health
d2b75,Female,31,25-34,Canada,New Kathyberg,"photography, technology, sports"
d81a2,Female,25,25-34,Canada,Jordanland,"technology, gaming"
d93f6,Female,27,25-34,Canada,Lake Nicholastown,"gaming, fashion"
db2ab,Female,31,25-34,Canada,Smithberg,"gaming, art"
dc19a,Female,25,25-34,Canada,Scottport,"photography, travel"
dc31f,Female,34,25-34,Canada,East Andrewland,photography
dc7be,Female,31,25-34,Canada,Mariahberg,"fitness, gaming, fashion"
dcfa1,Female,29,25-34,Canada,Raybury,finance
de159,Female,26,25-34,Canada,Laurenborough,"food, gaming"
de661,Female,32,25-34,Canada,South Wayne,"travel, food, photography"
def42,Female,29,25-34,Canada,Lake Randy,sports
e5a62,Female,33,25-34,Canada,Longview,"finance, sports, health"
eb916,Female,30,25-34,Canada,Brandyborough,"photography, health"
ecd84,Female,29,25-34,Canada,Jasonside,"gaming, lifestyle, news"
ed3d9,Female,27,25-34,Canada,North Lawrencechester,"health, lifestyle, food"
ee36e,Female,25,25-34,Canada,South Deborahhaven,finance
eed79,Female,25,25-34,Canada,South Carly,"food, technology, fitness"
ef090,Female,30,25-34,Canada,Lake Wesleyborough,lifestyle
f252a,Female,30,25-34,Canada,Stevenfort,"photography, travel, gaming"
f30d3,Female,33,25-34,Canada,Jonesburgh,"travel, lifestyle, photography"
f3268,Female,29,25-34,Canada,Deborahborough,"fitness, fashion, technology"
f3538,Female,31,25-34,Canada,Leeside,"photography, travel, art"
f4980,Female,25,25-34,Canada,Kelleyhaven,health
f8d0d,Female,30,25-34,Canada,South Erin,travel
f8e0c,Female,26,25-34,Canada,New Melanie,"travel, technology"
fdb17,Female,26,25-34,Canada,Brownton,"fashion, lifestyle, technology"
fe900,Female,31,25-34,Canada,New Brandon,health
5891,Female,29,25-34,India,Hamiltonchester,"fitness, lifestyle, travel"
12348,Female,29,25-34,India,Goodmanborough,fashion
13547,Female,30,25-34,India,New Evanmouth,"travel, food"
15515,Female,31,25-34,India,Karenfort,technology
21098,Female,33,25-34,India,South Alanville,fitness
27961,Female,26,25-34,India,New Anthony,"news, food, finance"
35763,Female,29,25-34,India,North Danielland,"finance, health, technology"
49487,Female,28,25-34,India,East Jacqueline,"photography, art"
91902,Female,29,25-34,India,Kingside,"photography, health, fitness"
96322,Female,33,25-34,India,Ashleytown,"news, health"
3.47E+06,Female,30,25-34,India,Meyerstad,"lifestyle, finance"
6.00E+09,Female,26,25-34,India,Gregoryfurt,"health, technology, gaming"
6.70E+09,Female,25,25-34,India,Calderonland,"fashion, food, finance"
6.37E+10,Female,26,25-34,India,Abigailview,"sports, news, travel"
1.30E+39,Female,33,25-34,India,South Sarahport,"fitness, technology"
2.00E+305,Female,28,25-34,India,Vanessaton,"food, photography"
00f82,Female,25,25-34,India,South Brianton,travel
042a2,Female,30,25-34,India,East Gregorymouth,finance
079b0,Female,26,25-34,India,West Ericborough,"fashion, technology"
0978d,Female,27,25-34,India,Lake Mariamouth,"fashion, gaming"
09abd,Female,29,25-34,India,North Teresaview,"photography, technology, gaming"
0a71f,Female,30,25-34,India,Bennettville,finance
0b0e7,Female,26,25-34,India,Weststad,"sports, travel"
0cbef,Female,26,25-34,India,Port Madison,"fitness, news, art"
0cf8f,Female,25,25-34,India,Matthewchester,"health, fashion, sports"
0e1a7,Female,31,25-34,India,Port Robert,"technology, photography, news"
0f18e,Female,33,25-34,India,Port Cameronview,gaming
0faad,Female,34,25-34,India,Deanfurt,fashion
0fe76,Female,28,25-34,India,South Regina,"sports, art"
10b4b,Female,25,25-34,India,Penahaven,travel
140d6,Female,26,25-34,India,North Maryside,health
182d6,Female,25,25-34,India,Port Sarah,"technology, news"
19b61,Female,29,25-34,India,Lake Melissafort,fashion
1f16e,Female,25,25-34,India,Jordanfort,"lifestyle, finance"
20d08,Female,28,25-34,India,Lisaport,"health, news, finance"
22cd8,Female,30,25-34,India,New Michaelborough,"lifestyle, fashion, photography"
23a03,Female,26,25-34,India,Lake Aaron,"news, fitness"
23c4c,Female,26,25-34,India,Port Jonathanton,"gaming, fashion, sports"
26b30,Female,32,25-34,India,New Aaron,"sports, technology, travel"
2bb42,Female,31,25-34,India,East Andrew,"health, fitness, finance"
2bc3a,Female,33,25-34,India,Kathrynland,photography
2be03,Female,27,25-34,India,East Nicholas,fitness
319c1,Female,28,25-34,India,Garzaberg,health
3b6b5,Female,25,25-34,India,Hoodview,"fitness, food"
3ec5b,Female,32,25-34,India,Johnsonberg,art
405bc,Female,26,25-34,India,South Shelby,fashion
40d72,Female,31,25-34,India,Rhodesfurt,"fashion, food, travel"
42dc3,Female,27,25-34,India,South Robertside,"sports, fashion, photography"
4972b,Female,33,25-34,India,South Karen,lifestyle
4b84d,Female,29,25-34,India,Billychester,"travel, health"
4c8cd,Female,29,25-34,India,Alexanderport,fashion
4e86b,Female,28,25-34,India,South Samuel,"photography, news"
51d3e,Female,27,25-34,India,Hillborough,gaming
51e6b,Female,28,25-34,India,Lake Valerie,"news, fitness"
523ac,Female,30,25-34,India,Ericaton,"gaming, sports, finance"
52b69,Female,31,25-34,India,West Matthew,"art, food, lifestyle"
54e9b,Female,31,25-34,India,Lake Johnberg,"fitness, finance"
550b9,Female,32,25-34,India,Thomasberg,"gaming, technology"
587fb,Female,25,25-34,India,North Jodibury,"food, photography, health"
5ce1a,Female,33,25-34,India,Lake Stephaniefort,"health, lifestyle, gaming"
6033a,Female,31,25-34,India,North Karenmouth,"technology, finance"
607df,Female,31,25-34,India,Terryton,"finance, news, fitness"
612dc,Female,31,25-34,India,Harrisstad,"lifestyle, gaming"
6231f,Female,29,25-34,India,Marybury,"finance, travel, gaming"
654d6,Female,28,25-34,India,West Anthonyport,"lifestyle, food"
6654c,Female,25,25-34,India,Allenfurt,"photography, technology"
6b904,Female,33,25-34,India,West Shirley,"finance, lifestyle, travel"
6cf04,Female,26,25-34,India,Taylorport,health
6dad6,Female,33,25-34,India,Andrewside,health
6dbad,Female,26,25-34,India,Davischester,"fitness, travel, gaming"
6fa60,Female,28,25-34,India,North Lindaburgh,"lifestyle, food, art"
721fb,Female,27,25-34,India,Mayoville,health
7280a,Female,28,25-34,India,South Gabriela,"technology, fashion"
73d5c,Female,30,25-34,India,East Justin,"fashion, finance, gaming"
751b0,Female,30,25-34,India,Avilabury,travel
774f2,Female,33,25-34,India,South Timothyhaven,food
78df9,Female,33,25-34,India,East Amyburgh,"food, art"
7a50b,Female,26,25-34,India,New Thomasland,"photography, fitness"
7ab79,Female,26,25-34,India,Brownview,"photography, news"
818a3,Female,30,25-34,India,Karenhaven,"art, lifestyle, sports"
821d3,Female,28,25-34,India,New Jessica,"fitness, travel, technology"
8359f,Female,30,25-34,India,Huntshire,"fashion, fitness"
850d4,Female,27,25-34,India,West Lorimouth,"fitness, health, food"
88f69,Female,31,25-34,India,Micheleborough,"technology, health"
8dbe7,Female,30,25-34,India,Lake Jeremy,"technology, food, photography"
8f6f5,Female,26,25-34,India,Woodardbury,"gaming, lifestyle"
8fae7,Female,34,25-34,India,Patrickbury,"finance, health, photography"
910b5,Female,28,25-34,India,New Jessica,gaming
91d48,Female,31,25-34,India,Forbesmouth,"fashion, fitness"
9274a,Female,30,25-34,India,Lake Markside,"food, fitness, technology"
935c6,Female,33,25-34,India,Nicholasshire,"gaming, photography"
96eb2,Female,27,25-34,India,South Thomas,"sports, lifestyle"
9a07e,Female,27,25-34,India,Theresaborough,"fitness, gaming, photography"
9a72a,Female,30,25-34,India,Hugheshaven,"food, fitness, travel"
9c3a1,Female,26,25-34,India,Payneshire,"health, lifestyle"
9f5ee,Female,25,25-34,India,Kennethborough,"technology, health"
a0505,Female,26,25-34,India,Cynthialand,fashion
a0a2d,Female,30,25-34,India,Munozfurt,"lifestyle, technology"
a0f2d,Female,32,25-34,India,Amandafurt,"lifestyle, technology"
a16c9,Female,33,25-34,India,New Josephfurt,"fitness, news"
a23cc,Female,29,25-34,India,Jonesberg,"travel, news"
a31b2,Female,25,25-34,India,Markbury,food
a397b,Female,30,25-34,India,North Robertfort,news
a4010,Female,31,25-34,India,New Melissa,"health, travel"
a63a3,Female,33,25-34,India,West Gregoryborough,"gaming, food"
a874d,Female,25,25-34,India,Millertown,"lifestyle, art"
a8807,Female,27,25-34,India,Simmonsside,"lifestyle, fitness"
aaed1,Female,34,25-34,India,Reynoldsville,"health, art, news"
ad9d2,Female,25,25-34,India,Port Anna,fitness
af05e,Female,26,25-34,India,Christopherberg,"health, news, fitness"
b1914,Female,33,25-34,India,North Juan,finance
b1bf9,Female,25,25-34,India,North Heather,"photography, fashion"
b2402,Female,27,25-34,India,Ericshire,"travel, sports"
b3f4b,Female,32,25-34,India,Wardtown,"technology, fashion"
b4f98,Female,31,25-34,India,Alvarezview,"fitness, photography"
b567d,Female,33,25-34,India,West Tiffanyberg,"lifestyle, travel"
b6c5c,Female,32,25-34,India,Port Tammy,"photography, lifestyle"
bc59f,Female,25,25-34,India,Port Megan,"lifestyle, technology"
bcf20,Female,31,25-34,India,South Edwin,gaming
bd93b,Female,30,25-34,India,Castroshire,news
c2b6c,Female,31,25-34,India,Williamsonshire,lifestyle
c7cc1,Female,34,25-34,India,Christensenfort,"travel, art, technology"
c7fe6,Female,33,25-34,India,Barrymouth,"health, fitness, technology"
c826e,Female,32,25-34,India,Danielbury,travel
c9fa9,Female,33,25-34,India,Lake Josephchester,"health, travel, art"
cbb67,Female,26,25-34,India,Josephhaven,lifestyle
ccd47,Female,31,25-34,India,Gilbertport,"fitness, news"
ce331,Female,29,25-34,India,North Jody,"food, health"
cee99,Female,28,25-34,India,Port Michaelshire,technology
cf88e,Female,31,25-34,India,Patriciastad,"news, fashion"
d12ea,Female,29,25-34,India,Lake Benjamin,sports
d1563,Female,32,25-34,India,New Lawrencehaven,technology
d1cc3,Female,26,25-34,India,Shawnside,"gaming, photography, art"
d38f9,Female,27,25-34,India,Anthonyside,"art, sports, fashion"
d7a5a,Female,33,25-34,India,West Lonnieshire,travel
d8eb0,Female,26,25-34,India,Laurenshire,"sports, lifestyle, travel"
da149,Female,29,25-34,India,Whiteport,technology
db31a,Female,32,25-34,India,Valeriestad,"fashion, finance, food"
dc8f8,Female,28,25-34,India,Lake Karen,"lifestyle, fashion"
e1932,Female,25,25-34,India,Chapmanborough,sports
e40ea,Female,28,25-34,India,West Sarastad,"finance, photography, technology"
e4dae,Female,32,25-34,India,Wardtown,"photography, technology, fashion"
e70cf,Female,26,25-34,India,Port Brianstad,"photography, finance"
e7ae6,Female,34,25-34,India,East Charlesmouth,"gaming, finance, photography"
e828c,Female,31,25-34,India,North Brooke,"fitness, technology, gaming"
e8519,Female,25,25-34,India,Lake Tammie,sports
ec2f7,Female,30,25-34,India,North Jacqueline,"gaming, finance, travel"
ed034,Female,27,25-34,India,Seanmouth,"lifestyle, news"
ed8dc,Female,32,25-34,India,West Garyview,photography
ee13e,Female,27,25-34,India,Whitneytown,"gaming, fashion, fitness"
f0d44,Female,33,25-34,India,Stewartport,"food, technology"
f1b06,Female,27,25-34,India,South Sarah,sports
f2fd4,Female,31,25-34,India,North Nathan,"news, sports, art"
f5bd4,Female,27,25-34,India,Castillobury,"photography, fashion"
f636c,Female,27,25-34,India,East Steven,"travel, photography"
fa918,Female,26,25-34,India,Lake Kennethport,health
fe016,Female,26,25-34,India,North Joseph,travel
95,Female,28,25-34,United Kingdom,Port Thomas,"photography, fashion"
1.72E+02,Female,31,25-34,United Kingdom,Markside,"finance, sports"
559,Female,25,25-34,United Kingdom,Jerryport,"health, travel, sports"
6.12E+02,Female,32,25-34,United Kingdom,South Tinaville,food
1863,Female,28,25-34,United Kingdom,Scottstad,news
4424,Female,31,25-34,United Kingdom,Tiffanybury,"health, art, photography"
5436,Female,28,25-34,United Kingdom,North Michaelmouth,"finance, art, fitness"
9317,Female,27,25-34,United Kingdom,New Donald,"sports, lifestyle"
10169,Female,27,25-34,United Kingdom,North Christopher,"fitness, food"
13088,Female,34,25-34,United Kingdom,Jasmineland,lifestyle
21943,Female,32,25-34,United Kingdom,New Heather,"photography, finance, health"
23444,Female,30,25-34,United Kingdom,South Amandamouth,"food, technology"
29507,Female,26,25-34,United Kingdom,New Katherine,"fashion, travel, sports"
30290,Female,27,25-34,United Kingdom,East Kelly,"sports, photography, travel"
35043,Female,32,25-34,United Kingdom,Francismouth,sports
35049,Female,30,25-34,United Kingdom,Shawnport,technology
45394,Female,27,25-34,United Kingdom,West Jasonland,"lifestyle, technology"
52289,Female,25,25-34,United Kingdom,Maloneberg,"fashion, travel, gaming"
57727,Female,30,25-34,United Kingdom,Cherryshire,news
58874,Female,28,25-34,United Kingdom,Lake Jeffreyland,"travel, fitness, news"
62211,Female,26,25-34,United Kingdom,Jimmyhaven,"finance, food, fitness"
66255,Female,32,25-34,United Kingdom,Port Randalltown,"finance, art"
79017,Female,25,25-34,United Kingdom,Reyesville,art
85331,Female,33,25-34,United Kingdom,West Tara,"finance, health"
91851,Female,27,25-34,United Kingdom,Kimberlyhaven,"fitness, lifestyle, sports"
92773,Female,29,25-34,United Kingdom,Williamtown,health
93190,Female,25,25-34,United Kingdom,Karastad,news
94342,Female,26,25-34,United Kingdom,East Ronnie,"art, fitness"
96894,Female,28,25-34,United Kingdom,Hermanhaven,finance
97262,Female,27,25-34,United Kingdom,West Marcustown,"art, travel, health"
9.87E+05,Female,33,25-34,United Kingdom,South Charlesport,travel
2.90E+22,Female,25,25-34,United Kingdom,South Teresaborough,"travel, art"
5.70E+36,Female,25,25-34,United Kingdom,East Jimmy,"gaming, art"
4.70E+72,Female,30,25-34,United Kingdom,Ericmouth,"food, lifestyle"
5.10E+73,Female,28,25-34,United Kingdom,Mcculloughfort,"fitness, fashion, sports"
1.90E+86,Female,28,25-34,United Kingdom,Justinville,"lifestyle, fitness, food"
5.40E+89,Female,31,25-34,United Kingdom,West Stephen,"sports, health"
003a2,Female,34,25-34,United Kingdom,South Curtis,news
01a37,Female,29,25-34,United Kingdom,East Tracey,fitness
040cc,Female,26,25-34,United Kingdom,Bushtown,health
04c39,Female,32,25-34,United Kingdom,New Charles,"photography, news, art"
05b29,Female,25,25-34,United Kingdom,Lake Scottville,"gaming, news"
0bb06,Female,25,25-34,United Kingdom,Booneside,fashion
0c3a6,Female,29,25-34,United Kingdom,Morenostad,"health, news, fashion"
0cdf2,Female,28,25-34,United Kingdom,Anthonyton,"food, sports"
125aa,Female,31,25-34,United Kingdom,East Richardland,gaming
14d54,Female,25,25-34,United Kingdom,East Carmen,"news, technology"
15cee,Female,28,25-34,United Kingdom,Paulport,"photography, lifestyle"
18f66,Female,34,25-34,United Kingdom,Dianaton,"news, travel, lifestyle"
1b573,Female,25,25-34,United Kingdom,South Crystal,"fashion, travel, lifestyle"
1b6bb,Female,28,25-34,United Kingdom,Kellymouth,"travel, sports, finance"
1c583,Female,28,25-34,United Kingdom,Justinmouth,"sports, news"
1d256,Female,30,25-34,United Kingdom,Laneborough,travel
1ecb0,Female,30,25-34,United Kingdom,New Cory,"lifestyle, art"
1f362,Female,30,25-34,United Kingdom,East Matthew,"fitness, fashion, finance"
1f45d,Female,26,25-34,United Kingdom,Hannahside,"gaming, art, technology"
1ff8d,Female,32,25-34,United Kingdom,Maryside,"photography, health, news"
20c87,Female,31,25-34,United Kingdom,West Paula,lifestyle
2327f,Female,25,25-34,United Kingdom,Garyburgh,art
25de8,Female,26,25-34,United Kingdom,North Aliciaburgh,"travel, food"
263dd,Female,27,25-34,United Kingdom,Watkinsshire,"lifestyle, health, art"
270b9,Female,29,25-34,United Kingdom,Patricktown,"finance, news, photography"
27e0a,Female,26,25-34,United Kingdom,East Taraland,finance
29b24,Female,33,25-34,United Kingdom,West Joshua,fashion
32d3b,Female,33,25-34,United Kingdom,Abbottfurt,art
32ff0,Female,31,25-34,United Kingdom,Lake Amber,"health, lifestyle"
33eb8,Female,26,25-34,United Kingdom,East Karen,"travel, fashion, food"
349ca,Female,31,25-34,United Kingdom,Aguilarport,"health, lifestyle"
34fe0,Female,30,25-34,United Kingdom,North Kristinefort,fashion
368a5,Female,29,25-34,United Kingdom,Victorville,lifestyle
394a6,Female,28,25-34,United Kingdom,South Barbara,"finance, health"
3a3bc,Female,34,25-34,United Kingdom,Johnmouth,"news, food"
3a504,Female,32,25-34,United Kingdom,East Megan,sports
3b4ee,Female,28,25-34,United Kingdom,South Brenda,art
3c913,Female,26,25-34,United Kingdom,North Ronaldton,technology
3cf51,Female,34,25-34,United Kingdom,North Jennifer,"travel, technology"
3d0e7,Female,32,25-34,United Kingdom,Port Mariaview,"news, travel"
3ea49,Female,28,25-34,United Kingdom,Lake Stephen,fitness
3fbd5,Female,30,25-34,United Kingdom,Williamsshire,food
41d08,Female,29,25-34,United Kingdom,Weissburgh,sports
427a3,Female,29,25-34,United Kingdom,Fletcherhaven,"news, fitness"
43b82,Female,28,25-34,United Kingdom,South Joshua,"health, technology, lifestyle"
44aeb,Female,26,25-34,United Kingdom,South Donald,food
44b07,Female,33,25-34,United Kingdom,New Jaimemouth,"photography, travel"
45ff0,Female,27,25-34,United Kingdom,Gavinview,"gaming, sports, finance"
49d92,Female,31,25-34,United Kingdom,South Ericaport,fashion
4a1c7,Female,34,25-34,United Kingdom,South Stephaniemouth,"photography, technology, health"
4a1d1,Female,29,25-34,United Kingdom,Port Elijahton,"health, travel"
4b507,Female,26,25-34,United Kingdom,Sabrinatown,"technology, fitness"
4beaf,Female,26,25-34,United Kingdom,Stephenmouth,"technology, art, health"
4c0cb,Female,29,25-34,United Kingdom,West Sarah,"news, gaming"
4ded7,Female,32,25-34,United Kingdom,Navarrofurt,"art, food, sports"
4ec0b,Female,28,25-34,United Kingdom,Trevinomouth,gaming
4ec7c,Female,33,25-34,United Kingdom,Port Christophershire,"technology, health"
4f0e4,Female,27,25-34,United Kingdom,New Nathanchester,"news, art"
4f73e,Female,32,25-34,United Kingdom,Marshland,"sports, food"
4f9f0,Female,29,25-34,United Kingdom,Adamsview,"travel, health"
513fb,Female,25,25-34,United Kingdom,Colechester,"food, fashion"
558d3,Female,30,25-34,United Kingdom,Sabrinamouth,travel
562bd,Female,30,25-34,United Kingdom,Hollytown,"news, finance"
56a20,Female,34,25-34,United Kingdom,Youngfurt,"sports, technology, finance"
570cb,Female,34,25-34,United Kingdom,North Cherylside,"technology, sports"
58a6c,Female,32,25-34,United Kingdom,Brownside,fitness
5abb2,Female,33,25-34,United Kingdom,Thomasville,fashion
5c418,Female,29,25-34,United Kingdom,Myerschester,"travel, lifestyle"
5ca6a,Female,27,25-34,United Kingdom,Lake Joshua,"sports, technology, lifestyle"
5df1b,Female,27,25-34,United Kingdom,Lake Karenton,"health, fitness"
5e851,Female,29,25-34,United Kingdom,Mariamouth,"food, photography, gaming"
5f0e8,Female,34,25-34,United Kingdom,Port Joshua,"lifestyle, fashion"
6425e,Female,34,25-34,United Kingdom,West Williamstad,"health, fashion, fitness"
66a64,Female,29,25-34,United Kingdom,New Melissaville,art
67dc4,Female,34,25-34,United Kingdom,Laurenborough,"health, news, technology"
6c30f,Female,31,25-34,United Kingdom,Stevenhaven,"gaming, fashion, finance"
6cf2e,Female,34,25-34,United Kingdom,South Amberport,"fashion, finance"
6db05,Female,25,25-34,United Kingdom,East Joshua,fashion
6e08a,Female,25,25-34,United Kingdom,Coleport,"gaming, photography, news"
6e475,Female,29,25-34,United Kingdom,Port Laura,food
6f4fe,Female,33,25-34,United Kingdom,Lake Whitney,"gaming, news, food"
7347f,Female,26,25-34,United Kingdom,Wilsonfort,"fitness, photography"
742c5,Female,33,25-34,United Kingdom,East Troy,gaming
74b61,Female,33,25-34,United Kingdom,Patrickside,"news, health"
77f40,Female,26,25-34,United Kingdom,Karenfort,news
78e5e,Female,32,25-34,United Kingdom,Lake Juanmouth,"fitness, art, technology"
798d0,Female,28,25-34,United Kingdom,Mauricemouth,lifestyle
7aeaa,Female,32,25-34,United Kingdom,Lake Tammyport,news
7afb3,Female,27,25-34,United Kingdom,South Danielborough,"gaming, food"
7c08a,Female,31,25-34,United Kingdom,Clarkborough,"gaming, fitness, lifestyle"
7ca33,Female,25,25-34,United Kingdom,Meganview,fitness
7dfa6,Female,29,25-34,United Kingdom,Nathanton,"finance, sports, art"
7ee7f,Female,25,25-34,United Kingdom,East Madisonfort,art
811bb,Female,28,25-34,United Kingdom,South James,"technology, travel, gaming"
8212d,Female,25,25-34,United Kingdom,East Kathryn,"finance, fitness"
82afd,Female,25,25-34,United Kingdom,New Maria,"sports, health"
83c4e,Female,25,25-34,United Kingdom,South Russellfurt,photography
86a39,Female,28,25-34,United Kingdom,Lake David,health
884d1,Female,28,25-34,United Kingdom,West Lukechester,"gaming, travel, technology"
890ff,Female,29,25-34,United Kingdom,Lake Christine,"fitness, travel, technology"
8ab7d,Female,30,25-34,United Kingdom,Sheenaview,"news, gaming, sports"
8c73b,Female,26,25-34,United Kingdom,Scotttown,"technology, fitness"
8c85a,Female,31,25-34,United Kingdom,Myersborough,"news, lifestyle, fitness"
8fc99,Female,25,25-34,United Kingdom,Stevensburgh,sports
8fd7a,Female,32,25-34,United Kingdom,East Kristahaven,"fitness, fashion"
91ef6,Female,32,25-34,United Kingdom,Jacobsmouth,"photography, news, gaming"
933f3,Female,29,25-34,United Kingdom,East Stephenmouth,"news, art, travel"
9444a,Female,29,25-34,United Kingdom,Elijahstad,food
94ae8,Female,27,25-34,United Kingdom,North Howardfort,"news, gaming"
95fd9,Female,29,25-34,United Kingdom,West Jessica,"technology, art"
97a45,Female,29,25-34,United Kingdom,Tylerfort,fashion
9a27b,Female,28,25-34,United Kingdom,Tylerstad,finance
9dc3d,Female,29,25-34,United Kingdom,Jamesfurt,"fitness, technology"
9dff4,Female,28,25-34,United Kingdom,Harperside,sports
9e31a,Female,26,25-34,United Kingdom,Wardport,"travel, food"
9edfe,Female,29,25-34,United Kingdom,West Emily,"fashion, news"
9f1c2,Female,26,25-34,United Kingdom,Andersontown,"fitness, photography, gaming"
a2bcc,Female,27,25-34,United Kingdom,East Scottfort,"photography, technology, sports"
a43ac,Female,32,25-34,United Kingdom,South Lindsay,"gaming, travel, finance"
a8b90,Female,27,25-34,United Kingdom,South Andreton,"food, technology, art"
ab551,Female,31,25-34,United Kingdom,Johnsontown,fitness
ab83a,Female,27,25-34,United Kingdom,Port Brian,"fashion, food"
ac5f7,Female,33,25-34,United Kingdom,North Danny,"travel, health, news"
ae540,Female,25,25-34,United Kingdom,Lake Steven,"food, news"
afd9a,Female,25,25-34,United Kingdom,Lake Laura,technology
b1b5f,Female,26,25-34,United Kingdom,North Shawn,"gaming, food, finance"
b30c8,Female,25,25-34,United Kingdom,Deborahmouth,"health, finance"
b40a2,Female,32,25-34,United Kingdom,Pattersonville,"technology, finance, fashion"
b54fd,Female,33,25-34,United Kingdom,New Brittanyburgh,"fitness, food, travel"
b6fa5,Female,31,25-34,United Kingdom,Lake Stephaniestad,"fashion, food"
b7f4f,Female,25,25-34,United Kingdom,New Charles,"sports, lifestyle"
b8080,Female,29,25-34,United Kingdom,Courtneymouth,fitness
bce89,Female,34,25-34,United Kingdom,Brettton,art
bd0f5,Female,27,25-34,United Kingdom,South William,sports
c0641,Female,30,25-34,United Kingdom,West Michael,photography
c0a81,Female,29,25-34,United Kingdom,Darrenberg,"food, sports, gaming"
c18a3,Female,26,25-34,United Kingdom,Port Jasonland,health
c1bfd,Female,33,25-34,United Kingdom,Port Andrewview,"technology, fitness"
c35bf,Female,25,25-34,United Kingdom,Wongport,"photography, finance"
c40a1,Female,26,25-34,United Kingdom,Gilbertberg,sports
c416d,Female,25,25-34,United Kingdom,New Erica,news
c68d5,Female,31,25-34,United Kingdom,New Hannah,"fashion, food"
c6efe,Female,32,25-34,United Kingdom,West Hannahtown,food
cc6db,Female,28,25-34,United Kingdom,Davidview,"news, art, technology"
cdf43,Female,27,25-34,United Kingdom,North Sandraburgh,"lifestyle, finance"
cf7bc,Female,28,25-34,United Kingdom,Thomaston,art
d01e2,Female,28,25-34,United Kingdom,New Jeremy,"travel, fitness"
d0225,Female,32,25-34,United Kingdom,Marshland,fashion
d327d,Female,26,25-34,United Kingdom,Andreastad,"finance, art, technology"
d8288,Female,32,25-34,United Kingdom,West Maryhaven,"sports, health"
d84ca,Female,29,25-34,United Kingdom,Ericksonside,"lifestyle, sports"
da502,Female,29,25-34,United Kingdom,Shawbury,"technology, lifestyle, travel"
db61f,Female,26,25-34,United Kingdom,Jimborough,sports
de0b2,Female,30,25-34,United Kingdom,Michelleton,"photography, news"
de70f,Female,26,25-34,United Kingdom,Meltonside,"fashion, health"
df275,Female,25,25-34,United Kingdom,Hugheschester,technology
df4a3,Female,25,25-34,United Kingdom,West Lauraside,"art, gaming"
e03f0,Female,25,25-34,United Kingdom,Jasonborough,"food, health"
e0cac,Female,29,25-34,United Kingdom,South Robert,art
e4518,Female,33,25-34,United Kingdom,Lake Carlosfurt,travel
e4c5e,Female,29,25-34,United Kingdom,North Thomas,art
e7a53,Female,31,25-34,United Kingdom,Ryanhaven,travel
e9e0b,Female,31,25-34,United Kingdom,Alexanderville,"fashion, food"
e9eb6,Female,33,25-34,United Kingdom,Lake Cynthia,health
eaa7d,Female,28,25-34,United Kingdom,Cookhaven,"technology, gaming"
ebab9,Female,34,25-34,United Kingdom,East Nicoleburgh,"travel, food, gaming"
ebdb7,Female,32,25-34,United Kingdom,Wellstown,"gaming, finance, fashion"
ec457,Female,25,25-34,United Kingdom,South Bradley,"fashion, lifestyle, photography"
ec64c,Female,27,25-34,United Kingdom,Ballardstad,"sports, gaming, fitness"
ecf43,Female,34,25-34,United Kingdom,Sharonton,"lifestyle, technology"
eea03,Female,34,25-34,United Kingdom,Jeromeside,health
f0017,Female,31,25-34,United Kingdom,Collierport,"travel, fashion"
f08c7,Female,26,25-34,United Kingdom,West Michael,"art, news"
f0bee,Female,25,25-34,United Kingdom,Fowlerberg,health
f0c8e,Female,31,25-34,United Kingdom,North Melissa,"lifestyle, health"
f2c5f,Female,25,25-34,United Kingdom,New Jennifer,"art, technology"
f3e17,Female,34,25-34,United Kingdom,South Diane,"food, travel"
f402a,Female,25,25-34,United Kingdom,Port Brianatown,"photography, fitness, technology"
f51df,Female,30,25-34,United Kingdom,Alexanderville,travel
fb38e,Female,34,25-34,United Kingdom,East Jamesside,"travel, health"
fba51,Female,28,25-34,United Kingdom,Farrellton,"photography, fashion"
febd6,Female,32,25-34,United Kingdom,Lake Mason,"photography, health"
fed84,Female,28,25-34,United Kingdom,East Nathanchester,food
ffa49,Female,31,25-34,United Kingdom,West Keith,"fitness, art"
10005,Male,34,25-34,Brazil,North John,"fitness, photography, finance"
27706,Male,34,25-34,Canada,Erikfurt,"gaming, fitness"
46829,Male,34,25-34,Germany,East Nathan,"fitness, health"
73018,Male,34,25-34,Australia,Carlosfort,"technology, gaming, art"
73024,Male,34,25-34,Mexico,Bartonchester,technology
86103,Male,34,25-34,Germany,South Cody,"fashion, news"
98264,Male,34,25-34,France,North Alexview,"technology, finance"
7.10E+19,Male,34,25-34,India,South Alexis,"travel, fashion"
0ffc6,Male,34,25-34,Germany,Lake Martha,"health, sports, lifestyle"
170bc,Male,34,25-34,India,New Angelaville,"gaming, technology"
1740b,Male,34,25-34,Canada,North Crystal,lifestyle
17b27,Male,34,25-34,Brazil,Floresfurt,sports
187b4,Male,34,25-34,India,East Briantown,health
1b4d4,Male,34,25-34,Australia,Ericaport,"technology, health, sports"
1dffb,Male,34,25-34,Brazil,Lisabury,"travel, fitness"
1f47b,Male,34,25-34,Canada,Washingtonton,food
1f58f,Male,34,25-34,Canada,Lake Stephanie,"food, fashion"
2073e,Male,34,25-34,Germany,Carlyton,"health, food, gaming"
27cda,Male,34,25-34,Australia,Jeremymouth,"technology, fitness, news"
3012e,Male,34,25-34,Brazil,Robinshire,photography
32b43,Male,34,25-34,India,Kingmouth,technology
33c80,Male,34,25-34,India,Woodberg,"sports, food"
3484c,Male,34,25-34,Japan,New Sarahport,fashion
35d6e,Male,34,25-34,Japan,East William,finance
39ca9,Male,34,25-34,Canada,East Mikeberg,"fashion, photography"
3c9fc,Male,34,25-34,Germany,Brianaberg,technology
401d4,Male,34,25-34,Brazil,Jonathanhaven,lifestyle
4121a,Male,34,25-34,Australia,West Erinville,sports
47af7,Male,34,25-34,India,North Katie,"news, technology"
522a2,Male,34,25-34,Australia,Port Kristinfurt,"gaming, news"
56ab4,Male,34,25-34,France,Patrickville,"health, technology, art"
571d1,Male,34,25-34,Canada,Nelsonmouth,fashion
59eac,Male,34,25-34,Mexico,Wrightside,"gaming, sports, health"
5b77a,Male,34,25-34,Japan,Frankville,fashion
5c209,Male,34,25-34,India,Baileyburgh,food
5eb96,Male,34,25-34,Germany,North Samuelland,fashion
6209c,Male,34,25-34,Germany,Kaitlynport,food
6ecdb,Male,34,25-34,Mexico,Nicolefort,"lifestyle, food, photography"
73ab4,Male,34,25-34,Brazil,Port Joseph,"lifestyle, art"
7b833,Male,34,25-34,Germany,North Robert,"photography, fitness"
7be79,Male,34,25-34,Germany,East Donna,technology
7dc64,Male,34,25-34,Canada,Wuton,"lifestyle, finance, fashion"
801b4,Male,34,25-34,India,South Tiffanybury,finance
8bada,Male,34,25-34,Brazil,South Pam,"finance, lifestyle, fashion"
8eaf6,Male,34,25-34,Japan,Evansport,"lifestyle, health"
93b73,Male,34,25-34,Brazil,West Kayla,fitness
9548f,Male,34,25-34,Brazil,Karenton,news
978d0,Male,34,25-34,Canada,Port Andrew,news
9a69a,Male,34,25-34,Germany,South Anna,"photography, finance, lifestyle"
9a915,Male,34,25-34,India,Wattsshire,photography
9bc0c,Male,34,25-34,Germany,Davidshire,fashion
a8fce,Male,34,25-34,Germany,Schmidtstad,"photography, technology"
aa4d3,Male,34,25-34,India,Chungfort,news
abbeb,Male,34,25-34,Canada,North Thomashaven,"art, lifestyle"
acc9a,Male,34,25-34,Australia,New Michelle,"sports, health"
aedbf,Male,34,25-34,France,Dianastad,news
b609d,Male,34,25-34,Germany,West Johnborough,travel
b67b7,Male,34,25-34,Canada,Moralesport,"photography, technology, news"
b6901,Male,34,25-34,India,East Josemouth,"fashion, sports"
bb7c6,Male,34,25-34,Mexico,Port Pedro,"sports, travel"
c4991,Male,34,25-34,Australia,Jacquelinestad,"travel, news"
c65e1,Male,34,25-34,Germany,East Williamburgh,"news, fitness, travel"
c92ca,Male,34,25-34,Canada,Port Alexandra,sports
cad41,Male,34,25-34,Brazil,New Brian,"gaming, food"
cc728,Male,34,25-34,Canada,Port Bradside,finance
d0be5,Male,34,25-34,Australia,Atkinsonburgh,"finance, food, technology"
dc35e,Male,34,25-34,Australia,North Bryanfort,"news, health, gaming"
e7502,Male,34,25-34,India,North Charles,sports
e837b,Male,34,25-34,Japan,Lake Austinchester,"travel, news"
eaa37,Male,34,25-34,Brazil,Maymouth,"gaming, fashion"
eaf61,Male,34,25-34,Germany,Wendymouth,fitness
f7b44,Male,34,25-34,Australia,Herreraborough,"food, finance, photography"
f7ed0,Male,34,25-34,Germany,North Henry,"lifestyle, fitness"
fa2b6,Male,34,25-34,Japan,Pricehaven,fashion
5409,Male,31,25-34,Australia,Port Zoechester,"news, gaming, technology"
26117,Male,31,25-34,Germany,North Nicholasview,technology
30539,Male,31,25-34,Japan,Sandraside,art
37672,Male,31,25-34,Japan,East James,"lifestyle, fashion"
54459,Male,31,25-34,Canada,Smithshire,"health, news, fitness"
88886,Male,31,25-34,Brazil,Reillyville,"photography, lifestyle"
98018,Male,31,25-34,Germany,Drewside,technology
8.40E+65,Male,31,25-34,India,Michaelside,sports
02e0f,Male,31,25-34,France,East Sean,"technology, health"
0aa2c,Male,31,25-34,Canada,Codymouth,"health, gaming"
1620e,Male,31,25-34,Canada,Lake Curtisberg,"health, finance, technology"
166c8,Male,31,25-34,Japan,Hendricksville,health
1748c,Male,31,25-34,France,New Hunterport,"photography, art"
1ac28,Male,31,25-34,India,East Kathrynshire,"fashion, art"
1e4c2,Male,31,25-34,Mexico,West Kellyfurt,gaming
24b9b,Male,31,25-34,Brazil,New Jeffrey,"sports, health"
2756c,Male,31,25-34,Germany,Mcdanielport,"fashion, fitness, food"
27a95,Male,31,25-34,Japan,North Meganmouth,"news, technology, health"
2a1c9,Male,31,25-34,Mexico,Calderonbury,"travel, art"
2be6f,Male,31,25-34,Brazil,Robertview,travel
2c5ad,Male,31,25-34,Brazil,East Ryan,gaming
2c6cd,Male,31,25-34,Australia,Port Stevenmouth,"health, food"
2e989,Male,31,25-34,Germany,Holderfurt,"sports, gaming"
2f24c,Male,31,25-34,India,Cunninghamtown,"lifestyle, technology"
357ea,Male,31,25-34,Brazil,Weaverfurt,"travel, technology, news"
36ebb,Male,31,25-34,Germany,West Joseph,"news, lifestyle"
3a935,Male,31,25-34,Canada,Wrightmouth,"photography, news, food"
3aca5,Male,31,25-34,Canada,Laurachester,"technology, food"
3ad3a,Male,31,25-34,Canada,North David,"travel, fitness, art"
3af35,Male,31,25-34,India,Katherinechester,"sports, fashion"
3e4df,Male,31,25-34,Canada,Jeremyton,photography
41c03,Male,31,25-34,India,Ericton,"art, fitness, photography"
4301d,Male,31,25-34,India,Andersonborough,sports
46f45,Male,31,25-34,Canada,Lake Aprilberg,"finance, sports, fitness"
48a86,Male,31,25-34,Brazil,Millertown,"art, health, news"
4a064,Male,31,25-34,Australia,West Kathychester,"sports, finance, lifestyle"
5017c,Male,31,25-34,Australia,Port Christina,"food, fitness"
53afb,Male,31,25-34,India,Chambersport,travel
5ff15,Male,31,25-34,India,South Jeffreytown,lifestyle
66fed,Male,31,25-34,Australia,Lake Taraland,fashion
686ae,Male,31,25-34,Germany,Lewisville,food
72adf,Male,31,25-34,Germany,Michaelborough,"technology, news, photography"
74cfb,Male,31,25-34,Mexico,Port Elizabethfurt,"health, fitness, technology"
761c0,Male,31,25-34,India,North Cynthiastad,"sports, news, fashion"
7cd39,Male,31,25-34,Germany,Port Calebton,"gaming, news, lifestyle"
81ddc,Male,31,25-34,Mexico,Melissastad,"technology, gaming, sports"
860a3,Male,31,25-34,France,Morrisshire,"art, finance, sports"
8aa28,Male,31,25-34,India,South Danielle,"photography, food, technology"
8b424,Male,31,25-34,India,Hannahland,"photography, art"
8be8a,Male,31,25-34,Japan,Dukeland,"news, travel"
8c308,Male,31,25-34,Canada,Stoutton,health
8dc43,Male,31,25-34,Australia,West Shelley,fitness
8ddef,Male,31,25-34,Brazil,Bruceport,"fashion, photography, technology"
911b4,Male,31,25-34,Germany,Morganland,"news, art, photography"
9c35d,Male,31,25-34,Australia,Coxtown,"lifestyle, health, photography"
9ea6a,Male,31,25-34,Brazil,Delgadofurt,"health, news"
a1419,Male,31,25-34,Australia,Elizabethland,"fashion, lifestyle, technology"
a6342,Male,31,25-34,India,New Teresa,"gaming, news, finance"
a730d,Male,31,25-34,India,Dominiquefurt,"travel, lifestyle, fashion"
a738c,Male,31,25-34,Australia,West Brian,"health, fitness"
a7473,Male,31,25-34,Japan,Skinnerton,health
a971e,Male,31,25-34,India,West Kevin,"sports, fashion"
aa652,Male,31,25-34,Canada,Johnfort,health
af50f,Male,31,25-34,Australia,Cameronhaven,"health, technology"
b0eec,Male,31,25-34,Canada,Meganland,photography
b4682,Male,31,25-34,Mexico,Edwardfort,"gaming, finance, news"
b4c37,Male,31,25-34,India,Williamsside,news
b628f,Male,31,25-34,Mexico,Valerieton,"gaming, travel"
b88df,Male,31,25-34,Germany,Mcdonaldshire,"fashion, technology"
baa08,Male,31,25-34,Canada,Smithfurt,fitness
bb548,Male,31,25-34,Japan,West Heatherbury,"art, gaming"
c0298,Male,31,25-34,Mexico,Leachton,finance
c0797,Male,31,25-34,Germany,West Joshua,"art, food"
c08c3,Male,31,25-34,Canada,Francischester,health
c5d9b,Male,31,25-34,India,Sharonmouth,"photography, news, fitness"
c6787,Male,31,25-34,India,Jonesstad,"lifestyle, sports, news"
c6a83,Male,31,25-34,India,Ingramburgh,"technology, travel, photography"
c8f01,Male,31,25-34,Germany,South Stephenburgh,fashion
cb213,Male,31,25-34,Germany,Port Philipstad,fitness
d1af5,Male,31,25-34,Japan,Brianfurt,"fashion, sports, gaming"
d2708,Male,31,25-34,Japan,Tammybury,"fitness, health, food"
d457f,Male,31,25-34,Brazil,East Kyleburgh,"technology, news"
d652c,Male,31,25-34,Japan,Bradleyberg,"art, technology"
d91b1,Male,31,25-34,Japan,Port Amber,"fashion, gaming, sports"
d9952,Male,31,25-34,India,South Margaretstad,sports
db644,Male,31,25-34,Germany,Dudleymouth,food
dd515,Male,31,25-34,Australia,New Roberttown,"lifestyle, food, art"
e3c82,Male,31,25-34,Canada,Lawsonborough,"health, news"
e3ed5,Male,31,25-34,France,New Hunter,"health, technology"
e5aa0,Male,31,25-34,India,Port Brian,"food, fitness"
f88de,Male,31,25-34,Canada,New Sheri,"gaming, sports, fitness"
fc48f,Male,31,25-34,Japan,North Adrienne,news
fd3eb,Male,31,25-34,Brazil,Port Erictown,"fashion, news"
ffe0f,Male,31,25-34,Australia,Tonyaside,"fitness, gaming, news"
2082,Male,33,25-34,Canada,Edwardsborough,"technology, lifestyle, sports"
2.64E+03,Male,33,25-34,Germany,New Richard,"fashion, food, art"
14630,Male,33,25-34,Canada,Cuevastown,"health, technology"
14876,Male,33,25-34,Canada,New Alejandroburgh,"fashion, fitness, gaming"
18137,Male,33,25-34,Canada,Port Karen,technology
22587,Male,33,25-34,India,Port Jasonmouth,"news, travel, fitness"
23637,Male,33,25-34,Australia,Tylertown,art
28919,Male,33,25-34,India,Copelandville,"health, food, fitness"
34066,Male,33,25-34,Australia,Lake Carrie,photography
49121,Male,33,25-34,Canada,Veronicaland,lifestyle
59807,Male,33,25-34,France,West Rachel,"food, health, gaming"
74801,Male,33,25-34,Australia,East Catherinestad,"food, health"
77169,Male,33,25-34,India,North Codyburgh,"fashion, lifestyle"
78609,Male,33,25-34,Australia,North Pamelatown,"finance, fashion"
84441,Male,33,25-34,Germany,Danielsville,art
7.28E+08,Male,33,25-34,Australia,West Luis,"fashion, food"
7.30E+31,Male,33,25-34,Canada,Waltersville,"art, photography"
8.20E+72,Male,33,25-34,France,Bensonville,"art, technology, fitness"
006c4,Male,33,25-34,Canada,South Jessicahaven,fitness
01ddf,Male,33,25-34,Germany,Humphreytown,"travel, photography"
03b4c,Male,33,25-34,Germany,Parkermouth,"fitness, art"
0435c,Male,33,25-34,Canada,Susanmouth,"art, technology, food"
053c5,Male,33,25-34,Germany,Lake Williamville,"gaming, food, technology"
09ffb,Male,33,25-34,Japan,Alexiston,finance
0a0fb,Male,33,25-34,France,Port Edward,"news, sports, finance"
0f3ec,Male,33,25-34,Canada,New Breannaborough,"travel, finance"
1a830,Male,33,25-34,Germany,Gouldville,fashion
1fa31,Male,33,25-34,Australia,Lake Pamelaside,"lifestyle, food"
227ce,Male,33,25-34,Germany,Cherryshire,fitness
2ad8d,Male,33,25-34,India,Ginamouth,"art, finance"
2d934,Male,33,25-34,Mexico,Lloydshire,"finance, travel, photography"
3bc59,Male,33,25-34,Australia,Finleyfurt,"finance, gaming, food"
3daa5,Male,33,25-34,India,Joshuaside,health
3fd0a,Male,33,25-34,France,West Luis,fashion
403c5,Male,33,25-34,Brazil,Jamesberg,"food, art, news"
45c8a,Male,33,25-34,Australia,East Christophershire,fitness
48af1,Male,33,25-34,Germany,Cameronfurt,"food, health, gaming"
48fdf,Male,33,25-34,Canada,Carterhaven,"finance, photography"
4b868,Male,33,25-34,Mexico,Lake David,"fitness, photography"
4dc63,Male,33,25-34,Canada,Howardtown,"food, fashion, lifestyle"
54aee,Male,33,25-34,Japan,Virginiastad,health
550c8,Male,33,25-34,Japan,South Ashley,news
56b8f,Male,33,25-34,Brazil,Port Jamie,"art, fitness"
59a6d,Male,33,25-34,Germany,Estradaport,"news, photography, technology"
5c67c,Male,33,25-34,Australia,Port John,"food, news, photography"
5c7e8,Male,33,25-34,Canada,West Erikbury,"news, photography, fitness"
607b3,Male,33,25-34,Japan,North Zachary,sports
61ca1,Male,33,25-34,Canada,North Ashley,"lifestyle, gaming"
6a921,Male,33,25-34,Germany,East Matthew,"photography, finance"
6b997,Male,33,25-34,Germany,West Mason,"photography, finance, health"
74ed3,Male,33,25-34,Mexico,Lake Michelle,"finance, food, art"
78c1c,Male,33,25-34,Brazil,Patriciafort,news
7b8d1,Male,33,25-34,Australia,Stanleyfort,"fashion, gaming, art"
8167f,Male,33,25-34,India,North Rachelburgh,news
82bdb,Male,33,25-34,India,Robertsfurt,art
853ef,Male,33,25-34,India,Port Chadview,"art, gaming"
87a1e,Male,33,25-34,France,New Patriciaburgh,"fitness, photography"
88bee,Male,33,25-34,Germany,West Valerie,"food, photography"
8a2b9,Male,33,25-34,France,Jennifermouth,"gaming, photography, news"
8b3fa,Male,33,25-34,Australia,Alextown,"food, photography"
8c5d8,Male,33,25-34,Australia,Kimberlychester,lifestyle
8f225,Male,33,25-34,India,Seanbury,"health, news"
8f38e,Male,33,25-34,Germany,Port Cathyborough,"fashion, health"
9116b,Male,33,25-34,France,Whiteheadfort,news
911a6,Male,33,25-34,Canada,West Kristen,finance
957aa,Male,33,25-34,Brazil,Garciaville,food
966a1,Male,33,25-34,Canada,Matthewside,"sports, photography, finance"
9670f,Male,33,25-34,France,Allisonton,"finance, photography"
9819e,Male,33,25-34,Mexico,East Cassandra,"travel, food, sports"
9ac9e,Male,33,25-34,India,Andrewshire,"art, sports, finance"
9b325,Male,33,25-34,Australia,Thompsonbury,"fitness, news, travel"
9ccda,Male,33,25-34,Mexico,Patrickmouth,"technology, sports, lifestyle"
9d3d2,Male,33,25-34,Germany,South Johnberg,"fitness, photography, health"
9e928,Male,33,25-34,Canada,Isaiahview,"travel, sports, health"
a0d52,Male,33,25-34,Mexico,West Jamiebury,"news, technology, photography"
a1531,Male,33,25-34,Canada,Carrieport,fashion
a4cff,Male,33,25-34,Canada,North Alyssa,photography
ab210,Male,33,25-34,Australia,Lake Robinborough,"lifestyle, sports, finance"
ab29f,Male,33,25-34,Germany,Briannamouth,art
aea5c,Male,33,25-34,Brazil,Sarahville,art
aef43,Male,33,25-34,Mexico,South Brenda,"travel, news, technology"
b0c85,Male,33,25-34,India,East Jeremyville,"food, fashion, lifestyle"
b4e9f,Male,33,25-34,Germany,Lake Wesley,"fitness, sports"
b9750,Male,33,25-34,Japan,Smithbury,photography
bc921,Male,33,25-34,Germany,Edwardchester,"gaming, news, health"
c0a03,Male,33,25-34,Germany,Glovershire,"food, photography"
c3512,Male,33,25-34,Germany,East Kim,finance
c43eb,Male,33,25-34,India,South Kayla,"fashion, art"
c74f6,Male,33,25-34,Canada,Griffintown,photography
c80f5,Male,33,25-34,Brazil,North Tara,"lifestyle, news, art"
c83a4,Male,33,25-34,India,East Kimberlyborough,"finance, news"
c8680,Male,33,25-34,Mexico,Batesland,"technology, art"
ca44a,Male,33,25-34,Mexico,Olsonchester,"sports, health"
cc3f7,Male,33,25-34,Japan,Lake Lori,food
cea78,Male,33,25-34,Australia,North Chad,fitness
cfb0e,Male,33,25-34,Japan,West Kathleenstad,technology
d0069,Male,33,25-34,India,South Felicia,"art, news"
d1989,Male,33,25-34,India,New Thomasside,health
d5bca,Male,33,25-34,Mexico,West Nicholasmouth,"finance, fashion"
d991a,Male,33,25-34,Brazil,Coxtown,"sports, travel"
db502,Male,33,25-34,Australia,New Heathermouth,"health, fashion"
dc3b7,Male,33,25-34,Canada,Melissaland,"art, fashion, technology"
dcea0,Male,33,25-34,Canada,South Ryan,technology
e30bf,Male,33,25-34,Mexico,Murphymouth,"travel, photography"
e35c1,Male,33,25-34,Australia,Port Jenniferhaven,"news, finance, fitness"
e4a59,Male,33,25-34,India,Cunninghambury,"photography, health"
e4f85,Male,33,25-34,Japan,New Karifort,"photography, technology, fashion"
e9a06,Male,33,25-34,Japan,Lake Ashleyview,"finance, lifestyle, photography"
ef5aa,Male,33,25-34,Canada,Lake Vincentchester,lifestyle
f1919,Male,33,25-34,Mexico,East Christophermouth,"fitness, travel"
f3aab,Male,33,25-34,Germany,North Evelyn,"lifestyle, fashion, finance"
f93af,Male,33,25-34,India,South Michael,food
fb778,Male,33,25-34,Mexico,Johnsonfort,"food, sports"
fd47e,Male,33,25-34,France,Erinfort,sports
fdac4,Male,33,25-34,Mexico,Tamaraberg,lifestyle
ff64f,Male,33,25-34,France,South Shannon,"travel, photography"
6.86E+02,Male,32,25-34,India,Stephanieburgh,"technology, sports"
6726,Male,32,25-34,Germany,Ryanville,"gaming, sports, travel"
11674,Male,32,25-34,Canada,New Andrechester,"lifestyle, finance, health"
19887,Male,32,25-34,Australia,Watsonhaven,"sports, travel, technology"
22364,Male,32,25-34,Australia,West Selena,"technology, sports, art"
27267,Male,32,25-34,Germany,South Janet,health
27713,Male,32,25-34,Japan,Port Williamtown,"technology, art"
39823,Male,32,25-34,Japan,Lake Adamton,technology
95655,Male,32,25-34,Japan,Amytown,fashion
9.00E+106,Male,32,25-34,Canada,Edwardsside,lifestyle
00e6c,Male,32,25-34,Canada,North Henry,"fitness, health, finance"
04d90,Male,32,25-34,India,Caseyfurt,"photography, art"
0683b,Male,32,25-34,France,East Justinchester,"travel, art, lifestyle"
09f3a,Male,32,25-34,Australia,Joshuamouth,"fitness, art"
0bc87,Male,32,25-34,India,North Melinda,"food, technology, photography"
0c68a,Male,32,25-34,Brazil,Timothyville,"fitness, technology"
0d483,Male,32,25-34,Australia,Joechester,news
10d73,Male,32,25-34,Germany,South James,"news, fashion, gaming"
1197a,Male,32,25-34,Mexico,Mileston,"technology, sports, art"
150c8,Male,32,25-34,Germany,Paceborough,gaming
156f7,Male,32,25-34,Canada,Lake Ashley,"finance, sports"
1846a,Male,32,25-34,Mexico,Emilyfurt,sports
1bbda,Male,32,25-34,Germany,Branchport,"food, finance"
1d608,Male,32,25-34,India,Port Johnshire,"technology, photography"
1d7b9,Male,32,25-34,Canada,South Andrew,"gaming, food, technology"
1e23b,Male,32,25-34,Japan,Thomasmouth,"travel, art"
20c24,Male,32,25-34,Japan,Perryburgh,art
21c1d,Male,32,25-34,Japan,West Veronicaville,"food, art, fashion"
2277d,Male,32,25-34,Japan,East Josephton,"sports, fitness, technology"
24fe2,Male,32,25-34,Japan,Lake Dustinfort,"gaming, news, lifestyle"
26c32,Male,32,25-34,Brazil,Gonzalesville,"lifestyle, gaming"
28ba0,Male,32,25-34,Brazil,Smithhaven,"finance, art"
2ad57,Male,32,25-34,Japan,South William,"sports, health"
2c7bb,Male,32,25-34,India,Leeville,fitness
2e465,Male,32,25-34,India,South Mark,"photography, fitness"
2fddd,Male,32,25-34,Mexico,Lake Cristian,"photography, lifestyle"
34c99,Male,32,25-34,Germany,Lake Karen,health
381c6,Male,32,25-34,Germany,Finleymouth,"fitness, travel"
3baaa,Male,32,25-34,Mexico,Ryanside,"photography, lifestyle"
3bc8b,Male,32,25-34,Germany,Parkfort,"news, fitness"
3bdcf,Male,32,25-34,Canada,Port Jonathan,"gaming, fitness, technology"
3d1d5,Male,32,25-34,Germany,South Nicholasland,"finance, food"
3d361,Male,32,25-34,Canada,Port Kevinfort,"photography, fitness, gaming"
3e6b0,Male,32,25-34,Brazil,West Kylemouth,"fitness, photography, gaming"
4cb25,Male,32,25-34,Japan,Wilsonland,"fitness, travel"
4e7fb,Male,32,25-34,Germany,East Shellychester,"art, gaming, travel"
5003b,Male,32,25-34,Japan,West Peterhaven,food
5111a,Male,32,25-34,Japan,Port Robertview,"finance, travel, art"
5174d,Male,32,25-34,Brazil,South Heatherbury,gaming
578ff,Male,32,25-34,Brazil,North Erikview,photography
591d9,Male,32,25-34,Germany,New Douglas,travel
5c7c3,Male,32,25-34,Germany,Lake Rachelchester,"health, photography, art"
5db5d,Male,32,25-34,Canada,Jonesmouth,"finance, gaming"
61a03,Male,32,25-34,Brazil,Mitchellmouth,"art, food, fitness"
638f3,Male,32,25-34,Australia,Brianstad,"lifestyle, finance, travel"
64a04,Male,32,25-34,Canada,East Brianna,"news, gaming, food"
676ff,Male,32,25-34,India,Blackburnport,food
6aeff,Male,32,25-34,Brazil,New Todd,"travel, photography, sports"
708cc,Male,32,25-34,Australia,West Tracyborough,"finance, health, fashion"
7227e,Male,32,25-34,Brazil,West Laurieton,"finance, fashion, sports"
7241b,Male,32,25-34,Australia,North Diana,"lifestyle, health"
7459c,Male,32,25-34,India,Schneidermouth,"lifestyle, fashion"
7b1d4,Male,32,25-34,Canada,Port Jennamouth,"technology, news"
7bbc5,Male,32,25-34,Germany,Darrellside,"lifestyle, health"
7d1d2,Male,32,25-34,Mexico,South Brandifurt,health
7fcb8,Male,32,25-34,India,Frenchmouth,"art, fitness"
847f8,Male,32,25-34,Australia,North Vickie,"technology, food, photography"
84d07,Male,32,25-34,Canada,Kaitlynshire,sports
8abfc,Male,32,25-34,India,Brockport,lifestyle
8b601,Male,32,25-34,Germany,Jessicaberg,art
8cac6,Male,32,25-34,Canada,Port Jamesmouth,"health, fashion, technology"
91b6a,Male,32,25-34,Canada,Wilsonbury,health
94c63,Male,32,25-34,Germany,North Ashleyview,food
96f1e,Male,32,25-34,Germany,Port Suzanne,fitness
9a81d,Male,32,25-34,Germany,Jeffreyton,"sports, gaming"
9c0b9,Male,32,25-34,Canada,Parkerton,"lifestyle, finance, food"
9c38b,Male,32,25-34,India,Mccartymouth,"fashion, sports"
9d639,Male,32,25-34,Japan,Davisview,"sports, technology, fitness"
a122f,Male,32,25-34,Canada,Port Nicholasshire,"health, fashion"
a1d9e,Male,32,25-34,Germany,Beckytown,"fashion, travel, sports"
a286c,Male,32,25-34,Germany,South Tiffany,"travel, art"
a49ba,Male,32,25-34,Germany,East Deborahmouth,"finance, health"
a5370,Male,32,25-34,Germany,North James,"fashion, fitness"
a5620,Male,32,25-34,France,Watsonhaven,lifestyle
aaeab,Male,32,25-34,India,Kristenport,sports
adf8f,Male,32,25-34,Mexico,South Cheryl,news
b0f3d,Male,32,25-34,Germany,Ruizchester,"lifestyle, health"
b1b45,Male,32,25-34,Brazil,Boyleview,fitness
b79c1,Male,32,25-34,Germany,Charlesville,"travel, finance, gaming"
bc50e,Male,32,25-34,Mexico,Katherinefurt,"gaming, travel"
c15b4,Male,32,25-34,France,New David,photography
ca4eb,Male,32,25-34,Germany,Taylorfurt,"art, fashion"
cbed7,Male,32,25-34,Canada,Gordonside,"health, travel"
cc1d1,Male,32,25-34,Australia,Bethanyfurt,"lifestyle, fitness"
cc48f,Male,32,25-34,Brazil,South Antonioville,sports
ce0f6,Male,32,25-34,Australia,Josephland,"art, health, gaming"
ce4df,Male,32,25-34,Brazil,West Denisemouth,"food, news, health"
d02e9,Male,32,25-34,Brazil,Lake Paula,photography
d1739,Male,32,25-34,Canada,Ryanburgh,"art, news, sports"
d286a,Male,32,25-34,Germany,Christopherfort,"technology, sports, health"
d4ea6,Male,32,25-34,India,Markfurt,"gaming, travel"
d5774,Male,32,25-34,Brazil,Port Noah,"news, technology"
de4de,Male,32,25-34,Japan,Michaelshire,"finance, gaming"
e1123,Male,32,25-34,India,Lake Maria,"sports, technology"
e1b85,Male,32,25-34,India,Gonzalezmouth,"lifestyle, travel, sports"
e43f4,Male,32,25-34,Canada,Port Kelly,fashion
e49f1,Male,32,25-34,India,East Kurttown,art
e59a9,Male,32,25-34,Mexico,Johnport,"fitness, health, sports"
eab8d,Male,32,25-34,Mexico,Lewisland,food
ebc63,Male,32,25-34,Canada,East Tiffany,art
ec353,Male,32,25-34,India,South Frankbury,"news, finance"
effaa,Male,32,25-34,France,South Jessica,photography
f11ce,Male,32,25-34,Canada,Allenbury,"news, photography, fitness"
f7b73,Male,32,25-34,Japan,West Jessicaview,"fitness, finance"
f9615,Male,32,25-34,Canada,Lake Holly,"news, gaming, sports"
fa7e7,Male,32,25-34,Brazil,Huffton,health
fe2a4,Male,32,25-34,Canada,East Phillip,"health, fashion, finance"
feabc,Male,32,25-34,Canada,East Codyville,"art, gaming, travel"
ff8e1,Male,32,25-34,France,Murraychester,"gaming, lifestyle, news"
ffc27,Male,32,25-34,Canada,Foleyview,"health, sports, photography"
11068,Male,29,25-34,Japan,Lake Jonathanview,"gaming, fitness, art"
14789,Male,29,25-34,Brazil,Lyonsstad,fitness
17181,Male,29,25-34,India,New Sarahfurt,"health, food"
26736,Male,29,25-34,Canada,Allisonbury,food
28925,Male,29,25-34,India,Allisonmouth,"news, fashion"
32684,Male,29,25-34,India,North Robertfort,health
34884,Male,29,25-34,Brazil,East Angela,travel
36317,Male,29,25-34,Canada,East Thomasmouth,fashion
37402,Male,29,25-34,Germany,Josephhaven,lifestyle
44074,Male,29,25-34,Brazil,Hernandezfort,news
51052,Male,29,25-34,India,Marissaland,food
51116,Male,29,25-34,India,Matthewsberg,"travel, food"
54815,Male,29,25-34,Canada,Port Rickeybury,"art, fashion"
57573,Male,29,25-34,Germany,Crawfordport,"food, health, travel"
83637,Male,29,25-34,Canada,Andreborough,"fitness, gaming"
89092,Male,29,25-34,Brazil,Brianton,fitness
93391,Male,29,25-34,Brazil,Lawrenceborough,"news, gaming"
2.80E+05,Male,29,25-34,Mexico,North Matthewfurt,"lifestyle, fashion, health"
5.80E+05,Male,29,25-34,Canada,East Amber,finance
8.69E+08,Male,29,25-34,Canada,North Natashaborough,"health, food"
010f5,Male,29,25-34,India,Annefort,"food, photography, news"
09bdf,Male,29,25-34,Canada,Belltown,"health, travel, finance"
0abfb,Male,29,25-34,Canada,Sydneyfurt,"art, finance"
0b522,Male,29,25-34,Canada,Robertfurt,"fashion, travel"
0d09b,Male,29,25-34,Brazil,New Rebecca,fashion
0dfd8,Male,29,25-34,India,Gilbertchester,"gaming, health, travel"
0f8ba,Male,29,25-34,Canada,North Denise,"fashion, art"
1069e,Male,29,25-34,India,New Mistyland,food
129f1,Male,29,25-34,Japan,Michaeltown,"photography, travel, food"
19bde,Male,29,25-34,Australia,West Nancy,"travel, fitness, fashion"
1bb04,Male,29,25-34,Canada,Gomezmouth,"technology, photography, gaming"
21dbd,Male,29,25-34,Australia,New Rachelborough,"fashion, photography"
2458a,Male,29,25-34,India,Lake Derek,art
24f32,Male,29,25-34,Germany,North John,"food, news"
257c6,Male,29,25-34,Brazil,Haynesmouth,"finance, news, food"
26f5f,Male,29,25-34,Germany,Lake Curtisberg,"lifestyle, food, technology"
29f1c,Male,29,25-34,Australia,South Danielle,"photography, sports, finance"
2aeaf,Male,29,25-34,Brazil,Thomasfort,"travel, technology"
2c4bf,Male,29,25-34,Canada,Robertstad,"photography, art, fitness"
2d693,Male,29,25-34,Canada,Stephanietown,lifestyle
2ee22,Male,29,25-34,India,New Zacharyborough,"fashion, lifestyle"
2fecd,Male,29,25-34,France,Henryhaven,"gaming, food"
3002d,Male,29,25-34,Japan,Port Johnview,"fitness, sports, finance"
305eb,Male,29,25-34,France,Barberberg,gaming
38de1,Male,29,25-34,Canada,Ramirezport,"lifestyle, technology, gaming"
3a48a,Male,29,25-34,Mexico,North Codymouth,"art, news"
3cb4b,Male,29,25-34,Brazil,Lake Marisa,food
3ee02,Male,29,25-34,Australia,Maryside,"finance, fashion, art"
44a70,Male,29,25-34,India,North Brian,photography
45fab,Male,29,25-34,France,Shirleyfurt,"fashion, technology"
47df7,Male,29,25-34,Australia,North Nathanielburgh,"sports, fitness, technology"
48f5c,Male,29,25-34,Germany,Lake Pamelachester,news
4d62a,Male,29,25-34,Japan,Gloriaview,"finance, technology"
54e1e,Male,29,25-34,Canada,West Michaelburgh,health
560b1,Male,29,25-34,Germany,West Jennifer,fashion
58a95,Male,29,25-34,Australia,Evansfort,"travel, news, health"
5b9e4,Male,29,25-34,India,Russellberg,"lifestyle, fitness, food"
5c1cc,Male,29,25-34,Canada,New Norma,"news, fashion, finance"
6744f,Male,29,25-34,Brazil,Kevinstad,"lifestyle, travel"
6bfdf,Male,29,25-34,Germany,New Kevinburgh,"health, lifestyle, food"
6ca7b,Male,29,25-34,Brazil,North Pamelahaven,"news, travel"
6d0e9,Male,29,25-34,Germany,East Victorbury,"food, sports"
6d5fc,Male,29,25-34,Germany,Jasonmouth,"photography, fitness, travel"
6dfe3,Male,29,25-34,Germany,Port Jeremy,"photography, art, lifestyle"
7a082,Male,29,25-34,India,West Brandon,"health, fitness, gaming"
7c271,Male,29,25-34,Germany,Richmondview,finance
7df88,Male,29,25-34,Brazil,Reedton,"health, technology"
7f13d,Male,29,25-34,Germany,Tuckerstad,"fitness, technology"
846d8,Male,29,25-34,India,Danielside,"gaming, art, photography"
88eb4,Male,29,25-34,Brazil,Shawnachester,"art, technology, travel"
95d47,Male,29,25-34,Germany,Feliciachester,"gaming, travel, fashion"
95edd,Male,29,25-34,India,South Gregorystad,"sports, news"
96aa4,Male,29,25-34,Mexico,New Philipport,food
98f59,Male,29,25-34,Australia,Port Sarahshire,"gaming, travel"
9bfc1,Male,29,25-34,Australia,East Jennifer,"news, health"
9f4fb,Male,29,25-34,Australia,Ryanton,"fitness, technology, food"
a0ebd,Male,29,25-34,Germany,East Stephanie,news
a3bde,Male,29,25-34,Canada,Stevenschester,finance
a3f38,Male,29,25-34,Australia,Rachelburgh,"fitness, health, art"
a4d4d,Male,29,25-34,Japan,Pattonmouth,art
a5765,Male,29,25-34,Canada,West Dylanfort,news
a7e68,Male,29,25-34,Mexico,Underwoodbury,gaming
a9266,Male,29,25-34,Germany,South Kevin,travel
a9a06,Male,29,25-34,France,Josephton,sports
aa06b,Male,29,25-34,France,Scotthaven,health
ab029,Male,29,25-34,Canada,Lake Cynthiaport,travel
ad5b0,Male,29,25-34,Germany,Kimborough,"fitness, gaming"
b13b5,Male,29,25-34,Australia,Paceview,"gaming, fitness, art"
b632a,Male,29,25-34,Germany,South Andrea,"travel, art, fitness"
b6f58,Male,29,25-34,Australia,Olsonshire,"photography, fashion, news"
b812b,Male,29,25-34,Australia,North Heathershire,photography
b8c78,Male,29,25-34,Brazil,South Lorettaburgh,"travel, technology, gaming"
bb595,Male,29,25-34,Canada,East Jake,health
bc121,Male,29,25-34,Canada,East Cynthiashire,gaming
bcfb4,Male,29,25-34,Mexico,New Ronald,"sports, health, technology"
bf2b4,Male,29,25-34,France,West Brittanyshire,"lifestyle, sports, gaming"
bfadb,Male,29,25-34,Brazil,West Anthony,"travel, fashion, fitness"
c7511,Male,29,25-34,Australia,Smithmouth,"gaming, lifestyle, sports"
c7e1d,Male,29,25-34,Germany,Johnsonmouth,"food, news"
c9e38,Male,29,25-34,India,West Kelly,"technology, finance, fashion"
ca40d,Male,29,25-34,Australia,Robinmouth,travel
cb776,Male,29,25-34,Canada,South Sarah,sports
d0e20,Male,29,25-34,Japan,Littlestad,"finance, lifestyle"
d14c4,Male,29,25-34,Australia,Brookemouth,"gaming, finance, food"
d1979,Male,29,25-34,Canada,New Joshua,"fitness, travel, gaming"
d2370,Male,29,25-34,Germany,North Jefferyhaven,"fashion, lifestyle"
d63b0,Male,29,25-34,India,East Williamtown,fitness
d7573,Male,29,25-34,Germany,Tonyaland,"photography, sports, art"
d797f,Male,29,25-34,India,Port Lindsey,"gaming, sports, news"
d8507,Male,29,25-34,Brazil,Nancyfurt,"gaming, art, finance"
e1b07,Male,29,25-34,Mexico,Barneschester,art
e67f4,Male,29,25-34,Germany,West Elizabeth,"gaming, lifestyle, news"
e91b6,Male,29,25-34,Brazil,East Carrieshire,"travel, news"
ec835,Male,29,25-34,Japan,South Jonathanstad,technology
eceac,Male,29,25-34,India,East Larryton,"travel, photography, health"
effbb,Male,29,25-34,France,Christopherhaven,"gaming, travel"
f0d2b,Male,29,25-34,Canada,Williamsville,"fitness, health, art"
f29a4,Male,29,25-34,India,Aliciamouth,"fitness, health"
f7ebd,Male,29,25-34,India,Heathertown,"food, fitness"
fa41b,Male,29,25-34,Brazil,Castrotown,fitness
fa451,Male,29,25-34,Brazil,Williamsburgh,"lifestyle, health, art"
fef97,Male,29,25-34,Germany,Christopherland,"travel, health"
2600,Male,30,25-34,Brazil,East Jenniferborough,technology
21244,Male,30,25-34,Canada,Jeanettehaven,"sports, gaming"
24617,Male,30,25-34,India,Andrewhaven,"photography, gaming, food"
28376,Male,30,25-34,Mexico,Port Cynthia,"technology, finance"
50593,Male,30,25-34,Mexico,Brianland,"gaming, fitness"
54806,Male,30,25-34,France,West Amanda,fitness
65524,Male,30,25-34,Canada,Juanfurt,"finance, lifestyle, technology"
74627,Male,30,25-34,Japan,Lake Daniel,lifestyle
86736,Male,30,25-34,Japan,North Katelyn,"art, lifestyle"
88722,Male,30,25-34,Australia,Ballardtown,fashion
92936,Male,30,25-34,Australia,North Michaelburgh,news
99067,Male,30,25-34,Australia,Turnerbury,"fitness, travel, health"
04ff1,Male,30,25-34,India,Lake Makaylaton,"health, photography"
06f72,Male,30,25-34,Canada,Johnsonville,"news, technology"
0879c,Male,30,25-34,Canada,North Shannon,lifestyle
0ab44,Male,30,25-34,France,South Amber,travel
0c13f,Male,30,25-34,Australia,New Rachel,news
10c3f,Male,30,25-34,Brazil,South Jamesmouth,"health, finance"
130aa,Male,30,25-34,Germany,West Anne,"lifestyle, art"
151d1,Male,30,25-34,Australia,East Richard,"travel, health"
1bba3,Male,30,25-34,Germany,South Lisafurt,travel
231c9,Male,30,25-34,Australia,Hernandezport,"finance, fashion"
233fa,Male,30,25-34,Canada,Port Amyshire,lifestyle
253c7,Male,30,25-34,Germany,Smithmouth,"finance, health, technology"
2705e,Male,30,25-34,Germany,South Brent,"fashion, finance"
28fd4,Male,30,25-34,Canada,Micheleview,fashion
2945a,Male,30,25-34,Germany,New Matthew,technology
2c703,Male,30,25-34,Germany,West Jeremy,"fitness, finance"
2e327,Male,30,25-34,Mexico,Hartmouth,lifestyle
330ff,Male,30,25-34,Germany,North Wanda,"news, finance"
3817a,Male,30,25-34,Australia,Johnsontown,"news, technology"
3cf04,Male,30,25-34,Australia,Port Lauraport,"sports, travel, health"
3d834,Male,30,25-34,Brazil,Amychester,"finance, art, lifestyle"
3dddb,Male,30,25-34,Japan,Myerston,health
41e2d,Male,30,25-34,Mexico,Nealchester,health
43a66,Male,30,25-34,Canada,South Tammy,"gaming, sports, travel"
43f57,Male,30,25-34,Canada,South Roberthaven,"technology, fashion, photography"
4657c,Male,30,25-34,France,Daniellebury,"photography, fashion, fitness"
46b41,Male,30,25-34,Japan,Brookeberg,"travel, food"
48dd8,Male,30,25-34,Canada,South Kyletown,health
4b7b9,Male,30,25-34,France,Lake Lisafort,fitness
4d126,Male,30,25-34,Canada,Adamtown,"fashion, food, art"
4df88,Male,30,25-34,Brazil,Whitakerhaven,"art, photography"
5237b,Male,30,25-34,Australia,Tiffanybury,sports
5754b,Male,30,25-34,France,North Benjaminhaven,"fitness, health"
57da7,Male,30,25-34,Brazil,Port Brian,"food, fitness"
5d28a,Male,30,25-34,France,Colonchester,photography
61c2e,Male,30,25-34,Canada,North Amanda,"photography, technology"
648b1,Male,30,25-34,Brazil,Krystalmouth,"finance, food, fitness"
6d3d4,Male,30,25-34,Australia,West Erika,"photography, health"
6da5d,Male,30,25-34,Australia,Owenstown,"news, art"
6e04f,Male,30,25-34,France,South Andrewside,"gaming, technology"
6f720,Male,30,25-34,Germany,Millerchester,sports
716f2,Male,30,25-34,Brazil,Cameronfurt,"technology, gaming"
727ec,Male,30,25-34,Brazil,Holmesbury,art
73b59,Male,30,25-34,India,West Steven,"sports, lifestyle, fitness"
7845d,Male,30,25-34,Canada,Faithton,"photography, travel, health"
7ab1a,Male,30,25-34,Mexico,North Charles,"lifestyle, health, art"
7e612,Male,30,25-34,India,Julieberg,finance
7ed8f,Male,30,25-34,India,East Andreahaven,"lifestyle, photography"
82d47,Male,30,25-34,Canada,West Crystalmouth,fashion
859df,Male,30,25-34,India,South Sherryview,technology
8643f,Male,30,25-34,Australia,Lynnville,"sports, technology"
8978c,Male,30,25-34,India,Allenhaven,"health, food, news"
8a7e8,Male,30,25-34,Mexico,Shawnview,"finance, health"
8c96a,Male,30,25-34,Germany,East Jessica,finance
8f552,Male,30,25-34,Australia,Morrismouth,art
922d4,Male,30,25-34,Mexico,Craigstad,technology
980ec,Male,30,25-34,Mexico,South Anthonyburgh,gaming
991a5,Male,30,25-34,Germany,New Patrick,"food, health"
9d3f6,Male,30,25-34,Japan,Taylorview,photography
9e8b3,Male,30,25-34,Canada,Josephfort,lifestyle
9fd9f,Male,30,25-34,Canada,Christopherside,"food, health, technology"
a09c6,Male,30,25-34,Canada,North Melissaside,health
a4a98,Male,30,25-34,Germany,Lake Jessica,photography
a4ee4,Male,30,25-34,India,South James,gaming
a5978,Male,30,25-34,Mexico,Michaelville,photography
aa9a7,Male,30,25-34,Australia,West Yvonne,"gaming, sports, lifestyle"
aecf3,Male,30,25-34,Japan,South William,"finance, photography, fashion"
aee86,Male,30,25-34,Canada,Davidland,"sports, lifestyle, fashion"
b0e35,Male,30,25-34,Germany,North John,"health, fitness"
b2911,Male,30,25-34,Germany,South Brendabury,"travel, gaming"
b44b5,Male,30,25-34,Australia,Richardsonburgh,"news, gaming, art"
b69fb,Male,30,25-34,Mexico,Port Edward,"finance, photography, travel"
bd425,Male,30,25-34,Australia,Diazland,travel
befb3,Male,30,25-34,France,North Arthur,lifestyle
bf2b9,Male,30,25-34,Canada,Ronaldfurt,travel
bfb09,Male,30,25-34,Mexico,Danielside,"finance, food, gaming"
c2963,Male,30,25-34,Japan,Peckland,"lifestyle, photography"
c3de0,Male,30,25-34,France,Andremouth,photography
c4011,Male,30,25-34,India,Edwinton,finance
ce514,Male,30,25-34,India,Lake Jessica,travel
d1c33,Male,30,25-34,Australia,East Kimtown,health
d1e3b,Male,30,25-34,Brazil,West Monica,"sports, fashion, news"
d4bde,Male,30,25-34,Mexico,Luishaven,"news, photography, lifestyle"
d51a6,Male,30,25-34,Mexico,West Kathleen,"technology, travel, health"
d5914,Male,30,25-34,Japan,South Susan,"news, finance, lifestyle"
d5ba2,Male,30,25-34,Canada,New Maria,photography
d99dc,Male,30,25-34,Brazil,South Paige,"lifestyle, finance"
dcdf6,Male,30,25-34,India,Herreramouth,"gaming, sports, technology"
dd385,Male,30,25-34,Japan,Port Amy,"health, technology, sports"
de6e6,Male,30,25-34,Canada,Port Michaelborough,"technology, sports, fashion"
e0a47,Male,30,25-34,Germany,Morrowport,"news, travel, gaming"
e1a88,Male,30,25-34,Mexico,East Jessicahaven,health
e24c9,Male,30,25-34,Canada,Cassandrastad,"travel, health"
e2eaa,Male,30,25-34,Australia,Brianburgh,"news, health"
e4d3f,Male,30,25-34,Japan,Sheltonstad,news
e54e2,Male,30,25-34,Mexico,Lake Derekmouth,art
e646e,Male,30,25-34,France,New Lisaville,"finance, gaming"
e6af1,Male,30,25-34,Canada,Joycetown,sports
e6b12,Male,30,25-34,Canada,Georgeport,"art, gaming"
e724e,Male,30,25-34,Australia,Chamberstown,"finance, technology"
e7e83,Male,30,25-34,Canada,Jamieland,"travel, technology"
e93b1,Male,30,25-34,Japan,Kaitlynchester,travel
e9a44,Male,30,25-34,Japan,West Michael,"health, art, fitness"
eaa8b,Male,30,25-34,Brazil,Josephmouth,"fitness, fashion, photography"
eeed4,Male,30,25-34,Germany,West Michael,"fashion, sports"
f0fa3,Male,30,25-34,Canada,North Jennifer,"photography, sports, art"
f1836,Male,30,25-34,Japan,Port William,fashion
f305b,Male,30,25-34,Canada,Annaborough,sports
f460a,Male,30,25-34,Germany,Lorraineburgh,"photography, lifestyle, finance"
f9875,Male,30,25-34,Germany,Cunninghamville,technology
fa0c4,Male,30,25-34,Canada,East Kathryn,photography
ffc89,Male,30,25-34,France,Cameronburgh,"news, health"
ffd56,Male,30,25-34,Japan,Lake Richardside,"news, gaming"
4.49E+02,Male,27,25-34,India,Sanchezberg,"photography, gaming, art"
7.24E+02,Male,27,25-34,Japan,Lake Nathan,"technology, sports"
4323,Male,27,25-34,Canada,Nguyenfort,food
6834,Male,27,25-34,France,South Ricardo,travel
8.60E+03,Male,27,25-34,Canada,Larsenland,"gaming, fitness"
14490,Male,27,25-34,France,Morashire,"lifestyle, art"
20138,Male,27,25-34,India,Gonzalezside,"news, gaming, health"
33581,Male,27,25-34,Canada,Hardingshire,"gaming, food, finance"
38846,Male,27,25-34,Canada,Levifurt,finance
44374,Male,27,25-34,India,New Melissashire,"fashion, photography"
48622,Male,27,25-34,India,Brendaton,"food, art"
50935,Male,27,25-34,France,Scottville,"food, art"
70397,Male,27,25-34,Canada,Port Ericafurt,"technology, sports, news"
79575,Male,27,25-34,Mexico,Port Jeffery,technology
87587,Male,27,25-34,France,Shariberg,"art, news"
99894,Male,27,25-34,Australia,Parkertown,finance
2.33E+06,Male,27,25-34,Mexico,Lake Anthonyshire,"food, gaming"
2.00E+39,Male,27,25-34,India,New Tammymouth,travel
006ce,Male,27,25-34,Mexico,South Timothyville,"health, technology"
00ad4,Male,27,25-34,Canada,Rachelbury,"sports, technology"
02b50,Male,27,25-34,Germany,Lake Victoria,fashion
036ba,Male,27,25-34,Canada,New Jeffery,"health, gaming"
057d7,Male,27,25-34,India,West Natashafurt,"finance, technology"
05f1d,Male,27,25-34,Canada,North Alexander,"food, news, art"
08f9a,Male,27,25-34,India,Jonesstad,"fashion, lifestyle, news"
0a38c,Male,27,25-34,Germany,South Ricky,"lifestyle, technology, art"
0ca4b,Male,27,25-34,India,Lake Mitchell,"gaming, fitness"
0d5f9,Male,27,25-34,Mexico,West Jamesbury,technology
10f3d,Male,27,25-34,Japan,Kevinfurt,"fitness, finance"
1310b,Male,27,25-34,Mexico,East Cheryl,"health, technology, art"
18f74,Male,27,25-34,Japan,West Stacey,"finance, news"
1a3e2,Male,27,25-34,India,Humphreyview,news
1b595,Male,27,25-34,Germany,Elizabethport,"travel, sports, fashion"
1ee53,Male,27,25-34,Japan,Briantown,fitness
1fcd9,Male,27,25-34,India,South Troy,news
21e2d,Male,27,25-34,Canada,Kyleburgh,food
238d7,Male,27,25-34,Australia,Tylerside,"sports, finance"
258a1,Male,27,25-34,France,Andersonberg,"travel, sports"
28cb4,Male,27,25-34,Japan,Levibury,"finance, food"
2c2d6,Male,27,25-34,India,Lake Mark,"food, fashion, travel"
2d5de,Male,27,25-34,Japan,West Melissa,"fashion, art"
3185f,Male,27,25-34,Mexico,New Lisa,"fitness, gaming, lifestyle"
3413c,Male,27,25-34,Mexico,Davisfort,"food, finance"
34db0,Male,27,25-34,Australia,Vincentchester,"fashion, news"
3592f,Male,27,25-34,Japan,Lake Jeremy,gaming
35b3d,Male,27,25-34,Japan,South William,"food, lifestyle, sports"
35ca2,Male,27,25-34,Canada,Port Gabrielle,photography
36a7a,Male,27,25-34,Japan,Lake Brittany,"food, fashion, travel"
373f8,Male,27,25-34,India,Hillborough,gaming
3c67c,Male,27,25-34,Canada,Kentmouth,technology
3c9fb,Male,27,25-34,Japan,Faulknerfurt,"art, gaming, health"
413fa,Male,27,25-34,Canada,Stefaniemouth,"food, photography"
432a2,Male,27,25-34,Japan,Laurachester,"sports, news"
45d42,Male,27,25-34,Canada,West Stephanieberg,"lifestyle, health"
49c8f,Male,27,25-34,India,Gillespieberg,"photography, news"
49cf4,Male,27,25-34,Brazil,Danielhaven,"fashion, gaming, finance"
4b524,Male,27,25-34,India,Barberview,"technology, gaming"
4ce79,Male,27,25-34,India,West Robin,"sports, health, gaming"
4d4de,Male,27,25-34,India,Breannaview,"fashion, travel"
50f68,Male,27,25-34,Australia,Carlosland,fashion
542bf,Male,27,25-34,Germany,East Christina,"photography, health"
5a59e,Male,27,25-34,Mexico,Sheamouth,technology
5b061,Male,27,25-34,Canada,Tonyaville,"technology, fitness"
5b4b1,Male,27,25-34,Germany,Elizabethmouth,"news, fashion, travel"
5d3bc,Male,27,25-34,Germany,New Michael,finance
5de81,Male,27,25-34,Germany,Sanchezfort,finance
5e1a2,Male,27,25-34,France,Port Richard,travel
62aa1,Male,27,25-34,Japan,Richardton,"finance, news, food"
6708e,Male,27,25-34,Germany,Pecktown,"sports, food, fashion"
68eec,Male,27,25-34,Mexico,Port Timothychester,"lifestyle, sports"
6e28d,Male,27,25-34,India,Kristinemouth,health
716c9,Male,27,25-34,Canada,Jacobsside,"technology, art"
72b0e,Male,27,25-34,Germany,New Jeremy,"gaming, technology, finance"
74c77,Male,27,25-34,Canada,Ashleyview,"fashion, art, travel"
77d4b,Male,27,25-34,Brazil,Port Andreashire,"health, technology"
782f5,Male,27,25-34,India,Berryland,"art, health"
791f2,Male,27,25-34,India,Simmonsland,news
7d144,Male,27,25-34,Mexico,Lake Kellymouth,"finance, sports"
7d6ff,Male,27,25-34,Canada,Jenniferland,gaming
7e896,Male,27,25-34,Brazil,North Michael,"technology, lifestyle, art"
8180b,Male,27,25-34,India,Deleonmouth,"technology, travel, news"
83ba2,Male,27,25-34,Australia,Jaredview,"fitness, gaming, food"
8432d,Male,27,25-34,Canada,Powellstad,"travel, art"
84f63,Male,27,25-34,Germany,North Bruce,"health, photography, news"
86cca,Male,27,25-34,Canada,Rogershaven,"photography, travel"
8a352,Male,27,25-34,Canada,South Davidside,"fashion, lifestyle, sports"
8c91d,Male,27,25-34,Australia,Chaseton,"gaming, health, fashion"
985ce,Male,27,25-34,Canada,Jenningsshire,"sports, photography"
9f24d,Male,27,25-34,India,Lorifurt,"sports, finance, gaming"
9f8dd,Male,27,25-34,India,Knappville,"sports, photography, food"
a1feb,Male,27,25-34,India,North David,"gaming, health"
a3bec,Male,27,25-34,Australia,Anthonyton,"technology, lifestyle, photography"
a6816,Male,27,25-34,India,East Brenda,"food, finance, technology"
add7d,Male,27,25-34,Brazil,Kelliburgh,"sports, finance"
b0965,Male,27,25-34,Germany,South Juliaside,"gaming, fitness"
b0b9d,Male,27,25-34,Canada,Hernandezport,"food, health"
b1f07,Male,27,25-34,Canada,Port Kelsey,"news, gaming, technology"
b213d,Male,27,25-34,Japan,East Autumnhaven,"food, sports, art"
b4005,Male,27,25-34,Germany,New Kevinfurt,"travel, gaming, technology"
b5177,Male,27,25-34,Canada,Lorraineton,technology
bbc0d,Male,27,25-34,France,East Micheal,travel
bc321,Male,27,25-34,India,Lake Steven,"lifestyle, technology, health"
beb68,Male,27,25-34,Germany,Mariaberg,"fashion, travel"
bef31,Male,27,25-34,Brazil,Nicholsberg,"fitness, news"
befb0,Male,27,25-34,Brazil,Michelleshire,news
bfed9,Male,27,25-34,Australia,Matthewtown,"food, sports"
c2381,Male,27,25-34,Canada,Kevinmouth,"sports, news, health"
c3330,Male,27,25-34,Mexico,Singhfurt,lifestyle
c358b,Male,27,25-34,India,West William,"technology, art, sports"
c4133,Male,27,25-34,Germany,Lake Nathan,"technology, fitness, news"
c53bb,Male,27,25-34,Canada,Englishtown,"finance, travel"
c5e39,Male,27,25-34,Canada,South Scott,"finance, news"
c78d3,Male,27,25-34,Australia,East Christopherview,"travel, health, fashion"
c7aef,Male,27,25-34,Brazil,Port Chris,"finance, food"
ca728,Male,27,25-34,France,Smithstad,"finance, lifestyle"
caefe,Male,27,25-34,Brazil,North Josephland,"health, technology, news"
cd2c5,Male,27,25-34,Germany,Christinechester,"lifestyle, gaming, fashion"
d3195,Male,27,25-34,Australia,North Gerald,"fashion, photography, sports"
d5ae0,Male,27,25-34,Australia,Hatfieldmouth,photography
d5db6,Male,27,25-34,Australia,South Steven,"art, news, finance"
d7e32,Male,27,25-34,India,New Michael,"photography, art"
d9280,Male,27,25-34,Japan,Zacharybury,"technology, lifestyle, gaming"
db6e7,Male,27,25-34,Canada,East Kaylee,"lifestyle, gaming"
db7a0,Male,27,25-34,Japan,Nicolemouth,technology
dc2e6,Male,27,25-34,India,Lake Stephaniefurt,"travel, art, lifestyle"
df6d4,Male,27,25-34,Japan,New Kathychester,sports
e048e,Male,27,25-34,Australia,Youngstad,"lifestyle, photography, news"
e09d6,Male,27,25-34,Australia,Port Joseph,"finance, gaming, fitness"
e3dbb,Male,27,25-34,Japan,Aaronbury,"lifestyle, news, food"
e40fd,Male,27,25-34,Canada,Georgeside,food
e4626,Male,27,25-34,Japan,Randychester,"technology, sports"
e7558,Male,27,25-34,Australia,Wesleychester,"fitness, photography, fashion"
e924f,Male,27,25-34,Japan,Alexton,"technology, food, fashion"
e9a00,Male,27,25-34,Mexico,Lake Lori,travel
ecf57,Male,27,25-34,Australia,West Markview,sports
eed1c,Male,27,25-34,Brazil,Fryview,"fashion, food, news"
f0e50,Male,27,25-34,Australia,North Edwinstad,"food, news, travel"
fa267,Male,27,25-34,Brazil,Jeffreybury,"art, technology, lifestyle"
fa7d0,Male,27,25-34,Germany,West Duanechester,"lifestyle, photography, fitness"
fd277,Male,27,25-34,Mexico,New Todd,art
fe426,Male,27,25-34,Brazil,Shariburgh,"gaming, lifestyle, photography"
fe9da,Male,27,25-34,Brazil,South Taylor,photography
545,Male,26,25-34,India,Duranburgh,"news, fitness"
4073,Male,26,25-34,Germany,East Lindabury,"photography, lifestyle"
6447,Male,26,25-34,India,South Kimberlyport,"lifestyle, sports, fitness"
7752,Male,26,25-34,Germany,North Ryan,"technology, lifestyle, fitness"
9885,Male,26,25-34,Canada,Mistyton,food
20632,Male,26,25-34,Australia,Downshaven,"travel, finance, technology"
29506,Male,26,25-34,France,South Tinaton,"news, finance"
30534,Male,26,25-34,Brazil,Conleymouth,"finance, news, fashion"
37621,Male,26,25-34,Australia,Martinbury,"photography, health"
40412,Male,26,25-34,Canada,North Brian,travel
51511,Male,26,25-34,Canada,North Amanda,"fitness, gaming"
53153,Male,26,25-34,India,West Victoriafurt,photography
73663,Male,26,25-34,Germany,West Jason,"news, finance"
2.67E+06,Male,26,25-34,Mexico,New Noahborough,health
7.20E+38,Male,26,25-34,Brazil,Richardsonstad,"sports, news, lifestyle"
1.80E+56,Male,26,25-34,Australia,New Whitney,"gaming, photography, health"
0156a,Male,26,25-34,Canada,South Erikview,finance
042d8,Male,26,25-34,India,Holmesmouth,travel
052ef,Male,26,25-34,Canada,Joyceland,"health, art, food"
060f3,Male,26,25-34,India,Sextonport,"technology, finance"
06bac,Male,26,25-34,Germany,South Sabrinatown,"sports, food, fitness"
079b4,Male,26,25-34,Germany,Angelicaside,"photography, finance, lifestyle"
0d6fc,Male,26,25-34,Brazil,Robertview,"art, food, fitness"
0f1a9,Male,26,25-34,Japan,Brownbury,"fitness, travel"
10fb5,Male,26,25-34,Germany,Luisfort,"food, travel"
139a9,Male,26,25-34,India,Eugenefurt,photography
13b03,Male,26,25-34,India,Port Christophershire,"photography, fashion, finance"
171ca,Male,26,25-34,Australia,North Ericburgh,finance
1977c,Male,26,25-34,India,Catherineton,"lifestyle, gaming"
1dc5a,Male,26,25-34,Brazil,Amberberg,art
219b6,Male,26,25-34,Canada,West Debbieborough,"art, gaming, photography"
22fe7,Male,26,25-34,Brazil,East Charleston,sports
29dcf,Male,26,25-34,Canada,Lake Timothy,"fashion, news, art"
2b1d1,Male,26,25-34,India,South William,news
2c9e0,Male,26,25-34,Germany,Matthewchester,"technology, travel, lifestyle"
2ca45,Male,26,25-34,Germany,Kevinborough,fashion
2d16a,Male,26,25-34,India,Meyermouth,"technology, travel"
2fb9b,Male,26,25-34,Brazil,Laurenview,news
3018c,Male,26,25-34,Canada,Lake Jasmine,"art, sports"
332b8,Male,26,25-34,Mexico,New Ashley,"fashion, fitness, art"
33f08,Male,26,25-34,Australia,Morrisshire,"health, gaming, lifestyle"
3c21d,Male,26,25-34,Canada,Lawrencetown,"lifestyle, fashion, health"
3daf6,Male,26,25-34,Mexico,Mcleanberg,"art, fitness, health"
3dfd4,Male,26,25-34,France,East Eric,fitness
3e09a,Male,26,25-34,Canada,West Matthew,"fitness, health"
3e2bf,Male,26,25-34,India,Melindahaven,"technology, fashion"
3eab2,Male,26,25-34,Canada,North Danielchester,"health, lifestyle"
3f3a7,Male,26,25-34,India,Piercemouth,"photography, news, sports"
40f29,Male,26,25-34,France,Port Veronica,"sports, fitness"
4265c,Male,26,25-34,Brazil,Stoneburgh,travel
44f4d,Male,26,25-34,Japan,North James,"art, fitness"
4a060,Male,26,25-34,France,Baileyborough,fashion
4a554,Male,26,25-34,Brazil,South Valerie,lifestyle
4ae1b,Male,26,25-34,Australia,Port Jennifer,fitness
4e3e9,Male,26,25-34,France,Ronaldshire,fashion
4e50b,Male,26,25-34,Brazil,Deborahhaven,fashion
4ee12,Male,26,25-34,Japan,East Christianview,lifestyle
4fd83,Male,26,25-34,France,Alvarezhaven,"sports, finance"
4fe32,Male,26,25-34,India,East Anthonyfurt,"fashion, health"
5043f,Male,26,25-34,Brazil,Michaelland,"art, fitness, finance"
556a0,Male,26,25-34,Australia,Brownstad,"fitness, fashion"
57d93,Male,26,25-34,Canada,Kleinberg,travel
591f6,Male,26,25-34,Germany,North Lauraville,"sports, finance"
602ef,Male,26,25-34,Germany,West Christophertown,travel
628d4,Male,26,25-34,India,New Matthew,technology
66eaf,Male,26,25-34,Canada,South Jameshaven,"technology, fitness"
685ce,Male,26,25-34,Japan,South Meganburgh,fashion
696c7,Male,26,25-34,India,South Brianside,"technology, art, health"
699ce,Male,26,25-34,India,Lake Erica,"travel, finance"
6a11f,Male,26,25-34,India,Phillipsborough,"technology, news"
6e91f,Male,26,25-34,Canada,North Vincentmouth,"lifestyle, sports, health"
741db,Male,26,25-34,India,Davidburgh,fashion
747a4,Male,26,25-34,India,East Claudiafurt,technology
75ad6,Male,26,25-34,Canada,Loriberg,"lifestyle, photography"
766c4,Male,26,25-34,Australia,West Michaelberg,technology
7696a,Male,26,25-34,Germany,Lyonsshire,health
7779b,Male,26,25-34,Japan,Michaeltown,"travel, health, sports"
784c4,Male,26,25-34,Brazil,Pittmanhaven,"art, lifestyle"
7d9fc,Male,26,25-34,Germany,South Sherry,"food, news, sports"
7dfce,Male,26,25-34,Canada,North Jamesshire,finance
82cfd,Male,26,25-34,France,Sanchezfort,technology
86a9c,Male,26,25-34,Australia,Lindseytown,"news, food"
896d0,Male,26,25-34,Canada,New Brianton,"technology, news, fashion"
8b803,Male,26,25-34,Japan,South Ross,"photography, fashion, finance"
8b881,Male,26,25-34,Mexico,Port Olivia,gaming
8c1d7,Male,26,25-34,India,Mercedesport,finance
8d60b,Male,26,25-34,Brazil,East Josephhaven,travel
8e5b3,Male,26,25-34,India,South Lorraineton,travel
914be,Male,26,25-34,Germany,West Mario,"gaming, sports, technology"
950a2,Male,26,25-34,Mexico,Nielsenstad,gaming
951bf,Male,26,25-34,Japan,Davisburgh,"art, lifestyle, food"
9a76b,Male,26,25-34,Mexico,Deborahfort,"lifestyle, travel"
9d802,Male,26,25-34,India,Hinesstad,"lifestyle, food"
9f954,Male,26,25-34,Canada,East Daniel,"health, art"
a0e19,Male,26,25-34,Australia,Andrewside,technology
a2a61,Male,26,25-34,Australia,Sandraside,"photography, lifestyle, health"
a48fd,Male,26,25-34,India,New Nicoleland,technology
a50f7,Male,26,25-34,Mexico,Elizabethfurt,"health, lifestyle"
a731d,Male,26,25-34,Australia,Jessicaland,"travel, photography"
a7a04,Male,26,25-34,Japan,Brittneyborough,"lifestyle, fitness"
abc49,Male,26,25-34,France,Lake Stacieport,"food, art"
ae371,Male,26,25-34,Canada,West Timothyhaven,art
ae8a9,Male,26,25-34,Germany,West Cody,"fashion, gaming"
b31ec,Male,26,25-34,Germany,Juliahaven,"fashion, sports, art"
b58a3,Male,26,25-34,France,Scottton,"gaming, sports, food"
b58a9,Male,26,25-34,Germany,Fordshire,"technology, fitness"
b81e0,Male,26,25-34,France,Juliechester,gaming
ba307,Male,26,25-34,Germany,New Charles,fashion
bb8c6,Male,26,25-34,India,Roberthaven,"travel, art"
bc49a,Male,26,25-34,Australia,Smithville,photography
bcaf4,Male,26,25-34,Australia,South Brandonview,"art, health, fitness"
bd2e2,Male,26,25-34,France,Colemanfurt,"sports, photography"
be913,Male,26,25-34,Germany,Brianshire,travel
beba6,Male,26,25-34,Mexico,East Nathan,"gaming, health, sports"
c3f76,Male,26,25-34,Japan,Castilloburgh,"fashion, sports, travel"
cef85,Male,26,25-34,India,Thompsonburgh,fitness
cf031,Male,26,25-34,Brazil,East Kristina,"health, travel"
d0e16,Male,26,25-34,Germany,Patriciafurt,fitness
d1b29,Male,26,25-34,Brazil,West James,finance
d2dc1,Male,26,25-34,France,West Edwardborough,technology
d54bd,Male,26,25-34,Japan,Wendyberg,fashion
d7e2a,Male,26,25-34,Canada,Lesliehaven,"photography, sports, travel"
d8957,Male,26,25-34,Mexico,Lake Kevinfort,"news, lifestyle"
dae22,Male,26,25-34,Germany,Williamsonchester,"gaming, travel"
de33a,Male,26,25-34,Germany,Laurashire,fashion
e41e5,Male,26,25-34,Canada,West Jennifer,"fashion, finance"
e66d0,Male,26,25-34,Brazil,Dunnchester,photography
e6e0a,Male,26,25-34,India,East Melanie,"lifestyle, sports, health"
e78d6,Male,26,25-34,Canada,Port Laura,technology
e7a8d,Male,26,25-34,Germany,North Kevin,"health, news, technology"
ee0a0,Male,26,25-34,Australia,New Zachary,"gaming, technology"
f1f29,Male,26,25-34,India,Sarahborough,"lifestyle, sports, photography"
f3716,Male,26,25-34,India,Saraside,"fitness, fashion"
f3981,Male,26,25-34,India,Andersonton,photography
f5bad,Male,26,25-34,Mexico,Masonchester,"finance, health, travel"
f7beb,Male,26,25-34,France,South Stephen,"lifestyle, finance, photography"
f87f0,Male,26,25-34,India,Salazarbury,"art, technology, news"
fb256,Male,26,25-34,Brazil,New Bobbyton,"lifestyle, fashion, gaming"
fc56c,Male,26,25-34,Canada,Kathytown,"fitness, health"
fd6e4,Male,26,25-34,Germany,Mckenzieborough,"health, fashion"
fdccb,Male,26,25-34,Australia,West Timothyport,finance
fe92e,Male,26,25-34,Japan,Port Brianburgh,"finance, sports"
2108,Male,25,25-34,Mexico,West Kennethfurt,"finance, fitness"
4785,Male,25,25-34,Japan,Port Josephmouth,"photography, travel"
16118,Male,25,25-34,India,West Danielton,news
17689,Male,25,25-34,Germany,South Tonyaport,technology
23656,Male,25,25-34,India,Port John,"health, food, travel"
39199,Male,25,25-34,Canada,Joshuaport,"art, sports"
40092,Male,25,25-34,Australia,Stanleyberg,finance
51415,Male,25,25-34,France,Port Laurenport,"gaming, news, travel"
54555,Male,25,25-34,France,Calvintown,"gaming, finance"
57849,Male,25,25-34,France,Hernandezberg,art
59810,Male,25,25-34,Germany,North Rickbury,"fashion, food"
61885,Male,25,25-34,Germany,Nicoleview,"photography, fitness"
66179,Male,25,25-34,Germany,Port Markchester,"fashion, news"
69962,Male,25,25-34,Japan,Port Adamtown,"fitness, technology, gaming"
71609,Male,25,25-34,Canada,Feliciamouth,art
87398,Male,25,25-34,Germany,Christensenfurt,"technology, finance, lifestyle"
93118,Male,25,25-34,Germany,Pattyview,"finance, health, fitness"
95528,Male,25,25-34,Germany,Baileyview,"art, technology, fitness"
95703,Male,25,25-34,India,New Davidville,photography
98677,Male,25,25-34,Canada,Johnsonchester,"travel, news"
9.80E+05,Male,25,25-34,Japan,Timothybury,"lifestyle, fashion, fitness"
5.41E+07,Male,25,25-34,India,North Andrea,lifestyle
6.70E+50,Male,25,25-34,Australia,West Matthew,"sports, gaming, fashion"
6.60E+79,Male,25,25-34,Canada,Valenciamouth,fashion
0078e,Male,25,25-34,India,Wilsontown,"technology, art"
0236e,Male,25,25-34,India,Lake Candicestad,health
0ac1b,Male,25,25-34,India,Sellersfurt,fashion
0df67,Male,25,25-34,Mexico,Jenniferland,"gaming, travel, finance"
0e66b,Male,25,25-34,France,Danielside,"gaming, lifestyle, sports"
128bd,Male,25,25-34,France,Collinsberg,"gaming, fitness"
12d2a,Male,25,25-34,Brazil,North Antonio,"finance, health"
145c6,Male,25,25-34,Germany,New Aprilmouth,"food, news"
1625c,Male,25,25-34,Australia,Paulton,fashion
19c4c,Male,25,25-34,Germany,Lake Garyview,news
1ad20,Male,25,25-34,India,Lake Sarah,"food, health"
1f1f7,Male,25,25-34,Australia,Brownton,"finance, lifestyle, news"
1f39f,Male,25,25-34,India,New Timothystad,"finance, news, food"
205cd,Male,25,25-34,India,Robinsonberg,"travel, fashion, lifestyle"
217bf,Male,25,25-34,Australia,East Emily,"travel, health"
2b690,Male,25,25-34,France,Carterburgh,"gaming, travel, sports"
2c4c4,Male,25,25-34,Mexico,Barkerstad,"finance, art"
2d895,Male,25,25-34,Germany,South Denise,"gaming, lifestyle, technology"
305a5,Male,25,25-34,Mexico,North Katiemouth,health
38d28,Male,25,25-34,Canada,New Gary,"health, art, gaming"
3af5b,Male,25,25-34,Australia,Priceton,"fitness, fashion"
3c500,Male,25,25-34,India,Johnsonshire,"art, travel"
3cf12,Male,25,25-34,Japan,Thompsonland,"fashion, sports, gaming"
3d0e1,Male,25,25-34,Canada,Annaland,"photography, sports"
3d341,Male,25,25-34,Canada,East Kristinaport,"gaming, lifestyle"
3d680,Male,25,25-34,Germany,Port Christopherside,"technology, health"
41df9,Male,25,25-34,Australia,Bakershire,"health, lifestyle, art"
468ff,Male,25,25-34,Canada,East Paulbury,fitness
47c3a,Male,25,25-34,Brazil,Williamsonmouth,"news, sports"
483c9,Male,25,25-34,Canada,Heatherchester,"photography, finance"
4a95a,Male,25,25-34,Australia,Port Karenmouth,"technology, travel, news"
4c40f,Male,25,25-34,Brazil,West Philip,"gaming, technology, health"
4f471,Male,25,25-34,India,South Matthewview,fashion
50bda,Male,25,25-34,Brazil,Vangland,"travel, sports"
5275d,Male,25,25-34,India,Christopherville,travel
5300e,Male,25,25-34,Canada,West Seanville,art
56b94,Male,25,25-34,Canada,East Austin,"fitness, photography"
56c03,Male,25,25-34,India,Thompsonfort,"lifestyle, travel, technology"
56dd8,Male,25,25-34,Australia,South Lisaland,photography
56dee,Male,25,25-34,Japan,Elizabethside,"health, food, travel"
57a88,Male,25,25-34,Germany,Port Adrian,fitness
581ee,Male,25,25-34,India,Josephport,gaming
592f4,Male,25,25-34,France,Bensonton,"technology, art"
59bd5,Male,25,25-34,India,Port Michael,"sports, fashion, news"
6256e,Male,25,25-34,India,Lake Edwardport,"health, gaming, finance"
66dc0,Male,25,25-34,Japan,Curryshire,"sports, food, news"
691ef,Male,25,25-34,India,Karentown,photography
6e4a6,Male,25,25-34,India,Robinsonbury,"travel, fashion"
6fada,Male,25,25-34,Canada,Davidberg,"art, sports, finance"
70bf4,Male,25,25-34,Germany,Sharonside,"lifestyle, news, photography"
715b7,Male,25,25-34,India,New Gwendolyn,"technology, fashion"
7204f,Male,25,25-34,Germany,Garciatown,finance
74fe1,Male,25,25-34,India,North John,"fitness, food, travel"
784b4,Male,25,25-34,Australia,Jamiefurt,fitness
7a5f0,Male,25,25-34,Brazil,Lake Laura,"fashion, technology"
7d306,Male,25,25-34,Canada,Robertshire,"art, sports, travel"
8038c,Male,25,25-34,Brazil,Mendozaland,"lifestyle, technology, finance"
8870f,Male,25,25-34,India,South David,"fitness, news"
89b4b,Male,25,25-34,Mexico,Matthewshire,photography
8b76b,Male,25,25-34,Brazil,Matthewburgh,sports
8cdf6,Male,25,25-34,India,South Bernard,"art, lifestyle"
8d424,Male,25,25-34,India,Louistown,gaming
91a90,Male,25,25-34,Brazil,Benjaminborough,"lifestyle, art, health"
955f6,Male,25,25-34,Canada,Jacksonchester,technology
95f44,Male,25,25-34,Japan,South Timothy,sports
9625d,Male,25,25-34,Mexico,North Amberstad,"travel, lifestyle, technology"
97c17,Male,25,25-34,Australia,Lake Davidshire,sports
9abfe,Male,25,25-34,Australia,Blackfort,"gaming, fitness"
9c676,Male,25,25-34,Japan,West Elijah,"lifestyle, food, gaming"
9ceb4,Male,25,25-34,Germany,East Patriciabury,art
9d6cb,Male,25,25-34,Germany,South Daniel,art
9dc32,Male,25,25-34,Canada,South Sheila,sports
a0206,Male,25,25-34,Brazil,Maryville,"technology, finance, gaming"
a0612,Male,25,25-34,Australia,East Danielleport,news
a5c1b,Male,25,25-34,Mexico,Stephenborough,"technology, photography, fashion"
a6c7a,Male,25,25-34,Australia,Port Zachary,gaming
a7655,Male,25,25-34,Australia,East Matthewborough,"news, lifestyle, sports"
ac0d1,Male,25,25-34,India,Bakerstad,"gaming, fashion"
afc17,Male,25,25-34,Germany,Lake Cynthia,lifestyle
b06ba,Male,25,25-34,Germany,Davismouth,"gaming, technology"
b1b0b,Male,25,25-34,Germany,West Christyport,technology
b461d,Male,25,25-34,Germany,Obrienbury,"food, fashion"
b5814,Male,25,25-34,India,Georgeborough,"gaming, lifestyle, news"
b58e4,Male,25,25-34,India,West Ericmouth,"fitness, food, gaming"
b603d,Male,25,25-34,Canada,West David,news
b609e,Male,25,25-34,Germany,East Rachelport,lifestyle
b990c,Male,25,25-34,India,New Edwardside,travel
b9de3,Male,25,25-34,Australia,Darrenchester,"travel, technology, food"
ba158,Male,25,25-34,Canada,North Alexandra,"lifestyle, finance, sports"
bc507,Male,25,25-34,India,Lake Sonia,photography
c3348,Male,25,25-34,Australia,Robertstad,news
c3d65,Male,25,25-34,Japan,Lake Josephfort,photography
c7dde,Male,25,25-34,India,Cindyhaven,"health, photography"
c96f4,Male,25,25-34,Australia,Markberg,"lifestyle, news, photography"
ca7e6,Male,25,25-34,India,New Dylan,"finance, gaming, art"
cafb0,Male,25,25-34,Germany,South Jason,art
cc679,Male,25,25-34,India,East Phillip,"art, news"
cd721,Male,25,25-34,Mexico,Port Anne,"finance, fitness, news"
cd73b,Male,25,25-34,Brazil,Douglasbury,"sports, photography, news"
ce696,Male,25,25-34,Germany,Alexanderside,"food, gaming"
cf304,Male,25,25-34,Germany,North Christinetown,"gaming, fitness, food"
d419c,Male,25,25-34,Canada,Elizabethport,health
db179,Male,25,25-34,Mexico,West Luisburgh,"news, fitness, sports"
dc534,Male,25,25-34,India,East Janemouth,"photography, news"
dd596,Male,25,25-34,Brazil,Haynesshire,"photography, health, technology"
e1625,Male,25,25-34,India,Vincentchester,"sports, news, photography"
e3f22,Male,25,25-34,Canada,West Phillip,fashion
e44df,Male,25,25-34,Canada,Evanschester,fitness
ea606,Male,25,25-34,India,West Christina,news
ea6c3,Male,25,25-34,France,Hurstfurt,sports
ebd7b,Male,25,25-34,India,East Charles,"travel, health, sports"
eec05,Male,25,25-34,Brazil,Duncanland,news
f0f7e,Male,25,25-34,India,Anaberg,"photography, news, gaming"
f5fdb,Male,25,25-34,India,Lisatown,"news, sports, fashion"
f798c,Male,25,25-34,Germany,Ruthchester,lifestyle
f8ce7,Male,25,25-34,India,New Rebecca,"news, fitness, food"
fda28,Male,25,25-34,Australia,Port Elizabethberg,"finance, food"
fdbff,Male,25,25-34,Japan,Port Angela,news
fe3d0,Male,25,25-34,Germany,North Carrieville,"news, travel"
ff3a5,Male,25,25-34,Japan,Marybury,"news, finance, fitness"
ffc6b,Male,25,25-34,India,Martinmouth,"finance, news, technology"
16593,Male,28,25-34,Canada,Waynehaven,"art, finance, technology"
19325,Male,28,25-34,Australia,New Kyle,"sports, travel, lifestyle"
20936,Male,28,25-34,Mexico,North Paul,travel
25089,Male,28,25-34,Canada,Burnsstad,"fashion, technology"
32780,Male,28,25-34,Brazil,Gomezbury,"news, art, sports"
50749,Male,28,25-34,Germany,Hortonhaven,photography
51486,Male,28,25-34,Germany,Stephensshire,"food, gaming, news"
54507,Male,28,25-34,Canada,Bishopmouth,gaming
54782,Male,28,25-34,India,South Ericside,news
57677,Male,28,25-34,Brazil,Hughesburgh,"finance, photography, health"
73229,Male,28,25-34,Brazil,Kevinbury,"food, photography"
80336,Male,28,25-34,Australia,South Michelle,photography
80944,Male,28,25-34,Canada,Loritown,"technology, travel"
91434,Male,28,25-34,Germany,East Lisastad,"fashion, health"
92021,Male,28,25-34,Canada,East Victoria,"travel, health, fashion"
94171,Male,28,25-34,Mexico,West Veronica,sports
8.20E+30,Male,28,25-34,Mexico,Port Shanehaven,"food, health"
5.70E+76,Male,28,25-34,Brazil,South Stacy,photography
5.00E+215,Male,28,25-34,Canada,West Shelly,"travel, photography"
00b86,Male,28,25-34,Canada,New Scott,"travel, finance, news"
043b8,Male,28,25-34,Brazil,West Matthewton,"fashion, photography, food"
06e6a,Male,28,25-34,Japan,Kirstenstad,"food, photography, sports"
077f4,Male,28,25-34,India,East Linda,"photography, food, gaming"
07c1a,Male,28,25-34,Japan,Boonemouth,"fashion, news, art"
0933e,Male,28,25-34,India,New Maria,"travel, finance"
0a63d,Male,28,25-34,Germany,Lake Pamelahaven,photography
0a923,Male,28,25-34,Australia,North Maryview,fitness
0b082,Male,28,25-34,Japan,Rachelland,"finance, food, art"
0bc40,Male,28,25-34,Japan,Port Amber,"fashion, photography, gaming"
0cf22,Male,28,25-34,Australia,South Laura,fitness
0dc58,Male,28,25-34,Mexico,North Joshuachester,fashion
105bb,Male,28,25-34,Canada,Jessicaberg,"food, finance"
10aac,Male,28,25-34,Japan,Port Bryanport,"health, finance"
1184e,Male,28,25-34,Japan,East Elizabethview,"lifestyle, health"
162ec,Male,28,25-34,Germany,Sheilachester,"fitness, gaming, lifestyle"
16f95,Male,28,25-34,Australia,Erikland,"fashion, sports, photography"
1791c,Male,28,25-34,Germany,South Lisamouth,"photography, fitness"
18eb0,Male,28,25-34,Australia,Cortezstad,"art, food"
1a3f2,Male,28,25-34,Canada,Taylorview,art
1b006,Male,28,25-34,India,West Keith,photography
1bbd0,Male,28,25-34,Germany,Andersonton,"sports, gaming"
1dc35,Male,28,25-34,France,New Michael,food
1e7b0,Male,28,25-34,Brazil,Heatherborough,news
23b62,Male,28,25-34,Mexico,Sandramouth,fitness
23c7e,Male,28,25-34,Canada,Kevinchester,"gaming, technology"
25d12,Male,28,25-34,France,East Betty,fitness
27ef6,Male,28,25-34,India,Joannehaven,lifestyle
287ac,Male,28,25-34,Japan,Morganside,"lifestyle, health"
28cf0,Male,28,25-34,Germany,South Angela,"travel, sports"
2c80b,Male,28,25-34,France,Bobbyshire,"gaming, photography"
2d544,Male,28,25-34,India,New Ashley,"photography, finance, fashion"
2eae9,Male,28,25-34,Germany,New Ariana,"gaming, finance, technology"
36cd6,Male,28,25-34,Germany,Tanyaberg,"fitness, fashion, art"
374a7,Male,28,25-34,India,Port Lisa,"lifestyle, technology"
3bc52,Male,28,25-34,Canada,Dylanburgh,finance
3bd0c,Male,28,25-34,Germany,Jonport,"health, fashion"
3ca21,Male,28,25-34,France,South Jonathanbury,lifestyle
3db85,Male,28,25-34,Canada,Olsonfurt,"news, food, gaming"
41c30,Male,28,25-34,Germany,New Tamaraview,"art, food, gaming"
4524d,Male,28,25-34,Germany,East Jonathan,"photography, gaming, art"
46cc3,Male,28,25-34,India,Watsonside,"health, photography, food"
48df7,Male,28,25-34,Australia,South Alexis,"fitness, finance, photography"
495ef,Male,28,25-34,Brazil,New Caleb,finance
497f0,Male,28,25-34,Germany,Joneshaven,"finance, technology"
49d91,Male,28,25-34,Mexico,Port John,technology
4d376,Male,28,25-34,Australia,Gomezfurt,"photography, technology, travel"
4ee79,Male,28,25-34,Brazil,Port Brianna,art
4ffbd,Male,28,25-34,Brazil,Nielsenstad,"technology, sports"
509b7,Male,28,25-34,Canada,Lake Rebecca,"fashion, gaming, travel"
513f1,Male,28,25-34,Mexico,Medinaburgh,fashion
520a4,Male,28,25-34,Japan,Reynoldsview,"photography, news, technology"
53eb1,Male,28,25-34,Mexico,New Leslie,"fitness, art"
550fb,Male,28,25-34,France,Evansbury,"news, fitness"
556b0,Male,28,25-34,Mexico,Randymouth,food
579b3,Male,28,25-34,Canada,North William,"photography, art, sports"
58b46,Male,28,25-34,Japan,Davidstad,gaming
5ab52,Male,28,25-34,Japan,North Ricky,travel
5b7e9,Male,28,25-34,India,Lake Anne,"gaming, health"
5d138,Male,28,25-34,Mexico,Sarahside,art
5d75e,Male,28,25-34,India,Marciachester,"fitness, health, photography"
5e49d,Male,28,25-34,India,East Mollyshire,health
5ee68,Male,28,25-34,Brazil,Kimborough,"art, photography"
620b5,Male,28,25-34,India,Alexandriashire,fashion
67b15,Male,28,25-34,Canada,Danielborough,"photography, travel"
6958f,Male,28,25-34,India,Lake Shawn,"news, photography, art"
6f111,Male,28,25-34,Brazil,Marshallport,gaming
6f1af,Male,28,25-34,India,Catherineville,finance
6fa65,Male,28,25-34,Mexico,Port Juliehaven,"food, photography, travel"
700ea,Male,28,25-34,France,North Carolyn,"food, art, health"
73a51,Male,28,25-34,Australia,Port Jodyville,"travel, food"
780b7,Male,28,25-34,Australia,Kimberlyberg,"sports, fitness"
78d29,Male,28,25-34,Japan,Zavalaton,"lifestyle, gaming"
78f9b,Male,28,25-34,Canada,Port Katiehaven,art
7a745,Male,28,25-34,Germany,East Jacquelinehaven,fitness
7c762,Male,28,25-34,Australia,New Toddstad,fitness
7d840,Male,28,25-34,Brazil,West Adambury,finance
7eed2,Male,28,25-34,Mexico,Jamesmouth,"food, fitness, health"
802b4,Male,28,25-34,India,New Kathryn,travel
8035b,Male,28,25-34,Brazil,New Andreamouth,"sports, news, gaming"
815d5,Male,28,25-34,Australia,East Toddbury,"food, art, fashion"
869f3,Male,28,25-34,Canada,Lake Michaelside,"lifestyle, finance, fashion"
8ac40,Male,28,25-34,Brazil,South Robertfurt,"health, technology, finance"
8c702,Male,28,25-34,France,West Sharonhaven,finance
8f1ee,Male,28,25-34,India,Moorebury,"fashion, art"
927f2,Male,28,25-34,Germany,Daymouth,technology
93c94,Male,28,25-34,Brazil,Port Joshuafurt,"fitness, sports, technology"
944fa,Male,28,25-34,Germany,Alexandraview,photography
9798f,Male,28,25-34,Germany,Christinamouth,art
9c8a8,Male,28,25-34,Australia,North Kathleen,"travel, technology"
9cf3d,Male,28,25-34,India,South Lauraside,"gaming, technology, news"
9d6ed,Male,28,25-34,Australia,Travismouth,"technology, art"
9d9b9,Male,28,25-34,India,East Nicholas,sports
9da4f,Male,28,25-34,Australia,Danielton,news
a018c,Male,28,25-34,India,Charleschester,sports
a066f,Male,28,25-34,Mexico,New Crystal,"technology, health"
a20ad,Male,28,25-34,India,East Wendy,"finance, food"
a2b22,Male,28,25-34,Japan,Lake Paul,"photography, technology"
a570d,Male,28,25-34,Mexico,Smithtown,"news, travel"
a66ff,Male,28,25-34,Mexico,Thompsonfort,"travel, art"
a6ed9,Male,28,25-34,Brazil,Ryanchester,"fashion, photography, technology"
a7073,Male,28,25-34,India,New Susanfurt,"food, finance"
a70fe,Male,28,25-34,Australia,East Chad,"news, art"
aec76,Male,28,25-34,Germany,Kendramouth,finance
afc64,Male,28,25-34,Germany,West Donaldchester,"art, fashion, gaming"
bd265,Male,28,25-34,India,New Jeffreystad,"travel, food"
bd2ae,Male,28,25-34,Brazil,East Aliceborough,"art, health, technology"
be9ee,Male,28,25-34,Canada,North Nicole,"health, photography"
bf528,Male,28,25-34,Brazil,North Kenneth,"gaming, lifestyle"
bf8d9,Male,28,25-34,India,Meganbury,"lifestyle, technology, finance"
c1be6,Male,28,25-34,Japan,East Juan,"health, finance, food"
c4e1d,Male,28,25-34,Australia,Nicoletown,"health, photography"
c5205,Male,28,25-34,India,Alvaradoborough,fitness
c5453,Male,28,25-34,France,Lake Karina,gaming
c5947,Male,28,25-34,Mexico,Lake Carol,gaming
c5c64,Male,28,25-34,India,Doyleport,travel
c736a,Male,28,25-34,Mexico,South Dianetown,"lifestyle, travel, art"
c9cc7,Male,28,25-34,Mexico,Courtneyberg,art
ca7af,Male,28,25-34,Mexico,Smithhaven,"art, food, sports"
cbbe0,Male,28,25-34,Brazil,New Williambury,technology
cc512,Male,28,25-34,Mexico,West Brianland,"food, sports, fashion"
cd839,Male,28,25-34,India,Lake Melissabury,"fitness, finance"
ce829,Male,28,25-34,Australia,New David,"gaming, photography"
cea29,Male,28,25-34,Australia,Nathanport,art
cf773,Male,28,25-34,India,Ronaldmouth,sports
d1a9f,Male,28,25-34,Canada,Port Blake,photography
d1c55,Male,28,25-34,India,Marshallberg,"news, art, lifestyle"
d5d86,Male,28,25-34,India,West Joseville,"sports, food"
d7c8f,Male,28,25-34,India,Chrismouth,technology
d8a38,Male,28,25-34,Australia,Kellyfort,"travel, technology"
db2f8,Male,28,25-34,Canada,Laurenview,news
db3fe,Male,28,25-34,Germany,Port Daniellebury,"finance, travel, lifestyle"
db5c2,Male,28,25-34,France,New Michelleville,"health, sports"
de54d,Male,28,25-34,Canada,East Monicaberg,"gaming, photography, fashion"
e5e1b,Male,28,25-34,Canada,North Patricia,health
ec0f1,Male,28,25-34,France,North Logan,food
f125d,Male,28,25-34,Germany,South Natalieville,"lifestyle, technology, sports"
f13d1,Male,28,25-34,Mexico,Matthewberg,technology
f2279,Male,28,25-34,Brazil,Anthonychester,photography
f2f39,Male,28,25-34,Germany,East Joseph,travel
f453a,Male,28,25-34,Canada,North Emily,"sports, travel, finance"
f5aa7,Male,28,25-34,India,Theresaborough,travel
f6c5e,Male,28,25-34,Australia,Andersontown,"food, news"
fca8f,Male,28,25-34,India,East Charlesland,"art, food, news"
3028,Male,34,25-34,United Kingdom,Williamsland,sports
9473,Male,27,25-34,United Kingdom,Port Barbara,"health, technology"
10290,Male,29,25-34,United Kingdom,North Andrea,"lifestyle, fashion, fitness"
13584,Male,25,25-34,United Kingdom,Port Stephanieton,"food, photography, gaming"
13919,Male,32,25-34,United Kingdom,Longborough,health
13928,Male,32,25-34,United Kingdom,Port Ericfurt,travel
17301,Male,27,25-34,United Kingdom,Cervanteshaven,photography
22098,Male,29,25-34,United Kingdom,Wrightview,"sports, fitness"
23781,Male,26,25-34,United Kingdom,South Nicholasland,gaming
25562,Male,32,25-34,United Kingdom,Michelleland,art
25884,Male,29,25-34,United Kingdom,Emilyborough,"photography, sports, finance"
27067,Male,25,25-34,United Kingdom,Cruzville,"travel, health"
30716,Male,28,25-34,United Kingdom,Adamville,"travel, fashion"
32338,Male,29,25-34,United Kingdom,Priceburgh,"sports, food"
37339,Male,29,25-34,United Kingdom,Madisonmouth,fitness
41646,Male,26,25-34,United Kingdom,Stanleyville,"fitness, health, finance"
43943,Male,29,25-34,United Kingdom,Evelynmouth,"finance, sports"
48942,Male,31,25-34,United Kingdom,Schroederfort,art
51640,Male,32,25-34,United Kingdom,Hartmouth,"technology, lifestyle"
58174,Male,32,25-34,United Kingdom,East Jeffreyberg,"lifestyle, fashion, food"
67830,Male,32,25-34,United Kingdom,New Robertmouth,"travel, fashion"
74375,Male,31,25-34,United Kingdom,Johnburgh,"photography, health"
75979,Male,33,25-34,United Kingdom,Port Kristinemouth,"finance, photography, art"
76608,Male,27,25-34,United Kingdom,Larrybury,lifestyle
84093,Male,34,25-34,United Kingdom,West Patriciashire,"lifestyle, travel"
85106,Male,27,25-34,United Kingdom,Stevensmouth,fitness
87758,Male,29,25-34,United Kingdom,Scottborough,"travel, lifestyle"
93672,Male,29,25-34,United Kingdom,Samanthaport,"travel, art, fitness"
95012,Male,27,25-34,United Kingdom,New Loriburgh,"finance, gaming"
97446,Male,25,25-34,United Kingdom,Taraland,"art, gaming, news"
7.35E+06,Male,29,25-34,United Kingdom,Karinaport,art
6.10E+53,Male,26,25-34,United Kingdom,North Melissafurt,art
2.00E+62,Male,29,25-34,United Kingdom,Davidberg,food
00b85,Male,34,25-34,United Kingdom,Erinstad,"technology, sports, health"
00eb6,Male,28,25-34,United Kingdom,Williamsport,sports
01b2c,Male,28,25-34,United Kingdom,Lake Justintown,"health, food"
0225b,Male,30,25-34,United Kingdom,Warrenstad,"lifestyle, photography"
029d1,Male,26,25-34,United Kingdom,Sierrachester,"health, fashion, fitness"
0486f,Male,30,25-34,United Kingdom,Angelamouth,"fitness, food"
06a01,Male,31,25-34,United Kingdom,North Brittany,"fitness, lifestyle"
06fd1,Male,25,25-34,United Kingdom,South Matthewton,"travel, fashion"
079c7,Male,30,25-34,United Kingdom,Laurenborough,"photography, food"
07c3e,Male,31,25-34,United Kingdom,Mariaburgh,"lifestyle, technology, news"
08d2a,Male,31,25-34,United Kingdom,North Lori,fashion
095bf,Male,28,25-34,United Kingdom,Lake Kelly,"sports, health, food"
0a3b4,Male,27,25-34,United Kingdom,Christensentown,lifestyle
0b8e7,Male,31,25-34,United Kingdom,South Kenneth,"art, fashion"
0bc27,Male,29,25-34,United Kingdom,South Christopher,art
0cb5f,Male,26,25-34,United Kingdom,Lake Nicolemouth,"art, fitness"
0d4cc,Male,28,25-34,United Kingdom,Port John,"fashion, finance"
0d607,Male,31,25-34,United Kingdom,Murraybury,sports
119d3,Male,28,25-34,United Kingdom,East Amyport,"lifestyle, fashion, gaming"
149a6,Male,32,25-34,United Kingdom,Dianamouth,"technology, photography"
19a31,Male,28,25-34,United Kingdom,New Janetside,news
1adcc,Male,30,25-34,United Kingdom,Woodwardville,"photography, food"
1b0d6,Male,34,25-34,United Kingdom,East Melinda,"technology, travel"
1b59c,Male,34,25-34,United Kingdom,Tylermouth,"art, sports, technology"
1b9b3,Male,27,25-34,United Kingdom,East Jeffreyview,technology
1be17,Male,34,25-34,United Kingdom,Wagnerview,"fitness, art, photography"
1c97f,Male,27,25-34,United Kingdom,Brycemouth,food
1d944,Male,34,25-34,United Kingdom,Osbornestad,"travel, finance, art"
20a5a,Male,30,25-34,United Kingdom,Dillonborough,"fashion, food, gaming"
21ea4,Male,25,25-34,United Kingdom,Port Johnfurt,"fitness, photography, gaming"
223f2,Male,25,25-34,United Kingdom,Aprilchester,"food, gaming, fitness"
2315e,Male,30,25-34,United Kingdom,Lake Ericberg,"lifestyle, gaming"
249df,Male,25,25-34,United Kingdom,New Robert,"sports, health"
2a950,Male,31,25-34,United Kingdom,North Jasonfort,"news, art"
2aa1d,Male,28,25-34,United Kingdom,Robertchester,"news, gaming, fashion"
2bc62,Male,27,25-34,United Kingdom,Josephshire,"sports, art, finance"
2be63,Male,33,25-34,United Kingdom,Sierrafurt,finance
2d739,Male,34,25-34,United Kingdom,Lake Joshuaside,art
2de16,Male,27,25-34,United Kingdom,Debbietown,"health, food"
2ee24,Male,32,25-34,United Kingdom,Flowersborough,"gaming, finance, health"
2eece,Male,28,25-34,United Kingdom,Lake Edwardshire,"fashion, photography, art"
2efa0,Male,28,25-34,United Kingdom,Douglasmouth,gaming
2f647,Male,28,25-34,United Kingdom,South Shawn,"food, photography, news"
2fefc,Male,33,25-34,United Kingdom,Smithfort,"technology, news"
31a94,Male,27,25-34,United Kingdom,Michaelchester,"art, photography, finance"
31aba,Male,27,25-34,United Kingdom,East Alexanderton,"gaming, art"
31f1d,Male,29,25-34,United Kingdom,Lake Timothy,"technology, photography"
3468b,Male,28,25-34,United Kingdom,Nicholefurt,"food, news"
36ad0,Male,29,25-34,United Kingdom,East Joseph,fitness
37d80,Male,26,25-34,United Kingdom,New Emmaborough,health
3d456,Male,27,25-34,United Kingdom,South Marcus,"art, gaming"
3d786,Male,27,25-34,United Kingdom,Matthewsport,health
3eca3,Male,30,25-34,United Kingdom,Lake Markbury,gaming
3ed77,Male,33,25-34,United Kingdom,Port Charlesside,"fitness, health"
3efd0,Male,25,25-34,United Kingdom,Port Ericaton,photography
3f754,Male,34,25-34,United Kingdom,Doylemouth,"art, travel"
3faa4,Male,28,25-34,United Kingdom,New Charlesfort,finance
4072c,Male,27,25-34,United Kingdom,Port Barryton,travel
409c2,Male,30,25-34,United Kingdom,Jonesfurt,"food, sports"
40ca5,Male,33,25-34,United Kingdom,Phillipland,fashion
40d9e,Male,32,25-34,United Kingdom,Mooreland,"lifestyle, photography"
40fce,Male,32,25-34,United Kingdom,Lake Michaelport,"sports, fashion, photography"
41b95,Male,32,25-34,United Kingdom,Michelleview,"news, sports, finance"
41d39,Male,25,25-34,United Kingdom,Esparzaburgh,health
42fe9,Male,31,25-34,United Kingdom,Thomasburgh,technology
451bf,Male,31,25-34,United Kingdom,Williamberg,"photography, technology, fashion"
45c66,Male,30,25-34,United Kingdom,East Morgan,"food, news"
46bc2,Male,30,25-34,United Kingdom,Carlsonberg,travel
4805d,Male,26,25-34,United Kingdom,South Teresa,"travel, health"
4a0b6,Male,25,25-34,United Kingdom,Lake William,"technology, gaming, lifestyle"
4a43d,Male,31,25-34,United Kingdom,Thomasfurt,food
4aae7,Male,30,25-34,United Kingdom,Port Michael,"news, fitness, technology"
4b9c8,Male,28,25-34,United Kingdom,North Patrickville,technology
4ce09,Male,30,25-34,United Kingdom,Kennethmouth,"finance, art"
4d344,Male,30,25-34,United Kingdom,Port Reneefurt,"food, news, photography"
4e8e4,Male,26,25-34,United Kingdom,Patrickstad,lifestyle
4ecb8,Male,30,25-34,United Kingdom,Ingramborough,"fitness, finance"
4ecc6,Male,32,25-34,United Kingdom,Jaredburgh,"fashion, technology, fitness"
51b07,Male,31,25-34,United Kingdom,Kristinhaven,"food, finance, technology"
5362c,Male,26,25-34,United Kingdom,East Jordan,"fashion, art"
541f2,Male,28,25-34,United Kingdom,West Garyfort,"fashion, finance, gaming"
54f9e,Male,30,25-34,United Kingdom,Hendricksfurt,"food, sports, fitness"
558bf,Male,26,25-34,United Kingdom,East Tammyhaven,"fashion, technology, news"
57f76,Male,31,25-34,United Kingdom,Kendraberg,sports
57fa5,Male,33,25-34,United Kingdom,Port Jody,"art, travel"
5985c,Male,27,25-34,United Kingdom,West Karen,gaming
5a7c0,Male,28,25-34,United Kingdom,New Douglasmouth,travel
5cd8b,Male,25,25-34,United Kingdom,Timothyfort,sports
5d663,Male,27,25-34,United Kingdom,Morrisfort,"fashion, gaming"
5d7d8,Male,29,25-34,United Kingdom,Port Robertoberg,food
5f2a1,Male,29,25-34,United Kingdom,Port Sonyamouth,travel
5fa16,Male,32,25-34,United Kingdom,Starkburgh,"art, fashion"
604b7,Male,28,25-34,United Kingdom,East Shawn,"fashion, photography, news"
60c86,Male,31,25-34,United Kingdom,Smithfurt,news
6283b,Male,32,25-34,United Kingdom,Lake Latasha,"photography, technology, sports"
632ab,Male,29,25-34,United Kingdom,South Meganstad,"health, lifestyle"
6491b,Male,34,25-34,United Kingdom,Theresaside,"art, news"
65aed,Male,29,25-34,United Kingdom,Greenmouth,"news, sports"
65dda,Male,27,25-34,United Kingdom,East Heather,food
69afa,Male,28,25-34,United Kingdom,Santiagoborough,"health, travel, news"
6b1d3,Male,30,25-34,United Kingdom,Christopherstad,"gaming, finance"
6b4a7,Male,31,25-34,United Kingdom,North Hannahchester,"art, sports"
6b721,Male,30,25-34,United Kingdom,New Daniellefurt,"fitness, lifestyle"
6bbf4,Male,25,25-34,United Kingdom,Lake Amandaville,"fitness, travel"
6d68f,Male,29,25-34,United Kingdom,South Sharon,food
6d75c,Male,31,25-34,United Kingdom,South Katieton,sports
6e400,Male,27,25-34,United Kingdom,East Dennis,"lifestyle, art"
6f234,Male,26,25-34,United Kingdom,East Michelleport,"lifestyle, sports, health"
6f2a7,Male,29,25-34,United Kingdom,East Matthew,sports
7039b,Male,27,25-34,United Kingdom,Port Markchester,art
7072c,Male,26,25-34,United Kingdom,South Kimberly,"photography, lifestyle, finance"
70be1,Male,25,25-34,United Kingdom,Port Debra,"travel, news"
7107f,Male,32,25-34,United Kingdom,East Sara,"travel, fashion, technology"
723ef,Male,33,25-34,United Kingdom,Haleberg,"sports, lifestyle"
72a9c,Male,26,25-34,United Kingdom,Stephanieberg,"health, fitness, food"
73d19,Male,28,25-34,United Kingdom,Gallowaytown,"fashion, photography"
75b06,Male,25,25-34,United Kingdom,Anthonyborough,"art, gaming, finance"
78c7f,Male,29,25-34,United Kingdom,Whitakerview,"food, art, lifestyle"
792d5,Male,30,25-34,United Kingdom,North Katherinehaven,sports
798ea,Male,30,25-34,United Kingdom,Gonzalezfort,"news, finance"
7a516,Male,31,25-34,United Kingdom,Allenview,"gaming, travel"
7accf,Male,28,25-34,United Kingdom,Andersonburgh,"lifestyle, health, fashion"
7b410,Male,25,25-34,United Kingdom,North Georgeview,"food, fashion"
7b81e,Male,28,25-34,United Kingdom,Harrisside,finance
7c4cd,Male,29,25-34,United Kingdom,Hallville,health
7ca65,Male,33,25-34,United Kingdom,Lake Michael,"news, photography"
7ccf1,Male,26,25-34,United Kingdom,Hillborough,"fashion, food"
7d6df,Male,25,25-34,United Kingdom,Wendystad,"art, sports"
7d8c3,Male,32,25-34,United Kingdom,Clarkbury,art
7dc61,Male,27,25-34,United Kingdom,West Catherine,"news, lifestyle, travel"
7e687,Male,33,25-34,United Kingdom,Jessicaside,finance
7e8af,Male,29,25-34,United Kingdom,Jamesside,fitness
7e911,Male,34,25-34,United Kingdom,Donnatown,fashion
7ebbf,Male,26,25-34,United Kingdom,Jasontown,"art, photography, gaming"
7f985,Male,25,25-34,United Kingdom,New Reginaldville,"health, gaming, sports"
7ff18,Male,28,25-34,United Kingdom,Leachton,"travel, fashion"
7ff5c,Male,34,25-34,United Kingdom,New Cindy,sports
802fc,Male,27,25-34,United Kingdom,West Daniellemouth,"food, finance, fashion"
80c64,Male,26,25-34,United Kingdom,Amandaberg,travel
82bc9,Male,33,25-34,United Kingdom,Kochfurt,gaming
848ac,Male,28,25-34,United Kingdom,East Vincenttown,"art, lifestyle"
84c96,Male,29,25-34,United Kingdom,Cookchester,"lifestyle, gaming, fitness"
856b8,Male,29,25-34,United Kingdom,East Kimberlyton,"lifestyle, food, technology"
8595e,Male,27,25-34,United Kingdom,Lake Paulaport,"fashion, lifestyle"
85d32,Male,28,25-34,United Kingdom,Pagestad,"photography, art"
85f09,Male,26,25-34,United Kingdom,Brownfurt,"technology, news"
85f37,Male,34,25-34,United Kingdom,Ellischester,technology
86b89,Male,30,25-34,United Kingdom,Amandaborough,finance
886b7,Male,32,25-34,United Kingdom,East Rhonda,"art, lifestyle, travel"
8889c,Male,28,25-34,United Kingdom,New Cindy,"finance, art"
88dcd,Male,32,25-34,United Kingdom,New Cody,"health, photography"
8a218,Male,32,25-34,United Kingdom,West Savannahmouth,"art, news, photography"
8b0f9,Male,25,25-34,United Kingdom,Christopherchester,gaming
8b3e6,Male,28,25-34,United Kingdom,Nicoletown,"news, art"
8be44,Male,29,25-34,United Kingdom,Jordantown,"fashion, food"
8cc1d,Male,28,25-34,United Kingdom,Martinezshire,"lifestyle, photography"
8d438,Male,32,25-34,United Kingdom,Shermanfort,"finance, technology"
8efb3,Male,29,25-34,United Kingdom,West Joanne,"news, finance"
8ff1f,Male,34,25-34,United Kingdom,Hendersonburgh,"fitness, finance"
8ff8a,Male,33,25-34,United Kingdom,New Debra,"fitness, food"
8ffd2,Male,33,25-34,United Kingdom,New Samanthabury,"gaming, food, technology"
9081b,Male,27,25-34,United Kingdom,East Jennifer,"sports, food, finance"
908a9,Male,25,25-34,United Kingdom,Hubermouth,food
919ed,Male,27,25-34,United Kingdom,Downsside,"fitness, lifestyle"
92f05,Male,27,25-34,United Kingdom,North Markberg,"lifestyle, finance, photography"
95bc8,Male,26,25-34,United Kingdom,Aguilarland,sports
9627d,Male,31,25-34,United Kingdom,Carsonmouth,"art, fitness, sports"
967a5,Male,31,25-34,United Kingdom,West Sharon,lifestyle
96f60,Male,26,25-34,United Kingdom,Danielbury,"travel, news, technology"
98bfe,Male,28,25-34,United Kingdom,Lake Allenmouth,"finance, travel"
98ee6,Male,25,25-34,United Kingdom,Rebeccafurt,"travel, finance, photography"
996b8,Male,30,25-34,United Kingdom,Lake John,"technology, lifestyle"
9995f,Male,34,25-34,United Kingdom,Tommyshire,travel
9b08b,Male,26,25-34,United Kingdom,Johnstonburgh,news
9b0a0,Male,27,25-34,United Kingdom,Madisonburgh,"travel, lifestyle"
9b516,Male,26,25-34,United Kingdom,Ginaland,"lifestyle, sports, fitness"
9bedc,Male,26,25-34,United Kingdom,South Ian,"photography, health, gaming"
9c4bb,Male,30,25-34,United Kingdom,Vincenthaven,"fashion, lifestyle"
9d385,Male,28,25-34,United Kingdom,East Robert,"gaming, technology, fashion"
a148b,Male,32,25-34,United Kingdom,South Michelle,"health, technology, finance"
a2121,Male,32,25-34,United Kingdom,Ruizborough,"food, health"
a2387,Male,28,25-34,United Kingdom,Lindsayport,sports
a3f9a,Male,32,25-34,United Kingdom,Dunnstad,"sports, travel"
a52ef,Male,28,25-34,United Kingdom,Millermouth,health
a5e61,Male,31,25-34,United Kingdom,New Brandi,"art, technology, lifestyle"
a622f,Male,30,25-34,United Kingdom,Tinamouth,"health, news"
a7b86,Male,28,25-34,United Kingdom,Camachoview,"sports, news"
aa08d,Male,26,25-34,United Kingdom,North William,fitness
aa50a,Male,32,25-34,United Kingdom,South Mistyshire,"lifestyle, food"
ab659,Male,25,25-34,United Kingdom,Cookborough,"fitness, health, technology"
ac260,Male,28,25-34,United Kingdom,Wardchester,"news, gaming, sports"
ad146,Male,29,25-34,United Kingdom,Williamsborough,"food, art, gaming"
ad677,Male,29,25-34,United Kingdom,Port James,"gaming, photography, technology"
adb38,Male,26,25-34,United Kingdom,Port Stephanieview,sports
adf01,Male,30,25-34,United Kingdom,North Andrew,"news, gaming"
ae649,Male,31,25-34,United Kingdom,Larrymouth,"fitness, art, health"
af0c7,Male,26,25-34,United Kingdom,Timothyhaven,"travel, lifestyle, health"
af271,Male,26,25-34,United Kingdom,Brandonport,"health, finance"
af7cd,Male,34,25-34,United Kingdom,New James,photography
af927,Male,26,25-34,United Kingdom,Robertsview,fashion
afbb4,Male,26,25-34,United Kingdom,Grossberg,"fashion, health, news"
b04df,Male,29,25-34,United Kingdom,Whiteside,"sports, food"
b2088,Male,27,25-34,United Kingdom,Timothyton,"health, gaming, news"
b4510,Male,26,25-34,United Kingdom,Angelahaven,"gaming, sports, technology"
b49ef,Male,32,25-34,United Kingdom,New Amy,"art, food"
b4fed,Male,30,25-34,United Kingdom,Amandaburgh,sports
b53df,Male,25,25-34,United Kingdom,New Ericaland,"fashion, finance"
b59b3,Male,30,25-34,United Kingdom,Port Jose,"sports, food, travel"
b6e08,Male,27,25-34,United Kingdom,Michelleton,"art, fitness, photography"
b6f1d,Male,32,25-34,United Kingdom,South Erikview,lifestyle
b85a3,Male,27,25-34,United Kingdom,North Kurtchester,"gaming, photography, travel"
b8a90,Male,30,25-34,United Kingdom,Robertsburgh,"food, health, gaming"
b9d7f,Male,32,25-34,United Kingdom,Kellyfurt,"fitness, sports, health"
ba341,Male,30,25-34,United Kingdom,West Rachelport,"sports, technology, art"
bacc9,Male,34,25-34,United Kingdom,Port Kennethfort,fashion
bc6cb,Male,30,25-34,United Kingdom,West Derek,"art, photography, technology"
bda4b,Male,27,25-34,United Kingdom,Jasonfurt,"food, health"
beba1,Male,29,25-34,United Kingdom,West Joseph,"food, sports"
bf113,Male,29,25-34,United Kingdom,Sherryton,lifestyle
bf9d1,Male,27,25-34,United Kingdom,Hernandezton,"sports, travel, food"
bf9dd,Male,27,25-34,United Kingdom,Lewisview,"lifestyle, news, gaming"
bfcaa,Male,30,25-34,United Kingdom,East Coryhaven,lifestyle
c0d9e,Male,25,25-34,United Kingdom,Toddchester,"health, finance, news"
c1d1a,Male,33,25-34,United Kingdom,North Frank,"travel, lifestyle, fitness"
c8c09,Male,26,25-34,United Kingdom,East Edwin,"sports, technology, fitness"
c9708,Male,28,25-34,United Kingdom,Batesmouth,gaming
cbfb9,Male,25,25-34,United Kingdom,New Gina,technology
cd0b5,Male,34,25-34,United Kingdom,North Karen,technology
cf594,Male,25,25-34,United Kingdom,North Carl,"technology, fashion, gaming"
d1fc5,Male,25,25-34,United Kingdom,Port Devin,travel
d33d0,Male,26,25-34,United Kingdom,North Randallmouth,"health, fitness"
d35ee,Male,25,25-34,United Kingdom,New Sherylbury,"finance, food"
d4d1d,Male,31,25-34,United Kingdom,Port Travis,"health, finance, gaming"
d683e,Male,27,25-34,United Kingdom,Port Marissafort,art
d69f1,Male,27,25-34,United Kingdom,West Paulport,"gaming, health, news"
d6edf,Male,31,25-34,United Kingdom,West Doris,"food, art"
d7727,Male,25,25-34,United Kingdom,New Amy,"lifestyle, technology, fitness"
d7b19,Male,29,25-34,United Kingdom,Brandontown,"lifestyle, technology"
d7fb1,Male,32,25-34,United Kingdom,Christopherland,photography
d95a2,Male,25,25-34,United Kingdom,Kristinmouth,"sports, lifestyle"
da583,Male,30,25-34,United Kingdom,Port Deborahtown,fitness
db103,Male,26,25-34,United Kingdom,Mooreberg,"art, fashion"
db6b2,Male,31,25-34,United Kingdom,East Alison,"finance, sports"
dc0cb,Male,29,25-34,United Kingdom,Johnsland,"fashion, sports, technology"
dd72c,Male,25,25-34,United Kingdom,Port Graceville,"technology, travel"
dda89,Male,25,25-34,United Kingdom,Port Heatherbury,"news, travel, art"
ddb4d,Male,27,25-34,United Kingdom,Port Marthashire,"lifestyle, food"
ddea7,Male,30,25-34,United Kingdom,Beckertown,lifestyle
de521,Male,32,25-34,United Kingdom,Carmenstad,"gaming, health, lifestyle"
dfb7b,Male,31,25-34,United Kingdom,East Jasmine,health
e081a,Male,25,25-34,United Kingdom,Vanessafurt,"art, news"
e094e,Male,29,25-34,United Kingdom,Port Andrewside,"photography, lifestyle"
e1246,Male,26,25-34,United Kingdom,Williamsmouth,food
e249f,Male,29,25-34,United Kingdom,West Charlene,finance
e26c9,Male,32,25-34,United Kingdom,Douglaston,"fitness, travel"
e4774,Male,29,25-34,United Kingdom,Garciamouth,"food, fashion"
e653b,Male,29,25-34,United Kingdom,New Kirsten,"gaming, photography"
e743b,Male,27,25-34,United Kingdom,Matthewport,food
e81e5,Male,31,25-34,United Kingdom,Stacyburgh,"sports, health, gaming"
e8a98,Male,28,25-34,United Kingdom,Lake Anthonyburgh,fitness
e8d7f,Male,25,25-34,United Kingdom,Kleinchester,"finance, health, gaming"
e91cf,Male,30,25-34,United Kingdom,Markshire,photography
e91e7,Male,26,25-34,United Kingdom,South Christopherstad,gaming
e9974,Male,27,25-34,United Kingdom,Bellside,"gaming, finance, art"
ea2c9,Male,25,25-34,United Kingdom,East Stacyton,"health, technology, travel"
eb7ff,Male,27,25-34,United Kingdom,West Kevinshire,"gaming, fitness"
eba49,Male,31,25-34,United Kingdom,Marybury,"technology, travel, gaming"
ecb6c,Male,26,25-34,United Kingdom,South Aaronberg,photography
ed09b,Male,29,25-34,United Kingdom,Port Sarah,"news, food"
ee4a2,Male,27,25-34,United Kingdom,Williamston,"health, food"
ee783,Male,30,25-34,United Kingdom,South Debraton,"health, gaming, art"
efea4,Male,26,25-34,United Kingdom,East Leahfort,"art, gaming, food"
f0ed0,Male,26,25-34,United Kingdom,Jennifertown,"fitness, art"
f1737,Male,26,25-34,United Kingdom,New Anthony,"news, lifestyle, food"
f2eae,Male,28,25-34,United Kingdom,East Toniview,gaming
f43de,Male,30,25-34,United Kingdom,New Melissamouth,finance
f4dae,Male,26,25-34,United Kingdom,West Karen,"finance, travel"
f5cfd,Male,25,25-34,United Kingdom,Lake Randy,"news, photography, gaming"
f6d07,Male,29,25-34,United Kingdom,South Ashleytown,sports
f6fae,Male,32,25-34,United Kingdom,Jonesshire,"gaming, news"
f7418,Male,34,25-34,United Kingdom,Port Jennifer,food
f8c5e,Male,27,25-34,United Kingdom,Jonathanmouth,fitness
f924c,Male,26,25-34,United Kingdom,Jamesmouth,finance
f92b6,Male,27,25-34,United Kingdom,Abbottborough,sports
f9af6,Male,27,25-34,United Kingdom,Johnsonton,"gaming, travel"
faf4d,Male,29,25-34,United Kingdom,Johnstontown,"travel, health, gaming"
fb349,Male,33,25-34,United Kingdom,Beasleyhaven,"travel, lifestyle"
fcaa2,Male,30,25-34,United Kingdom,New Kathymouth,"finance, art, food"
fcf7f,Male,30,25-34,United Kingdom,New Josephside,"food, gaming, fitness"
13864,Male,18,18-24,Australia,West Larry,"health, art, gaming"
15287,Male,18,18-24,Mexico,Fordfort,"gaming, travel"
18382,Male,18,18-24,Germany,Port Tammyberg,fashion
42792,Male,18,18-24,United Kingdom,Tonyberg,fitness
58440,Male,18,18-24,Australia,New Dominiquechester,"lifestyle, health"
60358,Male,18,18-24,United Kingdom,Aaronland,finance
73616,Male,18,18-24,India,Port Vicki,"gaming, lifestyle, art"
73757,Male,18,18-24,United Kingdom,Port Evelynburgh,gaming
83137,Male,18,18-24,Brazil,East Paulview,finance
85911,Male,18,18-24,Canada,Tracytown,photography
89737,Male,18,18-24,India,Scottview,"news, finance"
90429,Male,18,18-24,Australia,Fisherborough,lifestyle
91341,Male,18,18-24,India,Joanmouth,"fitness, fashion"
96748,Male,18,18-24,Japan,Greenborough,news
9.98E+07,Male,18,18-24,Canada,Pamelastad,"fashion, lifestyle, sports"
5.23E+08,Male,18,18-24,United Kingdom,Port Bradley,"travel, sports"
5.80E+23,Male,18,18-24,United Kingdom,Mitchellborough,fitness
6.60E+85,Male,18,18-24,Canada,New Jenniferberg,technology
0271f,Male,18,18-24,Brazil,Theresafurt,"fitness, food"
031dc,Male,18,18-24,Brazil,Watkinstown,technology
08bc2,Male,18,18-24,United Kingdom,West Brenda,"food, technology"
0b721,Male,18,18-24,Germany,East Jeremyburgh,"technology, fitness, food"
0c78e,Male,18,18-24,United Kingdom,South Johnathanchester,"lifestyle, travel, food"
0cbc5,Male,18,18-24,Australia,South Danny,"technology, art, news"
0ce1b,Male,18,18-24,United Kingdom,South Patriciafort,"technology, news"
1592c,Male,18,18-24,United Kingdom,West Carrie,"finance, travel"
165ec,Male,18,18-24,Brazil,East Jason,"gaming, fitness, art"
16ed8,Male,18,18-24,Australia,South Victor,"travel, sports"
2148d,Male,18,18-24,India,Port Nicholas,gaming
221f2,Male,18,18-24,Brazil,Laurafort,food
2526f,Male,18,18-24,France,North Julie,sports
2848e,Male,18,18-24,India,Jonathanberg,news
287ba,Male,18,18-24,Japan,Webbmouth,art
2b4b9,Male,18,18-24,Mexico,Butlerton,gaming
2b908,Male,18,18-24,Mexico,Zimmermanstad,"lifestyle, fitness"
2bdbe,Male,18,18-24,United Kingdom,North Alyssa,"art, health, finance"
2c0dc,Male,18,18-24,United Kingdom,Wilsonburgh,"sports, food"
2eefe,Male,18,18-24,Germany,Lake Nicholas,"fitness, technology, food"
2ef03,Male,18,18-24,Mexico,Clarkstad,art
2f8d3,Male,18,18-24,India,South Heatherbury,"news, technology, lifestyle"
32ec0,Male,18,18-24,India,North Ginahaven,"news, health, travel"
33f4f,Male,18,18-24,Canada,Rebeccabury,"news, fitness, gaming"
36fbc,Male,18,18-24,India,Danielleville,"art, travel"
3aa1a,Male,18,18-24,Mexico,Lake Benjamin,"technology, finance"
3b49f,Male,18,18-24,Mexico,Port Diana,"technology, lifestyle"
3b59f,Male,18,18-24,United Kingdom,Aliciafort,"health, fashion"
3c05c,Male,18,18-24,Canada,Taylorchester,fitness
43d06,Male,18,18-24,India,Eriktown,"technology, gaming"
442f8,Male,18,18-24,Australia,Port Michael,sports
45ef4,Male,18,18-24,Brazil,Charlesmouth,"gaming, news, fitness"
4a290,Male,18,18-24,Australia,Ericafort,travel
4def8,Male,18,18-24,India,Salazartown,art
50f81,Male,18,18-24,United Kingdom,Port Frank,"sports, finance, food"
555dc,Male,18,18-24,Australia,Murphymouth,"fashion, technology, sports"
5a61b,Male,18,18-24,India,Jeremyborough,"health, technology, lifestyle"
5cb01,Male,18,18-24,India,East Rebeccahaven,health
5cda4,Male,18,18-24,Canada,Port Roger,lifestyle
5ff96,Male,18,18-24,Germany,Nathanielchester,"lifestyle, photography, travel"
674af,Male,18,18-24,Germany,Katherinefort,photography
6e2e6,Male,18,18-24,France,Lisaborough,fashion
710d5,Male,18,18-24,Canada,East Bettymouth,"gaming, health, art"
733a7,Male,18,18-24,United Kingdom,Port Kennethburgh,"health, art, fitness"
739d7,Male,18,18-24,United Kingdom,Jessicaport,"technology, fitness, finance"
741f6,Male,18,18-24,Germany,Port Allisonside,photography
76a04,Male,18,18-24,United Kingdom,New Antonio,news
77f7d,Male,18,18-24,Australia,Ericville,"fashion, finance, sports"
79d52,Male,18,18-24,France,Clarkmouth,art
7a7a1,Male,18,18-24,Canada,Freemanhaven,lifestyle
7e9a4,Male,18,18-24,Australia,North Brittany,"travel, fashion, food"
7ed56,Male,18,18-24,Canada,Sheaton,"news, photography, travel"
80c17,Male,18,18-24,Japan,Beanfurt,"fitness, art"
80e9f,Male,18,18-24,United Kingdom,Danielland,gaming
816a3,Male,18,18-24,Canada,South Lynn,"sports, technology"
82ec5,Male,18,18-24,France,Allenfort,travel
8708c,Male,18,18-24,Canada,Sharonview,finance
8804d,Male,18,18-24,Brazil,Juanton,fashion
89c9f,Male,18,18-24,Canada,New Michael,"fashion, sports, technology"
8dc92,Male,18,18-24,Australia,Robinsonbury,lifestyle
922d1,Male,18,18-24,Canada,Thomaschester,fitness
9d9d7,Male,18,18-24,France,South Debrachester,"art, technology, fashion"
9dd1c,Male,18,18-24,Mexico,South Ginashire,"fashion, sports"
a0f9a,Male,18,18-24,Germany,South Brianberg,"fashion, food, fitness"
a221a,Male,18,18-24,India,North Alex,"news, technology, lifestyle"
a5582,Male,18,18-24,Germany,West Rebeccaland,"lifestyle, photography, fashion"
a6f98,Male,18,18-24,Germany,Francesfurt,"fashion, lifestyle"
a70f0,Male,18,18-24,United Kingdom,West Keith,"photography, fitness, health"
a75e2,Male,18,18-24,Mexico,North Michealfurt,"health, fashion"
a9b86,Male,18,18-24,Germany,Whitemouth,"technology, lifestyle"
ab34c,Male,18,18-24,Mexico,Michaelville,"news, travel, photography"
b042a,Male,18,18-24,Australia,Timothyview,"technology, art"
b1524,Male,18,18-24,Germany,Kathrynfort,"news, technology"
b3740,Male,18,18-24,France,Clarkmouth,"photography, sports"
b412b,Male,18,18-24,United Kingdom,West Jill,"finance, art"
b41fd,Male,18,18-24,United Kingdom,South Pamelaton,sports
b6746,Male,18,18-24,Japan,Port Cindyton,"technology, finance"
b75fe,Male,18,18-24,Germany,East Kim,"finance, technology"
b82cf,Male,18,18-24,Mexico,Derrickfort,"finance, gaming"
b967c,Male,18,18-24,Japan,Andersonborough,"fashion, art, photography"
baed7,Male,18,18-24,Canada,Ashleystad,"art, finance, health"
bb122,Male,18,18-24,Mexico,Johnberg,"fitness, food, sports"
bcf7d,Male,18,18-24,Australia,Fordburgh,"food, travel, news"
bd154,Male,18,18-24,India,Lake Ginaport,lifestyle
bd751,Male,18,18-24,India,Jesseberg,"fitness, sports"
c1ef3,Male,18,18-24,United Kingdom,West Rossport,fitness
c2995,Male,18,18-24,Canada,South Gary,"fashion, travel, lifestyle"
c4a5e,Male,18,18-24,Canada,Josestad,lifestyle
c900f,Male,18,18-24,India,Cochranton,"lifestyle, fitness, art"
cbf7b,Male,18,18-24,Australia,North Lisatown,travel
cc55a,Male,18,18-24,France,New April,news
cd54d,Male,18,18-24,Australia,Woodchester,"health, art, photography"
cea9b,Male,18,18-24,United Kingdom,Elizabethchester,"technology, food, art"
cf8e1,Male,18,18-24,India,Lake Samanthaland,"lifestyle, sports, food"
d0a40,Male,18,18-24,United Kingdom,Port Eric,"travel, art, photography"
d2ac3,Male,18,18-24,France,New Jennifer,"photography, fashion, health"
d54b0,Male,18,18-24,Canada,Heathchester,"travel, photography, fashion"
d73cc,Male,18,18-24,United Kingdom,Alanton,fashion
d73d4,Male,18,18-24,United Kingdom,Teresafort,"sports, gaming, health"
d992d,Male,18,18-24,Japan,Steventon,"news, fitness, sports"
dcba0,Male,18,18-24,Japan,Mcgeeland,"art, sports"
deff1,Male,18,18-24,United Kingdom,South Sharonland,fitness
e0cd5,Male,18,18-24,Mexico,Alexandermouth,gaming
e2bb5,Male,18,18-24,India,Markfort,travel
e39b3,Male,18,18-24,United Kingdom,Aliciaburgh,"technology, sports"
e506b,Male,18,18-24,India,Murphyshire,"finance, fashion"
e6046,Male,18,18-24,United Kingdom,Kelseyton,health
e7a1e,Male,18,18-24,India,Lake Patriciaberg,"sports, news, health"
e814f,Male,18,18-24,India,New Heather,fitness
e88d5,Male,18,18-24,United Kingdom,East Amanda,"lifestyle, photography"
eb4fb,Male,18,18-24,India,South Brenda,fashion
ec791,Male,18,18-24,Germany,Port Toddbury,gaming
ee822,Male,18,18-24,France,East Frederick,fitness
eeebb,Male,18,18-24,Brazil,West Madelinebury,"gaming, fashion"
ef9b5,Male,18,18-24,United Kingdom,Riverafurt,"technology, food"
f2200,Male,18,18-24,Brazil,West Mary,"photography, food"
f470d,Male,18,18-24,India,Alexmouth,"photography, news, lifestyle"
f829d,Male,18,18-24,Germany,Port Danielberg,"finance, lifestyle"
f96a5,Male,18,18-24,Canada,Katherineton,"fitness, sports"
fa22e,Male,18,18-24,Brazil,Timothyfurt,sports
fb20a,Male,18,18-24,Canada,East Joshuachester,"travel, lifestyle, fashion"
fc192,Male,18,18-24,Australia,Stevenmouth,"travel, finance"
fe537,Male,18,18-24,Canada,Davisburgh,"lifestyle, sports"
6917,Male,19,18-24,United Kingdom,Lake Ericaborough,travel
7366,Male,19,18-24,Australia,West Deniseberg,"lifestyle, travel, fitness"
7992,Male,19,18-24,India,Martinborough,"news, fitness"
21559,Male,19,18-24,Canada,Lake Timothy,art
22523,Male,19,18-24,Australia,Hughesburgh,"travel, sports, food"
26828,Male,19,18-24,France,Aprilton,"news, travel, art"
27189,Male,19,18-24,United Kingdom,Tuckerhaven,"photography, news"
42801,Male,19,18-24,India,Hannahland,"lifestyle, sports, gaming"
51523,Male,19,18-24,Japan,West Christine,"food, fashion"
52715,Male,19,18-24,Mexico,North Williamfurt,"lifestyle, finance, travel"
61903,Male,19,18-24,Canada,West Jessica,"health, lifestyle"
65168,Male,19,18-24,India,Harrisfurt,"fashion, photography"
80419,Male,19,18-24,Japan,Camposburgh,"lifestyle, fitness"
80786,Male,19,18-24,United Kingdom,North Jessica,health
85479,Male,19,18-24,Brazil,West Edwardfurt,health
86090,Male,19,18-24,Japan,North Codychester,art
88666,Male,19,18-24,Australia,Jillfurt,technology
91937,Male,19,18-24,Japan,East Lindsay,fitness
99132,Male,19,18-24,Germany,South David,gaming
7.25E+11,Male,19,18-24,Germany,Lake Scott,travel
0091b,Male,19,18-24,United Kingdom,New Kyle,"finance, art, news"
03dcf,Male,19,18-24,Canada,Debratown,"finance, gaming"
0437c,Male,19,18-24,Mexico,Lake Karen,photography
04a6b,Male,19,18-24,United Kingdom,East Heatherland,"food, gaming"
0c5fb,Male,19,18-24,Mexico,Lake Melissachester,"travel, finance"
0f501,Male,19,18-24,India,Obrienbury,art
10ed9,Male,19,18-24,Australia,New Lisa,"technology, travel, photography"
1a39b,Male,19,18-24,United Kingdom,South Wesleymouth,technology
1b910,Male,19,18-24,Brazil,Ashleyshire,"art, fitness"
1c247,Male,19,18-24,United Kingdom,South Jonathan,food
1c7ea,Male,19,18-24,India,Maxwellmouth,"finance, news, technology"
1ca7a,Male,19,18-24,Germany,East Brenda,"fitness, fashion"
25d1a,Male,19,18-24,Japan,South Kimberly,"fashion, lifestyle, food"
26ad5,Male,19,18-24,Germany,Lauraborough,art
2b87a,Male,19,18-24,Japan,Sethview,sports
2c03e,Male,19,18-24,United Kingdom,Susanmouth,"news, fashion"
2c5d7,Male,19,18-24,Japan,Spearsmouth,gaming
2cd80,Male,19,18-24,Germany,Rossfort,travel
2f3f7,Male,19,18-24,United Kingdom,Port Brent,"gaming, finance, photography"
3071b,Male,19,18-24,United Kingdom,Rosstown,"news, finance"
314aa,Male,19,18-24,Mexico,South Brenda,"food, news"
31ca2,Male,19,18-24,Canada,Colebury,"fashion, sports, lifestyle"
32aea,Male,19,18-24,Australia,Stanleyside,"news, fashion, lifestyle"
37a86,Male,19,18-24,United Kingdom,Millsview,health
3b642,Male,19,18-24,Brazil,Kyleport,"food, travel, photography"
402ef,Male,19,18-24,France,Donaldshire,art
40cce,Male,19,18-24,Mexico,Martinhaven,"gaming, lifestyle"
430a5,Male,19,18-24,United Kingdom,West Laura,"news, art, lifestyle"
4472f,Male,19,18-24,India,Lake Lancehaven,travel
46d04,Male,19,18-24,India,Cooperchester,"gaming, technology, fashion"
491ff,Male,19,18-24,Australia,Russellville,"food, art"
49ccf,Male,19,18-24,Brazil,West Erika,"art, travel, news"
4a0c8,Male,19,18-24,Australia,West Nicholemouth,fitness
4d66a,Male,19,18-24,Germany,East Thomasmouth,"health, sports"
50b45,Male,19,18-24,Brazil,Lake Julian,"food, news, art"
51a48,Male,19,18-24,Canada,Maytown,"sports, food"
5432d,Male,19,18-24,United Kingdom,Port Justin,"travel, health, finance"
54c09,Male,19,18-24,India,Flemingmouth,"travel, gaming, art"
55ed8,Male,19,18-24,Germany,Joelfurt,"health, news"
5caec,Male,19,18-24,India,Mooreberg,"fashion, fitness"
5e43f,Male,19,18-24,United Kingdom,Lake Bradleyville,"finance, news, health"
5e7cd,Male,19,18-24,Germany,Laurenchester,"finance, lifestyle, sports"
5ed55,Male,19,18-24,Australia,Port Jennifer,"finance, technology"
5f1c5,Male,19,18-24,India,Hernandezport,"travel, finance"
5f787,Male,19,18-24,Japan,South Tinachester,"art, lifestyle, gaming"
636d6,Male,19,18-24,United Kingdom,Samanthafort,"technology, fashion"
672b4,Male,19,18-24,India,East Stacymouth,"art, technology, health"
68fae,Male,19,18-24,Canada,North Samanthabury,"sports, photography"
69d38,Male,19,18-24,Canada,East Joseph,"news, photography"
6f545,Male,19,18-24,Germany,Allisonburgh,gaming
6fe77,Male,19,18-24,France,North Jenny,"travel, gaming, food"
73f8a,Male,19,18-24,United Kingdom,Justinview,"news, health"
748ae,Male,19,18-24,Canada,Stephenport,"fashion, health, technology"
775f9,Male,19,18-24,Japan,East Feliciaport,"food, travel, sports"
7aa47,Male,19,18-24,Australia,South Stephen,fitness
7d824,Male,19,18-24,Brazil,Scottburgh,"fashion, gaming"
82dc3,Male,19,18-24,Canada,Mccoyberg,"technology, lifestyle"
82f60,Male,19,18-24,United Kingdom,Lake Reginaldfort,"sports, gaming"
8669b,Male,19,18-24,Japan,East Bryan,health
86d6b,Male,19,18-24,Germany,Lake Kimberly,"gaming, technology, photography"
87cdb,Male,19,18-24,United Kingdom,Jessicaville,sports
8c7a4,Male,19,18-24,Mexico,North Devinhaven,"food, technology"
8c96f,Male,19,18-24,United Kingdom,Josephburgh,"technology, fashion, finance"
8ddee,Male,19,18-24,France,Eddieton,sports
92aad,Male,19,18-24,United Kingdom,East Rickey,"fashion, gaming, news"
96c83,Male,19,18-24,Brazil,Ashleyton,fashion
97e4f,Male,19,18-24,France,South Rebecca,"travel, technology, lifestyle"
9ae53,Male,19,18-24,United Kingdom,Ericksonton,fitness
9cb8e,Male,19,18-24,United Kingdom,South Rebecca,travel
9d222,Male,19,18-24,United Kingdom,Lake Josephfurt,"sports, photography"
9eeab,Male,19,18-24,Canada,South Michele,"fitness, fashion"
a9477,Male,19,18-24,United Kingdom,North Robin,food
aa2b3,Male,19,18-24,France,Sherylside,"lifestyle, fashion, fitness"
aae04,Male,19,18-24,Germany,Schneiderchester,finance
aaeff,Male,19,18-24,United Kingdom,Carpenterberg,"art, finance, news"
acc61,Male,19,18-24,France,Lake Stevenbury,travel
b0eb9,Male,19,18-24,United Kingdom,North Ashley,"photography, fitness, lifestyle"
b1192,Male,19,18-24,Australia,New Cynthia,"news, finance, lifestyle"
b1d40,Male,19,18-24,India,West Charlesport,"photography, fashion, food"
b1ea8,Male,19,18-24,Japan,Stephensontown,"food, finance, sports"
b2a20,Male,19,18-24,Japan,Shawnhaven,"fitness, food"
b305b,Male,19,18-24,Canada,West Johnton,"technology, news, food"
ba310,Male,19,18-24,France,North Morganville,"fitness, technology, lifestyle"
bac57,Male,19,18-24,France,Port Erikaport,"technology, art"
c189d,Male,19,18-24,Canada,Angelamouth,gaming
c23c7,Male,19,18-24,France,Ianton,"news, fashion"
c308f,Male,19,18-24,Australia,Davismouth,finance
c4925,Male,19,18-24,Canada,North Kristophershire,"fitness, technology"
c4ada,Male,19,18-24,Brazil,New Amychester,"food, sports"
c7548,Male,19,18-24,Brazil,North Brett,fitness
c9f70,Male,19,18-24,Germany,Markview,fashion
c9f7a,Male,19,18-24,Japan,North Justinstad,food
ce004,Male,19,18-24,Mexico,West Lindsaytown,gaming
cf5b0,Male,19,18-24,Mexico,East Carmen,"gaming, news"
cf99a,Male,19,18-24,United Kingdom,North Kimberly,gaming
d12ef,Male,19,18-24,India,Lake Jason,"travel, lifestyle"
d1a82,Male,19,18-24,Germany,Garciaborough,"lifestyle, news, food"
d2023,Male,19,18-24,Japan,East Donaldborough,"health, food"
d589d,Male,19,18-24,United Kingdom,Jamesfurt,fashion
d646a,Male,19,18-24,Brazil,New Davidberg,"fashion, food, news"
d9b2f,Male,19,18-24,Australia,Loriburgh,"lifestyle, travel"
db070,Male,19,18-24,Mexico,Jamesville,travel
db624,Male,19,18-24,India,Davidtown,"technology, lifestyle, gaming"
dc3ab,Male,19,18-24,Germany,North Susan,"art, gaming, fitness"
ddfc5,Male,19,18-24,United Kingdom,Wilsonville,"lifestyle, art, health"
dfbd1,Male,19,18-24,Canada,Anthonyborough,"news, fashion"
e4e78,Male,19,18-24,Australia,Choiport,fitness
e819f,Male,19,18-24,Germany,Justinberg,"health, photography"
eb9c9,Male,19,18-24,Germany,Joshuafurt,"photography, sports, food"
ebab5,Male,19,18-24,Germany,South Joshuaborough,"gaming, lifestyle, art"
ee0b0,Male,19,18-24,Australia,Geraldbury,"gaming, fitness, news"
ee923,Male,19,18-24,Mexico,Stonetown,"technology, food"
f2572,Male,19,18-24,India,New Kevinville,fitness
f3e2c,Male,19,18-24,India,Devonfort,sports
f44e9,Male,19,18-24,United Kingdom,West Taramouth,"news, gaming"
f51b8,Male,19,18-24,Germany,Carlaborough,"news, technology"
f9632,Male,19,18-24,Germany,East Juanfurt,"technology, sports, fitness"
f963a,Male,19,18-24,Australia,Robertborough,"news, fitness"
f9967,Male,19,18-24,United Kingdom,New Jennifer,photography
f9e4b,Male,19,18-24,Germany,Lambton,art
fcf9f,Male,19,18-24,United Kingdom,Hollowayborough,"lifestyle, health"
fd877,Male,19,18-24,Canada,North Sara,"fashion, technology, health"
fdb92,Male,19,18-24,Canada,Brownton,"news, art, health"
fdc2b,Male,19,18-24,Canada,Morganfurt,lifestyle
fee05,Male,19,18-24,United Kingdom,Lake Susan,sports
ff18f,Male,19,18-24,France,Coryfurt,finance
2726,Male,22,18-24,Canada,Lake Rhonda,"art, news"
4248,Male,22,18-24,Brazil,Jacksonborough,"news, technology"
8804,Male,22,18-24,France,Port Zachary,art
9328,Male,22,18-24,United Kingdom,Ryanborough,art
24737,Male,22,18-24,United Kingdom,North Darrellport,"news, food"
28629,Male,22,18-24,Japan,Brianaside,"sports, art, travel"
29982,Male,22,18-24,India,Dixonville,"photography, health"
33347,Male,22,18-24,Mexico,West Matthewshire,"lifestyle, fitness"
33824,Male,22,18-24,Germany,New James,"art, gaming, food"
39858,Male,22,18-24,Australia,Jonesland,"technology, travel"
46395,Male,22,18-24,France,Bryanchester,"fashion, finance"
46431,Male,22,18-24,India,Jamesberg,technology
46970,Male,22,18-24,Australia,New Robin,art
52462,Male,22,18-24,Brazil,Port Margaretchester,"news, food"
56215,Male,22,18-24,Canada,New Seanland,"news, health"
57796,Male,22,18-24,Canada,Hodgesstad,"art, sports, food"
60575,Male,22,18-24,Canada,South Hollyside,"news, fitness, technology"
75620,Male,22,18-24,India,Schmidtton,"gaming, photography"
80904,Male,22,18-24,Mexico,New Jacquelinechester,"fashion, finance"
83473,Male,22,18-24,United Kingdom,Lake Justin,"travel, health, fitness"
86185,Male,22,18-24,France,New Candiceport,art
90961,Male,22,18-24,India,Port Nathanielbury,"news, health"
99428,Male,22,18-24,Australia,West Johnny,"health, photography"
2.65E+07,Male,22,18-24,United Kingdom,Martinezhaven,"gaming, technology, lifestyle"
6.00E+70,Male,22,18-24,Brazil,New Karentown,"fashion, technology, lifestyle"
9.20E+81,Male,22,18-24,India,Nielsenburgh,gaming
5.00E+213,Male,22,18-24,India,North Ashley,"travel, news, lifestyle"
7.00E+265,Male,22,18-24,India,Masseyville,"sports, photography, art"
01b97,Male,22,18-24,Canada,Alexanderfort,"food, art"
023cc,Male,22,18-24,United Kingdom,South Nancyshire,"fitness, finance"
0364e,Male,22,18-24,France,Moraleshaven,news
03bd1,Male,22,18-24,Canada,Johnsonberg,"fashion, news"
06cf9,Male,22,18-24,France,Laurenview,art
07ff5,Male,22,18-24,Canada,New Christopherport,"travel, finance"
082cc,Male,22,18-24,Australia,East Carl,"travel, art, health"
082f4,Male,22,18-24,Japan,North Josephfort,"fitness, technology"
089ba,Male,22,18-24,Canada,Port Michaelmouth,fitness
089c8,Male,22,18-24,India,South Andreaton,technology
0e557,Male,22,18-24,India,New Mitchellfurt,finance
0fb16,Male,22,18-24,Canada,South Zachary,"food, health, art"
1281b,Male,22,18-24,United Kingdom,Brownmouth,"lifestyle, health, travel"
13b5e,Male,22,18-24,Mexico,Barrettfurt,"gaming, travel, technology"
1425f,Male,22,18-24,Brazil,Millerburgh,"gaming, food, lifestyle"
17e1d,Male,22,18-24,Canada,New Zacharyfurt,"food, gaming"
18fb3,Male,22,18-24,India,Port Charles,health
1bb39,Male,22,18-24,Australia,Port Devinshire,"gaming, fashion, finance"
1dc48,Male,22,18-24,United Kingdom,North Jamieshire,"finance, technology"
256f9,Male,22,18-24,Canada,Myersburgh,photography
2adab,Male,22,18-24,United Kingdom,Lake Douglasmouth,health
2bb3d,Male,22,18-24,United Kingdom,Owenburgh,"art, news"
2c407,Male,22,18-24,Brazil,West Dana,"photography, sports, finance"
2cbd2,Male,22,18-24,United Kingdom,East Donnahaven,"fashion, lifestyle"
2e657,Male,22,18-24,United Kingdom,Lake Jameschester,"lifestyle, health, fitness"
36b20,Male,22,18-24,United Kingdom,North Ryanport,lifestyle
36cc1,Male,22,18-24,Japan,West Heatherton,"fashion, health, finance"
37ef0,Male,22,18-24,Canada,West Davidton,"fitness, travel"
39b9a,Male,22,18-24,Germany,Gonzalezville,"fitness, technology, sports"
3a8ba,Male,22,18-24,India,North Kellyview,"finance, travel, fashion"
3abfa,Male,22,18-24,Germany,North Johntown,"finance, fashion, news"
40af9,Male,22,18-24,United Kingdom,Port Alexfort,"technology, travel, news"
44a03,Male,22,18-24,India,New Jenniferchester,"health, news"
44cd4,Male,22,18-24,United Kingdom,Antoniomouth,"travel, finance, health"
47a59,Male,22,18-24,Mexico,East John,"lifestyle, travel, news"
4a929,Male,22,18-24,United Kingdom,West David,"sports, travel, technology"
4a9f8,Male,22,18-24,India,Christinahaven,"art, photography"
4bb68,Male,22,18-24,Germany,New Kimberlyside,"fashion, lifestyle"
4e5bd,Male,22,18-24,United Kingdom,Lake Michele,"fitness, news"
5693e,Male,22,18-24,United Kingdom,Whiteborough,health
5a0ea,Male,22,18-24,Germany,Heathermouth,"health, gaming, fashion"
5d7a9,Male,22,18-24,India,Philliphaven,"sports, photography"
5e515,Male,22,18-24,United Kingdom,West Elizabethbury,sports
6560a,Male,22,18-24,Canada,Stevenview,"art, lifestyle"
6ccf0,Male,22,18-24,United Kingdom,Reevesland,"photography, finance, technology"
6d6c3,Male,22,18-24,United Kingdom,New Dylanton,"art, news"
6e5ae,Male,22,18-24,Germany,Johnview,"gaming, food, art"
724c9,Male,22,18-24,United Kingdom,Lake Kevin,"travel, fashion"
72b2f,Male,22,18-24,India,Nealhaven,"art, fitness, gaming"
77a59,Male,22,18-24,India,Port Aaron,"sports, gaming"
77b44,Male,22,18-24,Canada,West Claudiaview,"lifestyle, technology"
77c3d,Male,22,18-24,Germany,West Amy,"news, food"
78ced,Male,22,18-24,United Kingdom,Lake Alicia,news
7a28a,Male,22,18-24,India,South Bryan,lifestyle
7a8cd,Male,22,18-24,Brazil,Davisville,"art, travel"
7c529,Male,22,18-24,Mexico,New Lisabury,"technology, health"
7e798,Male,22,18-24,United Kingdom,East Brendaton,"lifestyle, health, food"
8416b,Male,22,18-24,Mexico,Gallagherbury,"health, technology, news"
845b7,Male,22,18-24,Canada,Gordonborough,"fashion, technology"
84f39,Male,22,18-24,France,Christophermouth,fitness
85a3e,Male,22,18-24,Canada,Deannaburgh,"fitness, photography, technology"
8a878,Male,22,18-24,Canada,Andersonborough,news
8ab98,Male,22,18-24,Germany,Jennifertown,art
8ce07,Male,22,18-24,Brazil,Lake Russell,technology
8cfc2,Male,22,18-24,Brazil,Sandraside,"health, finance"
9145b,Male,22,18-24,United Kingdom,South Nathan,"news, travel"
91a15,Male,22,18-24,France,Pattonside,"food, photography, art"
94f3e,Male,22,18-24,United Kingdom,South Heathertown,"fitness, travel"
97ca4,Male,22,18-24,United Kingdom,Perezchester,"photography, finance"
97f46,Male,22,18-24,Canada,Kirstenville,"fitness, health, technology"
980be,Male,22,18-24,Germany,Harrisfurt,"technology, art"
982b3,Male,22,18-24,Brazil,Jacquelineton,"technology, photography"
98f82,Male,22,18-24,France,Barrontown,"art, gaming, news"
9ac26,Male,22,18-24,Brazil,East Denise,"travel, sports, technology"
9fea8,Male,22,18-24,United Kingdom,East Austin,art
a0c22,Male,22,18-24,United Kingdom,Woodardmouth,"health, photography, fashion"
a11a3,Male,22,18-24,Japan,Jasonbury,"art, photography, fashion"
a14c9,Male,22,18-24,Germany,Wileyhaven,"fashion, gaming, finance"
a2b3e,Male,22,18-24,Canada,Douglasside,fitness
a3f60,Male,22,18-24,Canada,Lake Sandraburgh,"health, photography"
a4252,Male,22,18-24,Mexico,North Nicholasmouth,"photography, food"
a4490,Male,22,18-24,Brazil,New Timothy,"news, fitness, sports"
a4b97,Male,22,18-24,Brazil,Jacksonchester,"news, fitness, art"
a6e73,Male,22,18-24,Japan,South Alexander,lifestyle
ab3a9,Male,22,18-24,Germany,Newtonland,"fashion, finance"
ac1a9,Male,22,18-24,United Kingdom,Christophertown,"fashion, sports, food"
b22a2,Male,22,18-24,United Kingdom,North Jameschester,health
b38b6,Male,22,18-24,United Kingdom,Port Jenniferhaven,"photography, sports"
b7787,Male,22,18-24,Brazil,East Robert,"photography, lifestyle, fitness"
b77bc,Male,22,18-24,Canada,Robinfort,"photography, lifestyle, food"
b7c4d,Male,22,18-24,Germany,Lake Francesland,technology
b7c75,Male,22,18-24,Mexico,North Michael,"food, photography, technology"
b8109,Male,22,18-24,Canada,West Crystal,sports
b8d20,Male,22,18-24,India,Maryport,"art, health"
b93c2,Male,22,18-24,India,Farleyshire,"photography, fitness"
ba256,Male,22,18-24,Germany,Barbaraburgh,"news, sports, food"
c025d,Male,22,18-24,Australia,East Elizabethberg,"health, gaming, fashion"
c2a8d,Male,22,18-24,Australia,West Stephen,lifestyle
c3793,Male,22,18-24,Canada,South Mollyton,technology
c6483,Male,22,18-24,Canada,Lake Brittanystad,sports
c7617,Male,22,18-24,Brazil,East Jason,fashion
c865c,Male,22,18-24,United Kingdom,Vargasfurt,"food, lifestyle"
c907d,Male,22,18-24,Canada,New Cheyenne,finance
cb0bb,Male,22,18-24,India,South Lindseyburgh,"food, news"
cd54a,Male,22,18-24,Germany,Garrettland,"fashion, sports"
cf2d7,Male,22,18-24,Australia,Rickeyfurt,"lifestyle, health"
cf4bb,Male,22,18-24,United Kingdom,Santiagobury,"art, technology"
d2eac,Male,22,18-24,Canada,Ryanview,"food, lifestyle"
d699f,Male,22,18-24,Mexico,Lopezshire,"news, health"
d84d7,Male,22,18-24,United Kingdom,Lake Kristenhaven,"technology, health, food"
d8f23,Male,22,18-24,Canada,Lisafort,"fitness, photography, news"
d9fde,Male,22,18-24,Australia,Hannahton,"fitness, gaming"
da350,Male,22,18-24,India,South Laurenport,sports
db905,Male,22,18-24,Canada,East Markport,news
db99f,Male,22,18-24,Germany,Anitafort,"photography, art"
dbbb3,Male,22,18-24,India,West Rhondachester,"fitness, gaming"
de79e,Male,22,18-24,Australia,North Juan,"travel, finance, health"
e072d,Male,22,18-24,France,Port Eric,fitness
e0f7b,Male,22,18-24,Brazil,South Richard,"art, lifestyle, fitness"
e0ffa,Male,22,18-24,India,Patrickview,"lifestyle, art"
e2a9c,Male,22,18-24,United Kingdom,New David,"photography, news"
e4efa,Male,22,18-24,United Kingdom,Robertsstad,"finance, photography, art"
e62e6,Male,22,18-24,United Kingdom,Port Rebeccashire,"news, health, technology"
e6f4a,Male,22,18-24,Japan,Melissastad,"art, finance, travel"
e71cf,Male,22,18-24,Canada,Westbury,"health, news, art"
e7827,Male,22,18-24,United Kingdom,Grayburgh,news
e8734,Male,22,18-24,Australia,Johnmouth,lifestyle
e93f9,Male,22,18-24,United Kingdom,Rangelstad,"art, food, sports"
ea1ef,Male,22,18-24,Australia,North Gregoryborough,fitness
ece76,Male,22,18-24,Australia,Danielborough,fashion
f15f9,Male,22,18-24,Canada,South Sean,health
f3560,Male,22,18-24,United Kingdom,Espinozaville,travel
f38d2,Male,22,18-24,Japan,Lake Brendanville,"health, news, travel"
f604f,Male,22,18-24,Canada,New Tommy,"photography, finance"
fe040,Male,22,18-24,Canada,Joeport,fitness
2.50E+02,Male,20,18-24,Mexico,Mcdonaldmouth,finance
3454,Male,20,18-24,Germany,West Jessetown,"gaming, art"
6.81E+03,Male,20,18-24,Canada,South Kimberlyburgh,"fashion, gaming"
7035,Male,20,18-24,Brazil,Frankland,"news, finance, fashion"
14887,Male,20,18-24,Brazil,Espinozaton,fitness
19290,Male,20,18-24,Canada,Brownshire,"fitness, sports"
25864,Male,20,18-24,United Kingdom,Ashleyshire,food
30977,Male,20,18-24,Australia,Lake Michelle,gaming
31192,Male,20,18-24,India,Guerraport,art
47030,Male,20,18-24,United Kingdom,Haynesbury,"lifestyle, fitness"
54618,Male,20,18-24,India,Callahanport,"finance, lifestyle, gaming"
55485,Male,20,18-24,United Kingdom,Scottchester,"news, gaming, lifestyle"
65046,Male,20,18-24,Germany,Rojasburgh,"art, health"
67757,Male,20,18-24,Brazil,Lake Isaiahland,"lifestyle, fashion"
79186,Male,20,18-24,France,Rodriguezland,"news, sports, fitness"
79276,Male,20,18-24,Mexico,Aaronport,"sports, lifestyle, gaming"
84231,Male,20,18-24,Germany,West Michaelborough,"travel, finance, gaming"
87677,Male,20,18-24,United Kingdom,Justinland,"sports, gaming, art"
96452,Male,20,18-24,India,Port Daniel,"health, news, travel"
98315,Male,20,18-24,Mexico,Olsonchester,"food, sports"
99144,Male,20,18-24,Mexico,Chenstad,"finance, news"
6.00E+06,Male,20,18-24,Japan,West Kaitlinville,"art, travel"
1.09E+10,Male,20,18-24,Australia,Heatherport,art
6.80E+47,Male,20,18-24,France,Johnsonberg,"travel, photography, health"
9.30E+51,Male,20,18-24,United Kingdom,Jennifertown,"fitness, fashion"
0e19c,Male,20,18-24,India,Port William,technology
0e97e,Male,20,18-24,Brazil,New John,"sports, food, lifestyle"
1108f,Male,20,18-24,Australia,Simontown,"technology, lifestyle"
1205a,Male,20,18-24,Australia,New Scott,"food, sports, news"
123b4,Male,20,18-24,Australia,Meganborough,"finance, travel, technology"
137dd,Male,20,18-24,Canada,Port Kaylaport,photography
1441b,Male,20,18-24,United Kingdom,Mariaport,food
14da9,Male,20,18-24,India,Mollymouth,"photography, news, gaming"
15f8c,Male,20,18-24,Australia,South Andrew,"gaming, travel"
18b04,Male,20,18-24,Canada,East Melissa,fitness
1cd98,Male,20,18-24,India,East Caitlinview,travel
1eefe,Male,20,18-24,Japan,East Shaneberg,"fashion, gaming, photography"
254b0,Male,20,18-24,United Kingdom,Youngchester,"travel, news"
28fa9,Male,20,18-24,Germany,New Samuelville,"finance, sports, food"
29d1d,Male,20,18-24,Japan,Nunezport,fitness
2c0a8,Male,20,18-24,Mexico,Lake Sherri,"travel, health, food"
2cca5,Male,20,18-24,Japan,Port Davidbury,"gaming, fitness"
2da81,Male,20,18-24,Canada,Jayfurt,"news, travel"
2e7e7,Male,20,18-24,Brazil,New Katherinebury,"lifestyle, art"
30ca9,Male,20,18-24,United Kingdom,West Heather,"sports, photography"
323b0,Male,20,18-24,France,Shawnborough,"photography, sports, health"
32ce9,Male,20,18-24,Australia,Douglasstad,"fashion, technology, food"
33ded,Male,20,18-24,Australia,Johnshire,"finance, news"
3456b,Male,20,18-24,France,Jacksonmouth,"food, health, news"
37be4,Male,20,18-24,France,Murphybury,"lifestyle, technology, health"
3bd49,Male,20,18-24,Canada,Port Darlene,gaming
3c782,Male,20,18-24,United Kingdom,Rodrigueztown,"photography, travel, sports"
3e8ce,Male,20,18-24,India,Port Kendrafurt,"gaming, art, photography"
417da,Male,20,18-24,France,New Joseph,art
458d5,Male,20,18-24,Australia,Port Sharonville,"food, photography"
4689d,Male,20,18-24,Canada,North Sarahfort,"gaming, technology"
4a180,Male,20,18-24,United Kingdom,Campbellton,"technology, fashion"
4a899,Male,20,18-24,Brazil,Johnmouth,news
4b0bd,Male,20,18-24,India,New Carol,"health, sports"
4c02a,Male,20,18-24,United Kingdom,East Kevin,"photography, health"
4e648,Male,20,18-24,United Kingdom,South Henryside,"lifestyle, technology, fashion"
4ff04,Male,20,18-24,India,Brandiland,fitness
558f2,Male,20,18-24,India,East Danielton,travel
5748f,Male,20,18-24,India,Marymouth,sports
587ab,Male,20,18-24,United Kingdom,Mcgeehaven,fashion
59d88,Male,20,18-24,Brazil,Barryview,"sports, gaming"
5a2f6,Male,20,18-24,Canada,East Maryville,"technology, fitness"
5ee03,Male,20,18-24,Germany,Holmesland,gaming
60b01,Male,20,18-24,France,Michaelstad,technology
619d3,Male,20,18-24,Brazil,Griffinfurt,"fitness, news"
6724c,Male,20,18-24,Brazil,Grossbury,"fashion, food"
6ab90,Male,20,18-24,Australia,Port Brian,"gaming, technology"
6cbe1,Male,20,18-24,Mexico,South Ryan,"food, art"
6d7b0,Male,20,18-24,United Kingdom,Dylanborough,"sports, art"
6f065,Male,20,18-24,United Kingdom,Joshualand,"lifestyle, food, finance"
72f9c,Male,20,18-24,United Kingdom,Smithbury,photography
73f49,Male,20,18-24,Canada,Lake Samantha,"technology, news, fitness"
7bfbb,Male,20,18-24,Canada,Balltown,finance
7df4f,Male,20,18-24,United Kingdom,South Christinafurt,sports
7f1e1,Male,20,18-24,United Kingdom,Danielview,"sports, travel, photography"
84ad1,Male,20,18-24,United Kingdom,New Jennifer,"technology, sports"
87b22,Male,20,18-24,France,Lake Cameron,"art, fitness"
89ac0,Male,20,18-24,Mexico,New Ashley,"fashion, lifestyle"
8ab2a,Male,20,18-24,Australia,Christopherberg,food
8abc3,Male,20,18-24,United Kingdom,Christinaborough,technology
8c0a6,Male,20,18-24,Mexico,South Mikeville,"food, travel"
8c386,Male,20,18-24,Brazil,New Amber,"finance, travel, food"
8d9eb,Male,20,18-24,Mexico,South Davidfurt,finance
8f973,Male,20,18-24,Canada,Chaseberg,"health, lifestyle"
9260d,Male,20,18-24,Canada,Meganville,"food, lifestyle, news"
965d7,Male,20,18-24,Australia,Amystad,food
96eea,Male,20,18-24,United Kingdom,Fullerfort,"sports, gaming"
98d2a,Male,20,18-24,Mexico,Josephbury,gaming
99b19,Male,20,18-24,Germany,Ramosmouth,"art, sports"
9a43c,Male,20,18-24,Japan,Heatherside,photography
9a803,Male,20,18-24,United Kingdom,Lucasview,"finance, art, sports"
9c1b9,Male,20,18-24,United Kingdom,West Dakota,sports
9cc6b,Male,20,18-24,Japan,South Kathyview,"photography, news"
9eaa3,Male,20,18-24,Japan,Joshuaborough,gaming
9eb5c,Male,20,18-24,Germany,West Cody,"sports, fashion"
a16d3,Male,20,18-24,Canada,East Christopher,lifestyle
a197f,Male,20,18-24,India,Port Jessehaven,"sports, gaming, news"
a4621,Male,20,18-24,India,Port Jamesmouth,photography
a4889,Male,20,18-24,Canada,Simston,food
aad2f,Male,20,18-24,India,Tanyastad,"technology, health, fitness"
ab9a8,Male,20,18-24,Mexico,Reginahaven,"sports, news"
ada9c,Male,20,18-24,United Kingdom,East Rogerburgh,"fashion, health, finance"
afd40,Male,20,18-24,Brazil,Tylerville,"gaming, news, art"
b0d46,Male,20,18-24,India,Martinezview,travel
b46a7,Male,20,18-24,Mexico,Wendyburgh,"technology, gaming, health"
b50b7,Male,20,18-24,Brazil,Kevinshire,sports
b606f,Male,20,18-24,India,Amyport,"lifestyle, health, travel"
b7fb8,Male,20,18-24,Australia,Kathleenmouth,"health, finance, sports"
b884f,Male,20,18-24,Australia,New Deborahton,"gaming, travel, health"
bc837,Male,20,18-24,Japan,Wesleyville,"health, sports"
bcceb,Male,20,18-24,Australia,East Nicoletown,"art, photography, sports"
bce83,Male,20,18-24,Germany,Woodshire,"photography, finance, lifestyle"
bd263,Male,20,18-24,Mexico,Morrisbury,food
bd74a,Male,20,18-24,United Kingdom,New Charles,"health, news"
be55a,Male,20,18-24,United Kingdom,Port Tabithaburgh,finance
bf277,Male,20,18-24,Germany,Barretthaven,art
bf4c4,Male,20,18-24,Canada,North Jessica,"finance, fitness, art"
bf63a,Male,20,18-24,Mexico,West Lindaview,"health, lifestyle"
c0cca,Male,20,18-24,Brazil,Port John,"fitness, health, finance"
c1416,Male,20,18-24,France,South Katherinetown,art
c18f2,Male,20,18-24,India,West Garyfurt,"health, news, finance"
c2a9b,Male,20,18-24,Mexico,Brendaland,"lifestyle, fitness"
c6fd2,Male,20,18-24,Australia,Williamston,"finance, art"
c8788,Male,20,18-24,Brazil,Port Keith,sports
c890a,Male,20,18-24,Canada,Mauriceview,"news, sports, lifestyle"
c9232,Male,20,18-24,United Kingdom,Kingborough,"news, art"
c9e9e,Male,20,18-24,Germany,Sanfordport,"lifestyle, technology"
ca843,Male,20,18-24,Canada,Waterston,"art, food, lifestyle"
cb02f,Male,20,18-24,Mexico,Piercefort,"food, art"
cbdf6,Male,20,18-24,United Kingdom,South Jamesfort,technology
d03d7,Male,20,18-24,Mexico,Martinhaven,"fitness, fashion, lifestyle"
d209e,Male,20,18-24,Canada,East Brett,"health, sports"
d2b8a,Male,20,18-24,Japan,Lake Scott,sports
d5a16,Male,20,18-24,United Kingdom,Christopherville,"technology, gaming, fitness"
d7268,Male,20,18-24,India,North Anne,"gaming, finance, food"
d74cf,Male,20,18-24,India,Ericchester,"art, gaming, lifestyle"
d7a12,Male,20,18-24,Mexico,Tylerton,"news, travel"
d7f90,Male,20,18-24,Canada,Garciamouth,"art, sports"
d8859,Male,20,18-24,Japan,New Rebecca,"art, lifestyle"
dd18f,Male,20,18-24,Germany,New Danielfort,"food, art, finance"
dd4f7,Male,20,18-24,United Kingdom,West Jennifer,"technology, fitness"
df06d,Male,20,18-24,Canada,North Michael,"photography, fitness, fashion"
e07d7,Male,20,18-24,Canada,Robbinsfurt,sports
e3bfa,Male,20,18-24,United Kingdom,West Jennifer,fitness
e5363,Male,20,18-24,Canada,North Kayla,"fitness, finance, sports"
e5427,Male,20,18-24,Canada,Andersonshire,"fitness, sports"
e6886,Male,20,18-24,Germany,East Andresbury,"finance, health"
e6eae,Male,20,18-24,Japan,Lake Michelle,art
e7917,Male,20,18-24,Brazil,Russellberg,"food, photography, news"
e8d06,Male,20,18-24,Mexico,Salinasmouth,"food, fashion"
eb235,Male,20,18-24,India,Jacobside,"travel, lifestyle"
ec295,Male,20,18-24,Brazil,South Kevin,"travel, photography, sports"
f0aaa,Male,20,18-24,France,Natalietown,food
f1fba,Male,20,18-24,India,North Elizabeth,finance
f2b99,Male,20,18-24,Japan,Hammondfurt,gaming
f3d62,Male,20,18-24,Germany,Mikeberg,lifestyle
f8b88,Male,20,18-24,United Kingdom,North Craig,"finance, travel"
f9846,Male,20,18-24,United Kingdom,Lake Jeffreytown,finance
fabbc,Male,20,18-24,Japan,Devontown,fitness
fb11d,Male,20,18-24,United Kingdom,Lewisland,"health, technology, photography"
fb1bc,Male,20,18-24,Canada,New Alexandria,"finance, art"
ffc34,Male,20,18-24,United Kingdom,Port Anthonychester,"art, sports"
4341,Male,23,18-24,Brazil,South Kaitlin,"fashion, technology, photography"
6090,Male,23,18-24,Germany,South Timothyfurt,"finance, fashion"
6883,Male,23,18-24,Canada,Davidmouth,"news, fashion, health"
7997,Male,23,18-24,Brazil,Jennifermouth,"fashion, art, health"
10464,Male,23,18-24,Brazil,East Alexis,"technology, sports, health"
21369,Male,23,18-24,Australia,Brewermouth,"photography, technology"
22802,Male,23,18-24,Brazil,New Zachary,fitness
24223,Male,23,18-24,United Kingdom,New Melissa,"sports, lifestyle, fashion"
25708,Male,23,18-24,Germany,Latashaport,"travel, fitness, technology"
30088,Male,23,18-24,Japan,West Sherry,"finance, technology"
30611,Male,23,18-24,France,West Raven,food
51184,Male,23,18-24,Brazil,Nataliebury,"news, lifestyle"
53294,Male,23,18-24,India,South Alexander,technology
63429,Male,23,18-24,France,South Robert,"photography, fashion, travel"
67016,Male,23,18-24,India,West Ryan,"fitness, travel, technology"
68007,Male,23,18-24,United Kingdom,Wiseport,fashion
70511,Male,23,18-24,Australia,Teresaburgh,"art, fitness"
71581,Male,23,18-24,United Kingdom,Jessicastad,sports
73012,Male,23,18-24,United Kingdom,New Gregoryberg,"art, news, photography"
75957,Male,23,18-24,United Kingdom,Stewartbury,photography
81161,Male,23,18-24,Germany,North Stephaniehaven,"news, health"
81543,Male,23,18-24,Canada,Jennyberg,news
84323,Male,23,18-24,Canada,Jasonberg,fashion
86383,Male,23,18-24,Japan,South Tanya,"health, finance, art"
92843,Male,23,18-24,India,Jenniferberg,photography
96885,Male,23,18-24,United Kingdom,Williamport,travel
1.90E+76,Male,23,18-24,Mexico,West Charles,"health, sports, fashion"
00ea7,Male,23,18-24,Canada,Gordonstad,technology
011b8,Male,23,18-24,Brazil,Sampsonton,"technology, finance, photography"
044f3,Male,23,18-24,France,East Andrewport,"sports, news"
07a50,Male,23,18-24,Canada,New Robert,sports
07e6e,Male,23,18-24,Australia,South Brianfurt,"travel, fitness"
087f2,Male,23,18-24,India,Cynthiashire,health
0b58d,Male,23,18-24,Australia,North Nicholasburgh,fitness
0e4b6,Male,23,18-24,United Kingdom,Juanberg,"finance, health, sports"
15ae8,Male,23,18-24,Germany,South Anthony,"health, technology, news"
16ba2,Male,23,18-24,Brazil,Kimberlyberg,"health, sports"
17d6d,Male,23,18-24,France,West Kaylabury,"art, travel, fitness"
18f27,Male,23,18-24,United Kingdom,Ellischester,health
1a7fb,Male,23,18-24,Canada,South Jacob,health
1b53a,Male,23,18-24,France,Lake Charles,"fashion, finance, food"
1f4a8,Male,23,18-24,Canada,North Sharon,"gaming, fashion, news"
204a1,Male,23,18-24,Canada,Lake Angelafurt,"fitness, finance"
2173c,Male,23,18-24,Brazil,Lake Bruce,"food, gaming"
25e0d,Male,23,18-24,United Kingdom,Hamiltonburgh,"finance, lifestyle, fashion"
26f3d,Male,23,18-24,Canada,North Timothymouth,"food, gaming"
293ce,Male,23,18-24,Japan,Schwartzberg,"travel, gaming"
296bc,Male,23,18-24,Mexico,Stephanieberg,health
2a692,Male,23,18-24,Brazil,Wesleyland,"technology, finance, fashion"
2c4fb,Male,23,18-24,Canada,Port Francesberg,lifestyle
2cd7a,Male,23,18-24,Japan,Colemanborough,news
2eaa9,Male,23,18-24,India,East Tonyberg,"sports, lifestyle, technology"
2ecac,Male,23,18-24,France,Lake Kyleton,"finance, gaming, news"
3439b,Male,23,18-24,Germany,South Melissa,"technology, fashion"
3538e,Male,23,18-24,United Kingdom,Sandraside,health
381fe,Male,23,18-24,Canada,New Douglas,"finance, food, sports"
401b2,Male,23,18-24,Germany,North Craig,art
40b9d,Male,23,18-24,Mexico,North Michael,"food, sports, finance"
44a3b,Male,23,18-24,Mexico,West Jillberg,"photography, food"
478d5,Male,23,18-24,United Kingdom,Simpsonton,"photography, gaming, food"
4c276,Male,23,18-24,Australia,Mossland,sports
4cb63,Male,23,18-24,France,East Jilltown,lifestyle
4d9a0,Male,23,18-24,France,West Christinaside,"food, fitness, travel"
4ded4,Male,23,18-24,Canada,Jeremyborough,"food, art, sports"
4e655,Male,23,18-24,Australia,Belindaville,"health, fitness, technology"
4fd3a,Male,23,18-24,Canada,Brianburgh,"fashion, lifestyle"
500ac,Male,23,18-24,Australia,South Laurenview,"news, technology"
50f1c,Male,23,18-24,Australia,Mollyberg,"sports, finance"
534f0,Male,23,18-24,Mexico,Andrewchester,gaming
53b4b,Male,23,18-24,Canada,West Alexandra,gaming
5430a,Male,23,18-24,Mexico,Normanland,"travel, finance, sports"
553b1,Male,23,18-24,Brazil,New Victoriabury,"lifestyle, health, finance"
5a479,Male,23,18-24,Germany,West Jacobburgh,"health, photography"
5a909,Male,23,18-24,United Kingdom,Martinview,technology
5aec0,Male,23,18-24,Canada,Lisamouth,food
5affb,Male,23,18-24,India,East Timothy,fashion
5ccd2,Male,23,18-24,India,North Roger,travel
5e325,Male,23,18-24,Mexico,Chadtown,"art, fitness, gaming"
5f6e9,Male,23,18-24,United Kingdom,Shieldshaven,"technology, art, gaming"
63fed,Male,23,18-24,United Kingdom,Gutierrezhaven,"news, technology, gaming"
678ba,Male,23,18-24,Mexico,Dunlapville,travel
6caa8,Male,23,18-24,India,Michelleberg,"travel, fashion"
6d68c,Male,23,18-24,United Kingdom,Lake Sean,fashion
6ec6f,Male,23,18-24,Germany,Alisonberg,"gaming, fitness"
6fb03,Male,23,18-24,India,Rubenburgh,"gaming, travel"
7047c,Male,23,18-24,Japan,Port Davidmouth,travel
70c7e,Male,23,18-24,Australia,Port Taramouth,"art, technology"
70dab,Male,23,18-24,Japan,Kellyshire,"lifestyle, news, fitness"
7169f,Male,23,18-24,India,Port Timothyton,"sports, food"
74b55,Male,23,18-24,Mexico,Berryburgh,"finance, sports"
79df6,Male,23,18-24,Mexico,North Robertbury,"gaming, health"
7a3b4,Male,23,18-24,Canada,North Kimberlyville,travel
7b0a5,Male,23,18-24,Mexico,Michelleshire,fashion
7c198,Male,23,18-24,Mexico,Raymondville,photography
7dd39,Male,23,18-24,United Kingdom,New Ryanburgh,"technology, food"
7e356,Male,23,18-24,France,North Brian,"technology, lifestyle, fitness"
7f269,Male,23,18-24,Mexico,New Aliciaton,"news, sports"
7fcf7,Male,23,18-24,United Kingdom,Port Stephaniechester,"fashion, finance, gaming"
847d2,Male,23,18-24,Canada,Juliatown,fitness
872b9,Male,23,18-24,France,Powellfort,"gaming, travel"
882de,Male,23,18-24,Canada,Lake Monica,food
8c30c,Male,23,18-24,India,South Gregory,"sports, lifestyle, gaming"
8d5d8,Male,23,18-24,Canada,West Robin,"food, finance"
8d9e0,Male,23,18-24,United Kingdom,Waltersbury,fashion
90d6c,Male,23,18-24,Canada,Lake Sarah,photography
90f1e,Male,23,18-24,Mexico,Nashhaven,food
931d2,Male,23,18-24,India,Michaelhaven,"health, food, sports"
950b0,Male,23,18-24,Mexico,East Shannon,"health, food, art"
9af42,Male,23,18-24,France,West Gabriela,technology
9cccf,Male,23,18-24,Germany,South Haleyland,sports
9feef,Male,23,18-24,Germany,Patrickmouth,"fitness, photography, news"
a08c9,Male,23,18-24,Germany,North Tarachester,"travel, fitness, finance"
a091a,Male,23,18-24,United Kingdom,Andrefurt,fitness
a398b,Male,23,18-24,Australia,Greenshire,sports
a3b8b,Male,23,18-24,Australia,East Chad,"art, sports"
a4c54,Male,23,18-24,Canada,Garciabury,"fashion, lifestyle"
a7b34,Male,23,18-24,United Kingdom,Harperview,"news, art"
a85e4,Male,23,18-24,Japan,East Matthew,fashion
ac677,Male,23,18-24,Mexico,Port Sandra,"fashion, news"
ad154,Male,23,18-24,Canada,West Hannahfurt,"finance, travel, lifestyle"
ae83c,Male,23,18-24,United Kingdom,Port Douglashaven,"finance, lifestyle, fashion"
aed35,Male,23,18-24,Brazil,Shawshire,"food, fitness, art"
b0de1,Male,23,18-24,United Kingdom,Shannonchester,"food, gaming"
b1062,Male,23,18-24,Germany,Clarkchester,gaming
b5947,Male,23,18-24,United Kingdom,Jonesview,lifestyle
b6269,Male,23,18-24,Brazil,New Duane,food
b8fb5,Male,23,18-24,Brazil,East Heatherburgh,"food, sports, technology"
baf4b,Male,23,18-24,India,Stewartport,"news, health, photography"
bc289,Male,23,18-24,Australia,New Keithland,"news, food"
bc97a,Male,23,18-24,United Kingdom,Richardville,"gaming, sports"
bd205,Male,23,18-24,France,Vincentfurt,gaming
bd6bb,Male,23,18-24,United Kingdom,North Dylan,lifestyle
beae2,Male,23,18-24,India,Estradaport,"sports, food"
c082e,Male,23,18-24,Brazil,New Michael,"photography, sports, travel"
c0bf2,Male,23,18-24,Canada,Fostermouth,technology
c0f03,Male,23,18-24,Mexico,East Rodney,"art, news, fashion"
c21a3,Male,23,18-24,Germany,New Tammy,photography
c756a,Male,23,18-24,India,South Courtney,food
c7825,Male,23,18-24,Brazil,Port Dianabury,art
c8901,Male,23,18-24,Canada,Maryport,gaming
c9ff5,Male,23,18-24,United Kingdom,West Belindaborough,"health, finance, gaming"
cac49,Male,23,18-24,Japan,New Chloe,"health, sports"
cc657,Male,23,18-24,Japan,Ashleyfort,"food, photography, fitness"
d102f,Male,23,18-24,United Kingdom,Elizabethshire,health
d27b5,Male,23,18-24,Japan,North Kristenside,"food, art, photography"
d313d,Male,23,18-24,Australia,East Ruthview,photography
d32a4,Male,23,18-24,India,New Johnnyberg,"news, food"
d4590,Male,23,18-24,India,New Thomasville,"technology, news"
d59ff,Male,23,18-24,Canada,Jacksontown,"sports, health"
d60ba,Male,23,18-24,United Kingdom,West Caleb,"health, food, lifestyle"
d69bb,Male,23,18-24,India,Donnaburgh,"lifestyle, news"
d7835,Male,23,18-24,Brazil,East Robert,food
d8a18,Male,23,18-24,Japan,Flowersfurt,news
d8a80,Male,23,18-24,Brazil,Josephport,gaming
d9ec5,Male,23,18-24,France,Hawkinsborough,"health, technology"
db651,Male,23,18-24,Australia,Hernandezbury,"food, news, gaming"
def0c,Male,23,18-24,India,Kirkfort,"news, lifestyle, travel"
df32b,Male,23,18-24,Japan,Lake Emilymouth,"food, fashion"
e0fac,Male,23,18-24,United Kingdom,West Dennis,"sports, gaming, finance"
e3dab,Male,23,18-24,Japan,Garciaborough,"gaming, sports"
e3f86,Male,23,18-24,France,Lake Amyside,technology
e4d9d,Male,23,18-24,Canada,Dawnview,technology
e4e62,Male,23,18-24,Mexico,Port Laurenton,"photography, art, news"
e791b,Male,23,18-24,Germany,North Christophertown,"technology, gaming, health"
e7f8d,Male,23,18-24,Australia,Aaronberg,"technology, fashion"
e815f,Male,23,18-24,United Kingdom,East David,"sports, travel, lifestyle"
ec714,Male,23,18-24,United Kingdom,New Patricia,technology
ed304,Male,23,18-24,Mexico,Wilsonside,"art, technology"
ee864,Male,23,18-24,Canada,West Dana,"fashion, food, health"
f197e,Male,23,18-24,Canada,Williamshire,art
f2db6,Male,23,18-24,Germany,Sloanville,"finance, fashion"
f2f63,Male,23,18-24,Brazil,Meganborough,"lifestyle, finance, photography"
f79bd,Male,23,18-24,Canada,Oneillberg,finance
f8fbe,Male,23,18-24,Canada,South Joan,fashion
fb92c,Male,23,18-24,United Kingdom,Tammytown,photography
fbb28,Male,23,18-24,India,Jefferyborough,"lifestyle, art, sports"
fc037,Male,23,18-24,Australia,New Randy,"news, technology, health"
fc736,Male,23,18-24,Brazil,Port April,gaming
fd382,Male,23,18-24,Australia,Lake Deborah,"photography, fashion, art"
ffcff,Male,23,18-24,Germany,Cranemouth,"sports, fashion, travel"
2132,Male,21,18-24,Australia,New Mirandaside,"gaming, photography"
5379,Male,21,18-24,Canada,Wilsonton,"fashion, sports"
10647,Male,21,18-24,Canada,Lake Michael,technology
23451,Male,21,18-24,France,Brandtstad,"food, health"
28240,Male,21,18-24,United Kingdom,East Jonathanton,art
33344,Male,21,18-24,France,Lake Josephborough,"art, gaming"
35011,Male,21,18-24,Canada,North Janet,"health, technology"
36901,Male,21,18-24,Mexico,North Nicholas,"news, fashion"
40382,Male,21,18-24,United Kingdom,North Christian,"photography, food"
52217,Male,21,18-24,Japan,North Courtney,"sports, technology, travel"
55051,Male,21,18-24,Japan,Wallston,"health, technology"
64457,Male,21,18-24,United Kingdom,South Paul,travel
69463,Male,21,18-24,Japan,South Erinfort,"health, news"
72193,Male,21,18-24,Germany,Taylorville,lifestyle
76134,Male,21,18-24,Germany,West Angelafort,"photography, fashion, technology"
78261,Male,21,18-24,Canada,Daltonport,"fitness, photography, art"
83771,Male,21,18-24,United Kingdom,Arielstad,"news, technology, photography"
84292,Male,21,18-24,United Kingdom,Andrewton,"food, gaming, fitness"
86139,Male,21,18-24,India,Joshuabury,"finance, photography"
87757,Male,21,18-24,United Kingdom,Alvarezville,lifestyle
87759,Male,21,18-24,Japan,Port Samueltown,"food, fashion"
92120,Male,21,18-24,United Kingdom,North Meganside,sports
97551,Male,21,18-24,United Kingdom,East Timothymouth,"health, food"
98269,Male,21,18-24,India,Hayesberg,"sports, news"
9.70E+05,Male,21,18-24,Australia,Maryshire,"fashion, fitness"
1.41E+07,Male,21,18-24,Germany,Danielsfort,"food, fitness, lifestyle"
1.36E+11,Male,21,18-24,Canada,New Stacy,fashion
2.60E+89,Male,21,18-24,Mexico,South Wendyport,"fitness, art"
026fc,Male,21,18-24,United Kingdom,Lake Christopherfurt,"photography, food, health"
02cf5,Male,21,18-24,Australia,Zunigahaven,"technology, lifestyle, art"
03cf6,Male,21,18-24,Brazil,Port Michaelmouth,"finance, sports"
03e8e,Male,21,18-24,United Kingdom,Cruzbury,health
059ee,Male,21,18-24,United Kingdom,North Whitney,photography
09d62,Male,21,18-24,Canada,Matthewstad,lifestyle
0a899,Male,21,18-24,France,North Timothy,"sports, lifestyle, fitness"
0ae44,Male,21,18-24,Mexico,Cynthiaburgh,"travel, news"
0bb70,Male,21,18-24,France,West Brenda,"photography, fitness, gaming"
0bd7d,Male,21,18-24,Canada,South Amberfurt,"gaming, photography, food"
0cfd9,Male,21,18-24,Germany,Moorebury,"food, sports, fitness"
0eff3,Male,21,18-24,Australia,New Stephen,"art, fashion, sports"
0f55d,Male,21,18-24,Australia,Allisonberg,lifestyle
1031f,Male,21,18-24,Brazil,Stephenschester,fashion
1323b,Male,21,18-24,Canada,New Jacqueline,food
13f73,Male,21,18-24,India,Medinaport,"fashion, health, lifestyle"
16f04,Male,21,18-24,India,Mcdanielland,"art, photography, gaming"
17a3f,Male,21,18-24,Japan,Brianport,sports
189fd,Male,21,18-24,Canada,Carolynhaven,"photography, sports, travel"
1adca,Male,21,18-24,India,West Jessicaburgh,"lifestyle, travel"
1d519,Male,21,18-24,United Kingdom,North Kevinborough,"technology, finance, health"
1e498,Male,21,18-24,India,South Michaelton,"news, lifestyle, travel"
1f81a,Male,21,18-24,Mexico,North Jamestown,technology
208a0,Male,21,18-24,Canada,Christinaburgh,"travel, photography, lifestyle"
20d8b,Male,21,18-24,United Kingdom,Juanbury,"sports, health"
2192c,Male,21,18-24,India,South Derek,health
2257e,Male,21,18-24,Mexico,Richardsfurt,"finance, travel, health"
2380f,Male,21,18-24,France,East Joyceport,travel
250be,Male,21,18-24,Germany,Lake Markhaven,photography
25d65,Male,21,18-24,Canada,West Thomasport,"fashion, sports, finance"
2b363,Male,21,18-24,Mexico,New Rachelhaven,"food, art, fashion"
3042c,Male,21,18-24,Germany,South Julie,news
3390a,Male,21,18-24,Japan,Williamfurt,news
363d1,Male,21,18-24,United Kingdom,Deniseside,news
36b63,Male,21,18-24,Canada,Thomasberg,"health, news"
372a2,Male,21,18-24,India,Lake Denisebury,fitness
3bebd,Male,21,18-24,Australia,Lauraport,"technology, travel"
3c36d,Male,21,18-24,Japan,Port Robinborough,"fashion, travel, health"
3d18c,Male,21,18-24,Brazil,Ortizmouth,"travel, technology, sports"
40a2a,Male,21,18-24,Canada,Murphyfort,health
41b76,Male,21,18-24,Australia,Alexanderhaven,fashion
43c0c,Male,21,18-24,United Kingdom,West Tonyatown,"art, technology"
450d4,Male,21,18-24,Germany,Port Kelly,"gaming, fashion"
47fd3,Male,21,18-24,Brazil,South Michael,"gaming, photography"
4804b,Male,21,18-24,Canada,West Michaelberg,"food, lifestyle, news"
4ac5e,Male,21,18-24,Mexico,South Lawrence,gaming
4ac89,Male,21,18-24,United Kingdom,Nicholasfurt,"travel, technology"
4b68d,Male,21,18-24,Canada,West Lisaville,"food, news, fitness"
4ca83,Male,21,18-24,United Kingdom,North Veronica,photography
4cb4d,Male,21,18-24,Australia,East Nathanville,"lifestyle, fitness"
4d4cf,Male,21,18-24,India,Scotttown,"fashion, lifestyle"
4e5b1,Male,21,18-24,India,East Nathanborough,"finance, photography, fitness"
4f345,Male,21,18-24,Japan,Devinstad,"food, travel, health"
50d58,Male,21,18-24,Brazil,Robertsontown,"food, fitness, photography"
52c40,Male,21,18-24,United Kingdom,Monicaland,"photography, lifestyle"
53c7f,Male,21,18-24,Mexico,Arroyomouth,"sports, lifestyle, art"
566b4,Male,21,18-24,India,Andreabury,travel
584a5,Male,21,18-24,Australia,Johnsonside,"news, finance"
5a583,Male,21,18-24,Canada,South Carlahaven,"sports, news, food"
5b041,Male,21,18-24,Canada,Petersmouth,"health, photography, lifestyle"
5d76a,Male,21,18-24,Canada,West Julie,"technology, food"
5f284,Male,21,18-24,India,Lewisland,"art, lifestyle, fitness"
600aa,Male,21,18-24,United Kingdom,Gregstad,art
6083e,Male,21,18-24,Japan,Lauratown,news
65a20,Male,21,18-24,India,New Jared,technology
65ecb,Male,21,18-24,United Kingdom,Jessicaport,technology
6b2ab,Male,21,18-24,India,Lake Donna,travel
6c646,Male,21,18-24,Germany,Lake Lynn,gaming
6ce1f,Male,21,18-24,India,Kathrynfort,travel
6d53d,Male,21,18-24,Germany,West Curtisville,"lifestyle, photography"
6d9f7,Male,21,18-24,India,Donaldshire,art
6f94c,Male,21,18-24,Canada,Delacruzchester,travel
7036e,Male,21,18-24,Japan,North Melissaton,"art, fashion, finance"
78b90,Male,21,18-24,Canada,Lindachester,"news, health, fitness"
78fe2,Male,21,18-24,Mexico,Port Jonathanton,technology
799d0,Male,21,18-24,Canada,Caldwellville,"lifestyle, news"
7b84e,Male,21,18-24,Canada,Simmonsview,"lifestyle, food, art"
7b9cd,Male,21,18-24,United Kingdom,South Kyle,"photography, food"
7bcb6,Male,21,18-24,United Kingdom,North Michael,"travel, photography"
7cb9a,Male,21,18-24,Brazil,Aguilarton,"food, technology, fitness"
7e3b2,Male,21,18-24,Canada,Brennanstad,"lifestyle, art, food"
810d6,Male,21,18-24,France,East Ronald,"gaming, fitness"
824ae,Male,21,18-24,Canada,Robertberg,"lifestyle, photography, art"
831b1,Male,21,18-24,Canada,East Michellebury,"fitness, fashion"
898fd,Male,21,18-24,Canada,Martinezborough,"fashion, travel"
8ccdf,Male,21,18-24,Germany,Ewingmouth,"lifestyle, food, gaming"
8ff0a,Male,21,18-24,United Kingdom,Ellenland,gaming
9111f,Male,21,18-24,Japan,Port Williefurt,finance
933de,Male,21,18-24,Mexico,Carolynburgh,"lifestyle, fitness, finance"
952db,Male,21,18-24,United Kingdom,Lake Michaelshire,photography
99e3a,Male,21,18-24,India,Port Rickfort,finance
9a91a,Male,21,18-24,Canada,Carolhaven,health
9be78,Male,21,18-24,United Kingdom,Port Alanborough,"photography, gaming, sports"
9d1d7,Male,21,18-24,Japan,Stevensbury,"travel, food"
9d4cb,Male,21,18-24,Canada,West Ashleyville,photography
9f589,Male,21,18-24,India,Mcclainhaven,"technology, lifestyle, fashion"
a112e,Male,21,18-24,Brazil,West Katherine,lifestyle
a1654,Male,21,18-24,Japan,New Cory,"sports, finance, lifestyle"
a349a,Male,21,18-24,United Kingdom,New Justin,"fashion, lifestyle"
a5294,Male,21,18-24,Germany,North Aaron,"photography, technology, food"
a5647,Male,21,18-24,Canada,Parkerchester,photography
a8ded,Male,21,18-24,Canada,Lake Lindachester,"technology, gaming, art"
ad689,Male,21,18-24,United Kingdom,Williamstown,"photography, fashion, food"
ae0fc,Male,21,18-24,India,Kevinland,fitness
b0b46,Male,21,18-24,Japan,Lindahaven,lifestyle
b299c,Male,21,18-24,United Kingdom,North Rogerhaven,"fitness, sports"
b5145,Male,21,18-24,Canada,New Kennethmouth,fitness
b5fa9,Male,21,18-24,Japan,Myersberg,"photography, news, food"
b6941,Male,21,18-24,France,Kellyhaven,"photography, fitness, fashion"
b6c8a,Male,21,18-24,Germany,West Tyler,news
b7c20,Male,21,18-24,United Kingdom,South Bryanville,travel
be340,Male,21,18-24,United Kingdom,Howellton,"health, finance"
bed2d,Male,21,18-24,Japan,Lake Jeffery,technology
c0d02,Male,21,18-24,Germany,Madisonshire,fitness
c4446,Male,21,18-24,France,North Andrea,lifestyle
c557f,Male,21,18-24,Germany,New Steven,"food, finance"
c7efd,Male,21,18-24,Brazil,South Nancy,lifestyle
c8fcc,Male,21,18-24,Germany,Ellisonland,"fitness, food, gaming"
ca72b,Male,21,18-24,United Kingdom,Port Cynthiabury,"finance, technology"
cca1f,Male,21,18-24,United Kingdom,Michaelfurt,"art, fitness"
ccbe3,Male,21,18-24,Japan,Williamton,"art, photography"
ccf79,Male,21,18-24,Mexico,Lake Diana,"health, food, technology"
cd324,Male,21,18-24,United Kingdom,Perezfort,"fitness, gaming"
cee66,Male,21,18-24,Australia,Williamsside,"food, health, news"
d03dd,Male,21,18-24,United Kingdom,North Stephanieton,"gaming, photography"
d0752,Male,21,18-24,France,Jamiefort,"technology, travel"
d5fc5,Male,21,18-24,India,Cardenasville,"lifestyle, news"
d64dc,Male,21,18-24,India,Lake Chelsea,"fashion, fitness"
d8fce,Male,21,18-24,Brazil,Chavezfort,"fitness, lifestyle"
d9d7c,Male,21,18-24,United Kingdom,Port Veronicaville,"travel, art, fashion"
db719,Male,21,18-24,Canada,North Yolanda,"fashion, photography"
dbde9,Male,21,18-24,Australia,Foxfort,finance
dc806,Male,21,18-24,United Kingdom,Port Dawn,"fitness, gaming"
deb55,Male,21,18-24,Canada,Port Tarahaven,gaming
ded40,Male,21,18-24,India,Woodsshire,"art, gaming, news"
e02e6,Male,21,18-24,United Kingdom,North Lucas,"fitness, finance"
e201d,Male,21,18-24,India,North David,"lifestyle, sports, gaming"
e39dd,Male,21,18-24,Canada,New Joanborough,finance
e538e,Male,21,18-24,Canada,South Donna,"fitness, finance, lifestyle"
e6f60,Male,21,18-24,Canada,East Sara,"fashion, health, sports"
e74df,Male,21,18-24,Japan,Port Alexis,"finance, art"
ec345,Male,21,18-24,Mexico,Lake Daniel,"finance, lifestyle, sports"
ef1c1,Male,21,18-24,United Kingdom,South Jeffreychester,lifestyle
ef60f,Male,21,18-24,United Kingdom,Edwardfurt,"sports, finance"
efbda,Male,21,18-24,Canada,Port Sydneyborough,"sports, lifestyle"
f0a9d,Male,21,18-24,Germany,Perkinston,travel
f3c61,Male,21,18-24,United Kingdom,West Brandiland,"art, sports, technology"
f3c85,Male,21,18-24,United Kingdom,Port Larry,"photography, news"
f5a7e,Male,21,18-24,France,Jessicafort,"fashion, technology, finance"
f629b,Male,21,18-24,India,South Marvin,"food, art, fashion"
f6b65,Male,21,18-24,United Kingdom,Wheelertown,finance
f8ceb,Male,21,18-24,Canada,West Karenborough,"news, art"
fb169,Male,21,18-24,Mexico,Ernestland,health
fd05e,Male,21,18-24,United Kingdom,Patriciaville,travel
fe2dd,Male,21,18-24,Brazil,West Jillbury,"photography, travel"
fe5f4,Male,21,18-24,United Kingdom,Ericamouth,"food, finance, sports"
ff08d,Male,21,18-24,Canada,East Tiffany,"food, travel"
2460,Male,24,18-24,Brazil,Monicaville,"photography, fitness"
3579,Male,24,18-24,United Kingdom,New Sarah,"sports, finance, health"
8076,Male,24,18-24,Canada,Mallorystad,"news, gaming, travel"
16352,Male,24,18-24,United Kingdom,North Amber,news
18228,Male,24,18-24,France,Port Kevin,"fitness, lifestyle, gaming"
18427,Male,24,18-24,Canada,Amyfurt,finance
20310,Male,24,18-24,India,Caldwellstad,finance
22542,Male,24,18-24,United Kingdom,South Erika,fashion
23384,Male,24,18-24,Germany,Aprilbury,"health, lifestyle, finance"
27043,Male,24,18-24,United Kingdom,Port Jacobberg,sports
34872,Male,24,18-24,Australia,East Sarah,"food, photography"
40992,Male,24,18-24,France,East Holly,technology
45305,Male,24,18-24,Brazil,South Brian,"gaming, health, art"
50033,Male,24,18-24,Canada,North Daniel,"finance, news"
55199,Male,24,18-24,Australia,New Melissa,"travel, finance"
56172,Male,24,18-24,Japan,East Sonya,news
58634,Male,24,18-24,United Kingdom,Jasminechester,"sports, fashion, food"
58782,Male,24,18-24,Australia,Sethland,"technology, finance, lifestyle"
64589,Male,24,18-24,Mexico,Foxborough,sports
71534,Male,24,18-24,Mexico,Nguyenview,"sports, fashion, lifestyle"
75236,Male,24,18-24,Canada,Port Jeremy,"fitness, photography, gaming"
76306,Male,24,18-24,United Kingdom,New Jill,"fashion, sports"
76675,Male,24,18-24,India,New Alexanderview,news
82071,Male,24,18-24,Mexico,North Elizabeth,news
87678,Male,24,18-24,United Kingdom,Myersville,"food, lifestyle, sports"
92196,Male,24,18-24,Germany,Jordanland,"news, food"
98708,Male,24,18-24,Germany,North Jennifer,finance
3.20E+06,Male,24,18-24,United Kingdom,New Biancashire,"fitness, travel, photography"
3.73E+06,Male,24,18-24,United Kingdom,South Tracyville,gaming
5.07E+06,Male,24,18-24,Japan,Lake Anthony,"technology, finance"
6.50E+32,Male,24,18-24,Canada,Jenniferhaven,"travel, art, food"
8.70E+58,Male,24,18-24,India,West Michellemouth,health
2.00E+61,Male,24,18-24,India,East Douglas,"travel, health, technology"
9.50E+91,Male,24,18-24,India,Carpenterburgh,art
009c3,Male,24,18-24,Germany,Jonestown,art
04ab8,Male,24,18-24,Germany,New Jeremy,"gaming, food"
0584d,Male,24,18-24,India,East Jasminefurt,"travel, photography"
074f3,Male,24,18-24,France,South Cynthia,news
0b3a1,Male,24,18-24,Japan,Arnoldton,photography
0b3eb,Male,24,18-24,Canada,Gonzalezport,art
0b98e,Male,24,18-24,Australia,South Rachelchester,"lifestyle, art"
0ec90,Male,24,18-24,Canada,North Samuel,"technology, finance, gaming"
0f8d9,Male,24,18-24,Australia,North Heather,"finance, lifestyle, sports"
0fe62,Male,24,18-24,Germany,North Brandonside,"fitness, finance"
102c5,Male,24,18-24,France,Lake Jessica,"fitness, finance"
10f49,Male,24,18-24,India,Dorothybury,"fitness, finance, lifestyle"
121f3,Male,24,18-24,United Kingdom,Snowmouth,"gaming, news, travel"
1228e,Male,24,18-24,India,Christinaland,"health, food"
13b65,Male,24,18-24,Canada,Caseyborough,sports
18a12,Male,24,18-24,Japan,East Marvin,"travel, finance"
1ebf9,Male,24,18-24,India,East Jamiehaven,"sports, fashion, technology"
2355f,Male,24,18-24,Japan,East Bryan,"news, gaming"
264d0,Male,24,18-24,Germany,Harveyborough,"health, fashion"
27a90,Male,24,18-24,India,North Richardchester,"technology, food"
2bb86,Male,24,18-24,India,West Julieville,"food, health, fitness"
2d081,Male,24,18-24,United Kingdom,New Benjaminshire,gaming
2ef3e,Male,24,18-24,India,Bartontown,"finance, fashion"
2f1d2,Male,24,18-24,Canada,West Kelly,health
304cd,Male,24,18-24,Germany,Anthonyfurt,"fitness, health, sports"
3214f,Male,24,18-24,Brazil,East Kevinchester,technology
3869a,Male,24,18-24,Canada,New Michael,"art, fashion"
386ae,Male,24,18-24,United Kingdom,Tracystad,food
38d07,Male,24,18-24,United Kingdom,Lake Rebeccachester,health
390f0,Male,24,18-24,Germany,Kathyburgh,photography
3a093,Male,24,18-24,Germany,Port Gloria,"finance, fashion, gaming"
3a4de,Male,24,18-24,Canada,Danielshire,gaming
3add1,Male,24,18-24,Brazil,Pittmanburgh,"fitness, photography, finance"
3b062,Male,24,18-24,Canada,East Abigailport,"sports, travel, news"
3b0d4,Male,24,18-24,Brazil,South Frederickchester,"travel, news"
3be2f,Male,24,18-24,Canada,Stevenhaven,"sports, lifestyle, finance"
3c51c,Male,24,18-24,Japan,Allisonport,health
40a82,Male,24,18-24,United Kingdom,Port Geoffreymouth,"art, health"
42c47,Male,24,18-24,Australia,Leport,"health, finance, gaming"
43cc0,Male,24,18-24,United Kingdom,South Veronica,"news, lifestyle, art"
477c6,Male,24,18-24,United Kingdom,Port James,"fashion, art, travel"
47b0a,Male,24,18-24,United Kingdom,Michelleport,"fashion, gaming, news"
4a172,Male,24,18-24,United Kingdom,Trevorstad,"art, news, lifestyle"
4c91c,Male,24,18-24,United Kingdom,Port Madison,"travel, fitness"
4d336,Male,24,18-24,India,New Rebeccastad,"lifestyle, news"
4e8dc,Male,24,18-24,Mexico,West Douglas,"lifestyle, gaming"
4f3b8,Male,24,18-24,India,Port Leah,"news, fashion, travel"
5399e,Male,24,18-24,India,Hurstborough,fitness
5483f,Male,24,18-24,United Kingdom,Acostaland,"sports, technology, lifestyle"
556c1,Male,24,18-24,Canada,East Elizabethbury,"finance, technology, art"
56d63,Male,24,18-24,India,Jonesview,"health, travel, fitness"
56dc5,Male,24,18-24,Mexico,Lake Jonathan,"gaming, photography, finance"
59b9a,Male,24,18-24,Australia,West Robert,"travel, fitness"
5b364,Male,24,18-24,Canada,Carlsonstad,"fashion, sports, health"
5d0c8,Male,24,18-24,India,Lake Henryberg,"art, sports, news"
5e65d,Male,24,18-24,Mexico,North Michelle,"technology, finance"
5e909,Male,24,18-24,Australia,North Ryanmouth,"fitness, finance"
60c6c,Male,24,18-24,Germany,South Brian,"health, sports, art"
6127a,Male,24,18-24,Germany,Adrianborough,"food, lifestyle"
613aa,Male,24,18-24,Canada,Youngtown,"gaming, health, photography"
62bf8,Male,24,18-24,United Kingdom,North Rebecca,"photography, gaming"
6558e,Male,24,18-24,Germany,Norrisview,"fitness, fashion, food"
6706b,Male,24,18-24,United Kingdom,Arnoldborough,"gaming, art, fitness"
689c1,Male,24,18-24,Australia,Coleside,travel
68b82,Male,24,18-24,Mexico,Brownland,finance
69ad8,Male,24,18-24,United Kingdom,East Anthonyport,"technology, fashion"
6bd6f,Male,24,18-24,Canada,Moorefort,"sports, news, food"
6e0bc,Male,24,18-24,India,Romeroside,"art, travel"
6f3cc,Male,24,18-24,Germany,Port William,photography
70b65,Male,24,18-24,United Kingdom,Hooverbury,"fitness, lifestyle, technology"
72ae5,Male,24,18-24,France,Port Paul,"technology, sports, art"
74bf0,Male,24,18-24,Japan,West Karen,"technology, finance, sports"
77e5a,Male,24,18-24,United Kingdom,Wallaceland,travel
780aa,Male,24,18-24,United Kingdom,Masonborough,news
788c1,Male,24,18-24,United Kingdom,Markchester,"technology, photography, fashion"
78eb0,Male,24,18-24,France,West Charles,"gaming, travel, fashion"
78f59,Male,24,18-24,Brazil,Sarahshire,sports
7a630,Male,24,18-24,Japan,South Michelle,health
7a955,Male,24,18-24,Japan,Paulaton,"sports, lifestyle, news"
7b712,Male,24,18-24,Brazil,Kristinton,"sports, news, fitness"
7d895,Male,24,18-24,France,Port Tyler,fashion
83a2b,Male,24,18-24,United Kingdom,Port Davidville,fitness
840f2,Male,24,18-24,Japan,Lake Jean,"lifestyle, fashion, health"
8700c,Male,24,18-24,United Kingdom,West Laurenberg,fashion
8917d,Male,24,18-24,Mexico,Christinamouth,photography
8a1b9,Male,24,18-24,Mexico,North Tracy,"fashion, finance"
8d47b,Male,24,18-24,Canada,East Jerry,"travel, photography"
8ddec,Male,24,18-24,India,South Jamesburgh,"sports, gaming"
8e8d7,Male,24,18-24,Australia,Port Christopherland,"travel, fashion"
8fe83,Male,24,18-24,Canada,Thomasbury,finance
948fd,Male,24,18-24,India,Theresafort,health
94a98,Male,24,18-24,United Kingdom,Griffinshire,fashion
94afa,Male,24,18-24,United Kingdom,Glennview,"finance, technology, health"
9566a,Male,24,18-24,Canada,Courtneyview,"technology, gaming, news"
96f37,Male,24,18-24,India,North Gordon,"gaming, technology, travel"
972a4,Male,24,18-24,India,New Krista,"finance, news, photography"
98d30,Male,24,18-24,United Kingdom,New Caseybury,"technology, travel, gaming"
9b384,Male,24,18-24,Australia,Brittanyborough,"food, gaming"
9c3eb,Male,24,18-24,Australia,Alishaburgh,gaming
9ca1f,Male,24,18-24,Australia,South Heatherfort,"food, fitness"
9ccef,Male,24,18-24,Mexico,Johnsonhaven,"fitness, travel"
a1e11,Male,24,18-24,India,New Dariushaven,gaming
a2f46,Male,24,18-24,Germany,Tylerfort,lifestyle
a5827,Male,24,18-24,Mexico,Andersonmouth,"news, finance, lifestyle"
a5e72,Male,24,18-24,Japan,North Timothy,"technology, photography, news"
a66fb,Male,24,18-24,Brazil,South Julianland,"finance, lifestyle, technology"
a6bab,Male,24,18-24,Canada,Martinezburgh,"lifestyle, fashion"
a761c,Male,24,18-24,Japan,West Michaelfurt,"fitness, food"
a8405,Male,24,18-24,Australia,North Andrewside,"fitness, news"
a8a39,Male,24,18-24,United Kingdom,North Jacquelineburgh,technology
a8df8,Male,24,18-24,United Kingdom,Lake Seanburgh,"finance, technology, gaming"
ac22e,Male,24,18-24,Brazil,Ronaldport,"sports, food"
ac670,Male,24,18-24,India,Smithfort,"health, travel"
ad39e,Male,24,18-24,France,West Alisontown,finance
ae324,Male,24,18-24,India,Hallfort,"health, food"
af3d4,Male,24,18-24,India,Morrishaven,lifestyle
b0c30,Male,24,18-24,United Kingdom,Jessicafurt,"news, health, travel"
b0ef6,Male,24,18-24,Japan,South Gregoryton,news
b1501,Male,24,18-24,Mexico,North Vernon,travel
b2bce,Male,24,18-24,India,Coleport,"food, health, art"
b4461,Male,24,18-24,United Kingdom,New Breanna,"finance, lifestyle"
b56fc,Male,24,18-24,France,Mccarthyberg,food
b5f03,Male,24,18-24,United Kingdom,South Lauratown,news
b5f3a,Male,24,18-24,Australia,Port Angela,"technology, travel, art"
b70fd,Male,24,18-24,United Kingdom,South Adrian,"health, gaming, travel"
b7f1a,Male,24,18-24,Brazil,West Jamie,"health, fitness, sports"
b8400,Male,24,18-24,Germany,Michaelton,"food, photography"
bc6d6,Male,24,18-24,Australia,Andrewfurt,"technology, lifestyle"
bdb58,Male,24,18-24,Canada,Vanessaland,"health, technology, travel"
c169c,Male,24,18-24,India,Penaton,"lifestyle, news, health"
c4c33,Male,24,18-24,Canada,Thomasfurt,"health, fashion"
c9022,Male,24,18-24,Canada,South Kristinport,food
ce838,Male,24,18-24,Brazil,Johnfurt,technology
cf72f,Male,24,18-24,Canada,Davidstad,"technology, travel, health"
cf8d4,Male,24,18-24,Canada,Port Joshuafort,gaming
d10d1,Male,24,18-24,India,North Walterfort,"art, food, photography"
d3bbf,Male,24,18-24,United Kingdom,North Adam,news
d47f3,Male,24,18-24,Mexico,New Rodney,"photography, lifestyle, fitness"
d6dc1,Male,24,18-24,Canada,Mccormickfort,finance
d7963,Male,24,18-24,India,Wilsonshire,"news, sports, travel"
d7e39,Male,24,18-24,Australia,Port Eric,fitness
d7ede,Male,24,18-24,Canada,West Leonard,"lifestyle, fashion"
d9df8,Male,24,18-24,India,Lake Shane,"fitness, fashion"
db60c,Male,24,18-24,Australia,Port Matthew,fitness
db613,Male,24,18-24,Germany,North Belinda,gaming
dcd7b,Male,24,18-24,Brazil,Phamhaven,"lifestyle, fitness"
dde4e,Male,24,18-24,Japan,Marymouth,"travel, news, sports"
df511,Male,24,18-24,India,West Michelle,"travel, art, sports"
df70c,Male,24,18-24,India,West Michael,gaming
e1dee,Male,24,18-24,Australia,East Tristanchester,"travel, gaming, photography"
e2f29,Male,24,18-24,India,Tomview,lifestyle
e33d8,Male,24,18-24,Australia,Port Deniseton,"photography, finance, travel"
e4f4c,Male,24,18-24,Brazil,Morganfurt,"art, health"
e5278,Male,24,18-24,Japan,East Jodi,"health, technology"
e6575,Male,24,18-24,United Kingdom,East Vanessaborough,"health, gaming"
e9020,Male,24,18-24,United Kingdom,Lake Debratown,"art, travel"
ebba5,Male,24,18-24,France,West Brianburgh,"travel, technology"
ec3aa,Male,24,18-24,United Kingdom,Micheleberg,"technology, lifestyle"
ed113,Male,24,18-24,Mexico,West Stefanie,"health, news, lifestyle"
ed2a5,Male,24,18-24,Australia,Buckport,"gaming, sports"
ed84c,Male,24,18-24,Australia,Gonzalezmouth,finance
f0292,Male,24,18-24,United Kingdom,New Sabrina,"health, fitness, lifestyle"
f1136,Male,24,18-24,United Kingdom,South Jason,"fitness, sports, news"
f150d,Male,24,18-24,Canada,Kelleybury,photography
f2281,Male,24,18-24,United Kingdom,Annettebury,"food, art, sports"
f3696,Male,24,18-24,United Kingdom,Christopherville,"art, food, fashion"
f437d,Male,24,18-24,Brazil,New Steven,"lifestyle, sports, technology"
f44e7,Male,24,18-24,Japan,Marcton,"fitness, art, lifestyle"
f96bd,Male,24,18-24,Brazil,South Sandra,"fashion, art"
f97fe,Male,24,18-24,United Kingdom,Rodriguezton,fitness
fad0f,Male,24,18-24,Japan,New Thomasmouth,"fashion, technology"
fae09,Male,24,18-24,India,New Oscarfurt,"photography, news"
fce9f,Male,24,18-24,United Kingdom,North Sheena,"gaming, fashion, health"
fef17,Male,24,18-24,United Kingdom,Lake Katieside,lifestyle
fef50,Male,24,18-24,Australia,North Amyton,news
ffbc0,Male,24,18-24,Canada,South Daniel,finance
5.22E+02,Female,22,18-24,Japan,Paynestad,photography
17720,Female,22,18-24,India,Michaelburgh,"finance, travel"
19959,Female,22,18-24,Australia,East Jasminemouth,"fashion, travel, technology"
35311,Female,22,18-24,Japan,Danielleburgh,"health, travel, lifestyle"
36050,Female,22,18-24,Mexico,Moralesville,sports
40152,Female,22,18-24,Australia,Johnsonville,art
46005,Female,22,18-24,India,Lake Erikaport,"fashion, lifestyle, gaming"
46072,Female,22,18-24,United Kingdom,Lake Timothyhaven,"sports, finance, gaming"
64397,Female,22,18-24,Canada,Kathrynberg,"fashion, photography, gaming"
68369,Female,22,18-24,Brazil,Haneytown,"gaming, art"
68684,Female,22,18-24,India,Jayview,"fitness, photography, news"
69029,Female,22,18-24,Germany,Connerside,"art, fashion, food"
72327,Female,22,18-24,Canada,Robinsonland,"fitness, travel, news"
74470,Female,22,18-24,Germany,East Brittanyshire,"photography, sports"
88571,Female,22,18-24,Germany,West Michael,"sports, travel, gaming"
1.51E+10,Female,22,18-24,Japan,North Thomas,"lifestyle, fitness"
6.29E+10,Female,22,18-24,Brazil,Port Michaelburgh,"food, health, gaming"
9.00E+63,Female,22,18-24,United Kingdom,Lake Mistytown,"travel, technology, sports"
6.00E+208,Female,22,18-24,Brazil,Port Danielleview,art
01ad7,Female,22,18-24,Australia,Port Kentside,"fashion, art"
01c80,Female,22,18-24,Canada,West Janicemouth,"technology, news"
0982b,Female,22,18-24,India,Hensleyville,"sports, news"
0a8a3,Female,22,18-24,Japan,West Richard,"fitness, food, health"
0ab2d,Female,22,18-24,United Kingdom,Horntown,"technology, fashion"
0d6d0,Female,22,18-24,Japan,Teresamouth,"travel, lifestyle"
11f1d,Female,22,18-24,India,New Travisburgh,"news, fitness, food"
129cd,Female,22,18-24,France,Mckenzieside,news
18c77,Female,22,18-24,Brazil,Leeton,"food, sports"
1a5c2,Female,22,18-24,United Kingdom,Cherryfurt,"technology, photography, gaming"
1c8ed,Female,22,18-24,India,Sanchezfort,health
1f757,Female,22,18-24,Australia,New Aaron,"photography, art"
23b96,Female,22,18-24,Canada,Woodview,finance
2578b,Female,22,18-24,Brazil,East Victorchester,"fashion, health"
28eb4,Female,22,18-24,United Kingdom,Estradaburgh,"art, news"
299f1,Female,22,18-24,Canada,Lake Mark,"lifestyle, fashion"
2b339,Female,22,18-24,United Kingdom,Maryton,"gaming, news"
2dd94,Female,22,18-24,Brazil,Adammouth,"photography, news, health"
388de,Female,22,18-24,Mexico,South Annastad,"sports, photography, health"
3b71a,Female,22,18-24,United Kingdom,Danielhaven,"fitness, finance, health"
3c10a,Female,22,18-24,Canada,Greenburgh,finance
3de23,Female,22,18-24,France,Richardsstad,"health, fashion"
4457a,Female,22,18-24,Australia,New Pamela,"photography, food, fashion"
4499a,Female,22,18-24,Canada,East Alexandramouth,"travel, food, finance"
44b21,Female,22,18-24,India,Ashleymouth,"news, finance"
460cf,Female,22,18-24,United Kingdom,West Catherinehaven,"sports, food, health"
480cf,Female,22,18-24,United Kingdom,New Carrie,health
49fde,Female,22,18-24,United Kingdom,North Christopher,fitness
4a69d,Female,22,18-24,India,Jamesberg,health
4b393,Female,22,18-24,India,Port Joshua,"travel, finance"
4dc7a,Female,22,18-24,Mexico,Bradleyhaven,"news, photography, sports"
4eac4,Female,22,18-24,Australia,Jameston,"fashion, fitness"
4eda0,Female,22,18-24,India,Richardchester,"technology, finance, health"
556c8,Female,22,18-24,Canada,Smithberg,"fitness, food"
59f56,Female,22,18-24,Germany,Blackborough,"technology, gaming"
5dd3d,Female,22,18-24,India,Staceyfurt,"news, fashion"
5f239,Female,22,18-24,Germany,South Kendramouth,art
5fb8e,Female,22,18-24,United Kingdom,West Lauren,"photography, lifestyle"
66bca,Female,22,18-24,Japan,Christinastad,"fashion, gaming, travel"
66f5e,Female,22,18-24,United Kingdom,South Timshire,"fitness, health, lifestyle"
6c9c1,Female,22,18-24,Brazil,Port Philipmouth,fashion
6ca47,Female,22,18-24,Canada,East Jacquelinemouth,sports
6d182,Female,22,18-24,United Kingdom,Ryanburgh,"travel, gaming"
6d8ec,Female,22,18-24,Japan,West Timothymouth,"health, fitness"
754ea,Female,22,18-24,Germany,Westfurt,travel
775b5,Female,22,18-24,United Kingdom,Lake Jaclynbury,"finance, photography"
782c5,Female,22,18-24,United Kingdom,Martineztown,"health, travel, lifestyle"
78f36,Female,22,18-24,Brazil,Lake Shannonchester,"food, travel"
7ab69,Female,22,18-24,Brazil,Walkermouth,"photography, fashion, fitness"
7c2aa,Female,22,18-24,Canada,East Chelsea,"health, fitness, food"
7db63,Female,22,18-24,United Kingdom,Kristyberg,news
80b98,Female,22,18-24,Mexico,Watsonshire,"lifestyle, photography"
895b3,Female,22,18-24,Japan,East Brenda,technology
8b249,Female,22,18-24,Canada,North Margaret,travel
8ce0c,Female,22,18-24,India,East Matthewfort,fitness
8f2c8,Female,22,18-24,Australia,Ginahaven,gaming
9015a,Female,22,18-24,Mexico,Lake Sandrabury,"sports, fitness"
9267d,Female,22,18-24,United Kingdom,Loganside,"finance, photography, art"
9336f,Female,22,18-24,India,West Paulaport,"travel, finance, fitness"
93ef7,Female,22,18-24,Brazil,Lake John,"food, gaming, finance"
96a41,Female,22,18-24,India,Morenoview,"technology, art, fitness"
96cc3,Female,22,18-24,Japan,Nancyville,fitness
980a9,Female,22,18-24,Germany,West Mary,"travel, technology, art"
98d20,Female,22,18-24,Japan,East Kathryn,fashion
98ec3,Female,22,18-24,Australia,Teresaland,"fitness, news"
9a1ca,Female,22,18-24,France,North Michaelshire,"photography, food"
9b119,Female,22,18-24,France,Staceyshire,"technology, fashion, food"
9c145,Female,22,18-24,United Kingdom,Veronicaton,fitness
9db12,Female,22,18-24,United Kingdom,North Sarah,"sports, fashion, health"
9f0a5,Female,22,18-24,United Kingdom,East Jeffrey,technology
a0885,Female,22,18-24,United Kingdom,Wangton,finance
ab719,Female,22,18-24,Germany,Port Ronaldview,"travel, gaming"
b0986,Female,22,18-24,Germany,Port Timothy,"lifestyle, travel, finance"
b0b27,Female,22,18-24,Australia,Diazchester,"sports, news"
b1065,Female,22,18-24,India,Lake Barbaraside,"news, travel"
b4095,Female,22,18-24,Germany,New Erica,photography
b5510,Female,22,18-24,France,New Austin,"travel, sports"
b72a9,Female,22,18-24,Mexico,Markfort,"travel, health, gaming"
b8d46,Female,22,18-24,United Kingdom,New Kellyburgh,gaming
ba6b5,Female,22,18-24,Australia,Port Meganstad,food
bd6e3,Female,22,18-24,United Kingdom,Carolynside,"health, food"
beccf,Female,22,18-24,Canada,Port Johnfurt,health
c0031,Female,22,18-24,Germany,East Catherine,sports
c04f2,Female,22,18-24,Canada,Johnsonchester,"health, sports, fitness"
c117d,Female,22,18-24,United Kingdom,Anthonyborough,"fashion, technology"
c190f,Female,22,18-24,Canada,New Henry,photography
c4669,Female,22,18-24,Japan,Josefurt,"gaming, finance"
c53fb,Female,22,18-24,United Kingdom,North Jason,"sports, lifestyle"
c983a,Female,22,18-24,United Kingdom,Hernandezmouth,news
ca58d,Female,22,18-24,India,Robertstown,"technology, gaming"
cb244,Female,22,18-24,Australia,Lake Daniel,sports
cd865,Female,22,18-24,Germany,New Davidton,"food, gaming"
ce1b4,Female,22,18-24,Brazil,Jeffreyberg,"sports, fitness"
cf6da,Female,22,18-24,United Kingdom,Williamsview,"fashion, photography"
d02aa,Female,22,18-24,United Kingdom,New James,"fitness, gaming, technology"
d3659,Female,22,18-24,United Kingdom,Michaelborough,"finance, health, sports"
d45c4,Female,22,18-24,Mexico,East Rodney,"technology, fitness, lifestyle"
d7919,Female,22,18-24,United Kingdom,Davidbury,"art, sports"
dad89,Female,22,18-24,Germany,Lesterhaven,"news, travel"
dafd1,Female,22,18-24,Australia,Mathewston,"fashion, sports, travel"
dc09d,Female,22,18-24,United Kingdom,New Kennethstad,technology
dca65,Female,22,18-24,Canada,Racheltown,"technology, photography, food"
e3bcd,Female,22,18-24,United Kingdom,Simpsonhaven,art
e61bd,Female,22,18-24,Canada,Michaelchester,"travel, health, lifestyle"
e76af,Female,22,18-24,United Kingdom,New Jorgeport,"gaming, fashion, fitness"
e7737,Female,22,18-24,Australia,South Michelle,"news, fitness, technology"
e95a9,Female,22,18-24,United Kingdom,Jorgemouth,"gaming, sports, technology"
ec31f,Female,22,18-24,United Kingdom,Wrightshire,travel
ee236,Female,22,18-24,Germany,Lake Raymond,"fitness, technology, photography"
f0395,Female,22,18-24,Canada,Ginaville,fashion
f548b,Female,22,18-24,Mexico,Morganmouth,"gaming, news"
f7d96,Female,22,18-24,Japan,New Julian,"health, sports, lifestyle"
fba06,Female,22,18-24,Brazil,Maryton,"finance, art, sports"
4.30E+02,Female,20,18-24,United Kingdom,Fullermouth,"health, sports, technology"
6747,Female,20,18-24,Mexico,Port Olivia,"travel, gaming, finance"
Dec-30,Female,20,18-24,United Kingdom,Stanleymouth,"news, fashion, gaming"
17002,Female,20,18-24,Germany,Herreraland,"fitness, news, gaming"
25299,Female,20,18-24,Germany,West Annahaven,"technology, food"
26221,Female,20,18-24,France,Nelsonberg,food
35346,Female,20,18-24,United Kingdom,Sarahside,"fashion, photography, food"
48128,Female,20,18-24,Mexico,Michaelton,gaming
53339,Female,20,18-24,Canada,Matthewmouth,"photography, gaming, food"
54843,Female,20,18-24,United Kingdom,South Barbaratown,fitness
57926,Female,20,18-24,Brazil,Mullinsville,news
69741,Female,20,18-24,India,Lake Hollyburgh,"technology, lifestyle"
76464,Female,20,18-24,United Kingdom,Peterton,"travel, lifestyle, technology"
81518,Female,20,18-24,Germany,Stacymouth,fitness
82911,Female,20,18-24,Canada,New Amberfurt,travel
8.86E+04,Female,20,18-24,Mexico,Lake Harryburgh,"technology, health"
93611,Female,20,18-24,Japan,New Timothy,"fitness, health"
7.70E+85,Female,20,18-24,Germany,West Miguelbury,"travel, finance"
0331e,Female,20,18-24,United Kingdom,Tonishire,news
0739f,Female,20,18-24,India,East Franciscobury,finance
088d9,Female,20,18-24,Mexico,Youngview,"sports, gaming"
0ba50,Female,20,18-24,United Kingdom,Kevinbury,"lifestyle, food, fashion"
0f30e,Female,20,18-24,United Kingdom,New Matthewborough,"gaming, news, health"
10ba4,Female,20,18-24,Brazil,Port Robertstad,gaming
160f9,Female,20,18-24,Brazil,East Amybury,"fashion, sports"
177ac,Female,20,18-24,Australia,Isaiahburgh,"finance, news"
19dfd,Female,20,18-24,United Kingdom,Fosterberg,"news, technology"
1a3b6,Female,20,18-24,Germany,Armstrongberg,"fitness, lifestyle"
1c463,Female,20,18-24,Canada,Matahaven,"news, fashion, sports"
22b02,Female,20,18-24,United Kingdom,North Brandonborough,"gaming, food"
2356b,Female,20,18-24,India,North Robin,"technology, art, finance"
2a4b5,Female,20,18-24,Mexico,South Brianburgh,"fashion, technology"
2abfb,Female,20,18-24,India,Karenside,"lifestyle, fashion"
2f681,Female,20,18-24,United Kingdom,South Brandonville,finance
319f7,Female,20,18-24,Mexico,North Dylanport,"sports, photography, fashion"
38abc,Female,20,18-24,Mexico,Georgeport,travel
3c1d6,Female,20,18-24,United Kingdom,Ruizhaven,"photography, lifestyle, finance"
3ced1,Female,20,18-24,Brazil,East Jamesside,fitness
3de1b,Female,20,18-24,United Kingdom,Lake Sierra,"technology, lifestyle"
4136b,Female,20,18-24,United Kingdom,Houstonmouth,photography
4144b,Female,20,18-24,Brazil,West Philip,"food, fashion"
4c482,Female,20,18-24,United Kingdom,Larryshire,"food, news, fitness"
4c58e,Female,20,18-24,Canada,Austinmouth,"technology, photography"
4ea84,Female,20,18-24,United Kingdom,Andradeburgh,"fitness, food"
56c2c,Female,20,18-24,Australia,Nicolebury,"news, lifestyle, technology"
57f23,Female,20,18-24,India,Lopezmouth,travel
5ad51,Female,20,18-24,Japan,Alexafurt,"art, technology"
5b5ca,Female,20,18-24,Brazil,Robertsland,travel
5f24e,Female,20,18-24,Brazil,South Brittneyborough,food
5facd,Female,20,18-24,Germany,Martinezberg,"news, food"
6017c,Female,20,18-24,United Kingdom,Vincentville,"finance, news"
643ce,Female,20,18-24,Australia,Lake Catherineborough,technology
67b2c,Female,20,18-24,Mexico,West Ryan,"health, photography, lifestyle"
67d00,Female,20,18-24,Canada,Lake Alexandra,"news, sports, gaming"
681d1,Female,20,18-24,Mexico,North Lauraberg,"health, lifestyle, art"
6a60d,Female,20,18-24,Japan,Lake Molly,"finance, fitness"
6d647,Female,20,18-24,Canada,Garrisonville,"photography, sports"
6f77c,Female,20,18-24,India,East Justinland,fitness
732a6,Female,20,18-24,Canada,Williamside,"lifestyle, gaming"
7396d,Female,20,18-24,United Kingdom,North Alyssa,lifestyle
794cd,Female,20,18-24,United Kingdom,Gregoryfort,lifestyle
79b20,Female,20,18-24,United Kingdom,Millerfort,"health, gaming, photography"
7ca16,Female,20,18-24,India,New Donaldtown,travel
83f36,Female,20,18-24,India,Vickiestad,technology
888df,Female,20,18-24,Australia,Robertburgh,"sports, art, fitness"
89d4b,Female,20,18-24,Canada,Jasonside,fitness
8cfd5,Female,20,18-24,Germany,Bennettton,fashion
8e4e8,Female,20,18-24,Australia,Randolphland,"lifestyle, technology, fitness"
92af9,Female,20,18-24,United Kingdom,Port Stephentown,sports
965a8,Female,20,18-24,France,South Robert,"fitness, travel"
98ece,Female,20,18-24,Japan,Port Willieborough,"food, sports"
98feb,Female,20,18-24,United Kingdom,Morrisport,"health, art, travel"
9ae8f,Female,20,18-24,Canada,Huynhview,gaming
a047e,Female,20,18-24,United Kingdom,Melaniemouth,"health, art"
a269a,Female,20,18-24,France,Rodrigueztown,"travel, fitness"
a28d1,Female,20,18-24,Germany,Danielstad,"finance, art"
a3cb3,Female,20,18-24,United Kingdom,Taylorton,finance
a5678,Female,20,18-24,United Kingdom,Baileystad,"news, fashion, art"
a5f27,Female,20,18-24,United Kingdom,Barbaraborough,"travel, fitness, sports"
a6719,Female,20,18-24,India,Lake Christinatown,gaming
aa79d,Female,20,18-24,France,North James,"lifestyle, fashion"
aa80b,Female,20,18-24,Brazil,Nicolasshire,finance
acae1,Female,20,18-24,Japan,East Ryanland,"health, finance"
af853,Female,20,18-24,Japan,Kennethland,"photography, fashion"
afba5,Female,20,18-24,Australia,Floresmouth,"finance, gaming, technology"
b2f60,Female,20,18-24,Germany,Salazarberg,"photography, travel, lifestyle"
b8ee1,Female,20,18-24,Australia,Westtown,food
bb294,Female,20,18-24,Brazil,Delacruzmouth,"fashion, food"
bbf13,Female,20,18-24,India,Lake Erikchester,finance
c3601,Female,20,18-24,Japan,Rodriguezmouth,"food, fitness, fashion"
c4cf3,Female,20,18-24,Germany,Rhondachester,"health, lifestyle, technology"
c6dd4,Female,20,18-24,India,Jeffreyland,"sports, finance"
c9a99,Female,20,18-24,Brazil,Tracichester,gaming
cb8aa,Female,20,18-24,United Kingdom,East Roberta,"art, photography, technology"
cbf60,Female,20,18-24,Japan,Michaelburgh,"lifestyle, gaming"
cce2b,Female,20,18-24,United Kingdom,Henrychester,travel
cf625,Female,20,18-24,India,West Michael,gaming
d22cf,Female,20,18-24,United Kingdom,Lake Rebecca,"food, news"
d43a6,Female,20,18-24,Mexico,East Robert,"sports, travel, health"
d7624,Female,20,18-24,United Kingdom,Kimberlyfort,"art, fitness, fashion"
dc6d1,Female,20,18-24,Mexico,South Aaronborough,"photography, fitness"
e0d87,Female,20,18-24,Germany,New Sharon,"gaming, fitness, technology"
e1107,Female,20,18-24,Australia,Port Zachary,"technology, travel"
e11f2,Female,20,18-24,Mexico,New Stacyland,"news, fashion"
e1949,Female,20,18-24,Japan,Lanechester,food
e67ef,Female,20,18-24,India,East Taratown,"food, travel, news"
ea7f1,Female,20,18-24,Germany,West Angelaport,"health, art, technology"
eb368,Female,20,18-24,Japan,Shepherdton,news
eceb6,Female,20,18-24,Brazil,Pittmanton,news
ee205,Female,20,18-24,Mexico,Codyfort,sports
ee40a,Female,20,18-24,United Kingdom,Bradshawmouth,"health, photography, fashion"
f4e56,Female,20,18-24,France,Lake Greggville,"gaming, travel"
f5fa5,Female,20,18-24,Canada,Bankschester,fashion
f8a5a,Female,20,18-24,India,Monicaborough,"fashion, sports"
f9d1c,Female,20,18-24,United Kingdom,Murphyshire,"food, gaming, sports"
fe3d3,Female,20,18-24,France,Keithport,"news, food"
3385,Female,23,18-24,Canada,Ralphville,lifestyle
18604,Female,23,18-24,Canada,Lorimouth,fashion
37097,Female,23,18-24,Canada,Lake Christinaville,technology
38646,Female,23,18-24,India,Andersontown,"technology, food"
46006,Female,23,18-24,United Kingdom,Port David,"fashion, art"
48737,Female,23,18-24,Germany,Port Tanner,lifestyle
53182,Female,23,18-24,Mexico,Leefort,lifestyle
55657,Female,23,18-24,India,New Martin,"technology, sports, food"
59471,Female,23,18-24,Germany,Sarastad,"lifestyle, fitness"
72296,Female,23,18-24,United Kingdom,Wernerville,"lifestyle, news, health"
77571,Female,23,18-24,India,North Jesusstad,health
83165,Female,23,18-24,United Kingdom,North Paul,technology
95284,Female,23,18-24,Canada,South Cameronside,photography
96474,Female,23,18-24,India,Lake Chris,"travel, technology, fitness"
5.47E+08,Female,23,18-24,United Kingdom,Smithberg,"health, art, news"
8.50E+34,Female,23,18-24,United Kingdom,Shellyland,"photography, travel, art"
06dc2,Female,23,18-24,Germany,Stokestown,"food, lifestyle"
08b7b,Female,23,18-24,France,Lake Dennisfort,health
0b4a2,Female,23,18-24,India,Rebeccamouth,travel
0b4dc,Female,23,18-24,United Kingdom,Ericport,"fitness, health, food"
0dcd3,Female,23,18-24,Germany,Lake Stevenview,finance
0e21c,Female,23,18-24,Japan,Mendozachester,art
1738a,Female,23,18-24,Canada,Aguilarside,"fitness, sports, lifestyle"
1929c,Female,23,18-24,United Kingdom,West Jeremyborough,"art, fitness"
1a509,Female,23,18-24,Mexico,South Tabitha,"lifestyle, gaming"
1a738,Female,23,18-24,Japan,East Cheryl,"lifestyle, finance"
22c85,Female,23,18-24,United Kingdom,West Craigchester,"travel, gaming"
25cc3,Female,23,18-24,United Kingdom,Kempborough,"art, health"
2790f,Female,23,18-24,Brazil,Leeville,news
2a055,Female,23,18-24,Germany,Lake Beckyland,sports
39bda,Female,23,18-24,France,Smithshire,"fitness, lifestyle, gaming"
39f75,Female,23,18-24,Australia,West Craig,"fashion, food"
3ff7f,Female,23,18-24,Japan,Millerfurt,fitness
42c99,Female,23,18-24,Canada,South Katherineberg,"art, health"
44b88,Female,23,18-24,United Kingdom,West Staceybury,gaming
45d79,Female,23,18-24,Mexico,New Amber,"sports, fashion, lifestyle"
470bf,Female,23,18-24,Canada,West Sarah,lifestyle
49ec8,Female,23,18-24,United Kingdom,North Mathewton,technology
4d1f7,Female,23,18-24,Brazil,Ashleytown,"fitness, photography, food"
4db44,Female,23,18-24,United Kingdom,Maryshire,"travel, gaming"
51d8b,Female,23,18-24,Canada,Christineside,"fitness, travel"
534db,Female,23,18-24,Canada,Port Amy,"photography, food, fitness"
54ab0,Female,23,18-24,Australia,Jeremybury,"photography, gaming, finance"
5c415,Female,23,18-24,India,New Gregoryfort,finance
5c4b3,Female,23,18-24,United Kingdom,South Jeremyton,"sports, health"
5cd5f,Female,23,18-24,Canada,Port Karen,"fashion, food, travel"
5d2e5,Female,23,18-24,India,Davidfurt,lifestyle
600d3,Female,23,18-24,Mexico,Jennifertown,"technology, lifestyle"
6155f,Female,23,18-24,Japan,Schroederland,finance
65e7a,Female,23,18-24,Canada,Port Melinda,news
67bb9,Female,23,18-24,France,Port Priscillashire,news
69cdb,Female,23,18-24,Germany,New Sheila,"travel, finance"
6e9b9,Female,23,18-24,Australia,Port Jamiehaven,"finance, sports"
6ff6c,Female,23,18-24,United Kingdom,West Corytown,"finance, fitness"
71ee9,Female,23,18-24,Mexico,West David,"lifestyle, art"
730c8,Female,23,18-24,India,Grantberg,"sports, lifestyle"
745b2,Female,23,18-24,Canada,South Zacharymouth,"food, news"
74ac7,Female,23,18-24,Australia,Port Stacey,finance
79f2f,Female,23,18-24,France,Schultzport,"art, fitness"
7b89d,Female,23,18-24,France,Andersonport,"food, fitness"
802a6,Female,23,18-24,Australia,South Anthonymouth,"sports, art"
80c54,Female,23,18-24,Australia,Maryburgh,news
85c39,Female,23,18-24,United Kingdom,North Gary,"technology, lifestyle, fashion"
8996f,Female,23,18-24,Australia,Courtneyview,"lifestyle, sports, technology"
8a4a5,Female,23,18-24,India,New Randy,"news, finance, fitness"
8af72,Female,23,18-24,Canada,East Holly,technology
9613f,Female,23,18-24,Australia,Port Steven,photography
9c638,Female,23,18-24,India,South Matthew,photography
9cb67,Female,23,18-24,Canada,Kaylastad,"photography, finance, art"
9cd1d,Female,23,18-24,Australia,South Joseshire,food
a00b1,Female,23,18-24,United Kingdom,Williamborough,"fashion, travel, photography"
a00ce,Female,23,18-24,Canada,Smallhaven,food
a0ed3,Female,23,18-24,Canada,Lake Lauratown,"finance, sports"
a34e6,Female,23,18-24,Japan,Susanbury,"photography, technology, travel"
a3b26,Female,23,18-24,United Kingdom,Williamsmouth,gaming
a468f,Female,23,18-24,Germany,South Anthonyside,health
a5e53,Female,23,18-24,Brazil,Marktown,travel
a73fb,Female,23,18-24,Mexico,Nicholsonstad,travel
a8f19,Female,23,18-24,Canada,West Alison,"health, finance"
a9e22,Female,23,18-24,United Kingdom,Stephenport,art
aa3af,Female,23,18-24,United Kingdom,New Troy,"health, gaming, finance"
aa43f,Female,23,18-24,Japan,North Kathymouth,health
aad11,Female,23,18-24,United Kingdom,West Kellyville,"lifestyle, health"
abe8d,Female,23,18-24,Canada,Port Kimberlyport,"health, gaming, fashion"
ad0a9,Female,23,18-24,United Kingdom,Lake Kristin,"lifestyle, sports"
adcf9,Female,23,18-24,United Kingdom,North Danielberg,"lifestyle, fitness, sports"
aebbe,Female,23,18-24,Brazil,South Dawnberg,lifestyle
b0580,Female,23,18-24,Japan,Evansborough,"fitness, news, photography"
b2ce4,Female,23,18-24,Canada,Bryantside,"news, art, food"
b4b22,Female,23,18-24,United Kingdom,East Jasonshire,fitness
bc12c,Female,23,18-24,Canada,Lake Justin,health
bdd05,Female,23,18-24,Canada,Simmonshaven,"lifestyle, gaming, photography"
c4f61,Female,23,18-24,Japan,East Mark,"technology, lifestyle, gaming"
c5c4c,Female,23,18-24,United Kingdom,Beckland,"news, travel, sports"
ce130,Female,23,18-24,United Kingdom,Munozchester,"photography, lifestyle, travel"
ce13a,Female,23,18-24,Germany,South Samuel,"health, art, news"
d1e7e,Female,23,18-24,India,Michaeltown,sports
d392e,Female,23,18-24,Canada,Williamsmouth,"food, photography"
d915e,Female,23,18-24,Canada,Port Nancy,technology
d9c3d,Female,23,18-24,United Kingdom,Youngmouth,"lifestyle, news, health"
dfccb,Female,23,18-24,Canada,South Matthewview,gaming
e1587,Female,23,18-24,India,Lake Tammymouth,"art, photography, fashion"
e80fd,Female,23,18-24,United Kingdom,East Aliciachester,"finance, food, travel"
ea9a7,Female,23,18-24,India,East Isabel,"travel, health"
ed53b,Female,23,18-24,Canada,Port Elizabethmouth,"news, fitness"
f0f52,Female,23,18-24,India,Perezmouth,"food, fashion"
f447f,Female,23,18-24,Germany,West Rachelborough,gaming
f59f0,Female,23,18-24,France,Whitakerborough,"food, travel"
f7cdb,Female,23,18-24,Germany,Acostaland,"health, technology, sports"
f88a0,Female,23,18-24,United Kingdom,Sandymouth,"photography, fitness, travel"
f892a,Female,23,18-24,India,New Vanessaport,food
fe3b5,Female,23,18-24,Canada,Ariasborough,"gaming, food, lifestyle"
fef5a,Female,23,18-24,Canada,Taylorstad,travel
5.16E+02,Female,24,18-24,Brazil,Johnsonport,"fitness, fashion, health"
3834,Female,24,18-24,Germany,West Kelli,"art, lifestyle"
12675,Female,24,18-24,Germany,Terrybury,lifestyle
15462,Female,24,18-24,India,Wrightport,"gaming, lifestyle, technology"
18589,Female,24,18-24,Japan,Perkinsmouth,"food, gaming"
23891,Female,24,18-24,Japan,Anthonyport,travel
24884,Female,24,18-24,Brazil,Thomasland,"finance, fitness, lifestyle"
31956,Female,24,18-24,United Kingdom,West Paulstad,travel
32191,Female,24,18-24,Germany,Jamesbury,travel
37351,Female,24,18-24,India,North John,"fitness, sports, travel"
47602,Female,24,18-24,India,East Brendanmouth,"fashion, fitness"
57541,Female,24,18-24,Japan,Williamland,news
84466,Female,24,18-24,Germany,East Ginabury,"food, fashion, fitness"
90619,Female,24,18-24,Japan,Lake Courtneyfort,finance
95865,Female,24,18-24,Canada,East Brenda,"news, fitness"
98277,Female,24,18-24,United Kingdom,Phyllismouth,"gaming, sports, photography"
7.55E+05,Female,24,18-24,Canada,Ryanhaven,"fitness, photography, fashion"
4.00E+57,Female,24,18-24,Brazil,South Lisahaven,"photography, finance"
1.00E+85,Female,24,18-24,Japan,Brockborough,health
010ef,Female,24,18-24,United Kingdom,North Marcus,lifestyle
0c56b,Female,24,18-24,Japan,Brooksborough,gaming
0d4d1,Female,24,18-24,Australia,East Zachary,"health, gaming, technology"
1243d,Female,24,18-24,Canada,Christopherburgh,"art, lifestyle, fitness"
16de0,Female,24,18-24,Australia,Pamelachester,fashion
19a87,Female,24,18-24,India,Diazside,"fitness, food, health"
1b86d,Female,24,18-24,Australia,Rasmussenberg,"finance, gaming, fashion"
1c11c,Female,24,18-24,United Kingdom,New Kathymouth,fashion
1d694,Female,24,18-24,United Kingdom,Port Joseberg,news
1e83c,Female,24,18-24,France,West Evelyn,"lifestyle, photography"
26bfc,Female,24,18-24,France,Smithmouth,"health, fashion"
26f88,Female,24,18-24,Canada,Port Ann,"lifestyle, photography"
2a1d5,Female,24,18-24,Mexico,East Peter,"food, fashion"
2b799,Female,24,18-24,Brazil,South Jameston,health
2df47,Female,24,18-24,United Kingdom,New Joefurt,finance
2f1cf,Female,24,18-24,United Kingdom,New Christopherhaven,news
31c60,Female,24,18-24,Canada,Petersonchester,"food, lifestyle"
34f0b,Female,24,18-24,Germany,Mendozaside,"health, finance, food"
3bc44,Female,24,18-24,India,South Jermaine,travel
3cab7,Female,24,18-24,France,Lake Helen,"fashion, health, technology"
3e09f,Female,24,18-24,Canada,West Charles,"gaming, photography, technology"
3f071,Female,24,18-24,Canada,Hannahview,food
3f2ab,Female,24,18-24,Canada,Coxtown,"photography, news"
4a882,Female,24,18-24,Mexico,West Devinshire,travel
4c46e,Female,24,18-24,India,Lake Coryport,"finance, food, fashion"
4dbbe,Female,24,18-24,Canada,Lake Jenna,photography
4f166,Female,24,18-24,Brazil,Walkerside,travel
529a3,Female,24,18-24,Canada,Haydenhaven,finance
5ba64,Female,24,18-24,Brazil,Torresberg,finance
5d644,Female,24,18-24,Australia,New Joshuaborough,"fashion, photography, technology"
60bdf,Female,24,18-24,United Kingdom,Pamelaberg,"lifestyle, art, gaming"
67e9b,Female,24,18-24,Germany,Markberg,"travel, technology, fitness"
6d7d7,Female,24,18-24,Canada,Karenberg,"food, news, gaming"
73aae,Female,24,18-24,Australia,Kevinbury,"lifestyle, travel, sports"
73cfd,Female,24,18-24,Germany,Lake Tabithachester,gaming
767a7,Female,24,18-24,United Kingdom,East Gail,"travel, technology, art"
7747d,Female,24,18-24,United Kingdom,Lake Hollyberg,"finance, fitness"
77b0c,Female,24,18-24,Germany,Seanland,"food, photography, technology"
78f68,Female,24,18-24,Germany,Grantburgh,"travel, fitness, technology"
7a9d4,Female,24,18-24,Brazil,North Mark,technology
7f0ef,Female,24,18-24,United Kingdom,New Tyler,food
817c9,Female,24,18-24,Canada,Port Sara,fashion
82a7c,Female,24,18-24,United Kingdom,South Jacob,"gaming, lifestyle, food"
8437c,Female,24,18-24,Brazil,Darrellhaven,news
8c582,Female,24,18-24,United Kingdom,Leroyberg,"food, technology, art"
8d618,Female,24,18-24,Brazil,Lake Jose,art
9541b,Female,24,18-24,Mexico,Thomasbury,"fitness, food, lifestyle"
956dc,Female,24,18-24,Brazil,Fisherstad,"gaming, fitness"
9794d,Female,24,18-24,Canada,South Andrea,photography
998a9,Female,24,18-24,United Kingdom,Lake Angela,"fitness, technology"
9a25d,Female,24,18-24,Brazil,Gilmorefort,"art, news, food"
9a303,Female,24,18-24,India,Blairfort,"health, technology"
9acea,Female,24,18-24,Germany,South Brianachester,"travel, sports"
a15f7,Female,24,18-24,India,Lopezhaven,technology
a19cc,Female,24,18-24,Germany,West Lesliestad,"news, art"
a2474,Female,24,18-24,United Kingdom,New Mariomouth,"fitness, health"
a77e3,Female,24,18-24,Mexico,Cynthiaburgh,fashion
a808b,Female,24,18-24,Brazil,Port Taylorburgh,"art, fitness, health"
afc4b,Female,24,18-24,Mexico,Lake Susan,"art, fashion, health"
b094c,Female,24,18-24,Canada,West Lisabury,sports
b836b,Female,24,18-24,India,Shahfurt,"health, travel"
b8602,Female,24,18-24,Germany,Alexanderfurt,"technology, fitness"
bc092,Female,24,18-24,Australia,Lake Ann,"finance, sports"
c6af0,Female,24,18-24,Japan,East Mark,fashion
cf571,Female,24,18-24,Mexico,Youngfurt,news
cfb1e,Female,24,18-24,Japan,Jonesfurt,"food, technology, travel"
d6907,Female,24,18-24,Germany,Williamsmouth,"health, fitness, sports"
d955d,Female,24,18-24,Australia,Whitechester,"fashion, finance"
dc2c3,Female,24,18-24,United Kingdom,New Michael,"fitness, food"
dc3b8,Female,24,18-24,Mexico,Edwardsside,"art, gaming, food"
dcc02,Female,24,18-24,Mexico,New Paulmouth,"photography, gaming"
ddec6,Female,24,18-24,Australia,Crystalland,"sports, news"
e4c9d,Female,24,18-24,India,Larrytown,"travel, lifestyle, photography"
e584e,Female,24,18-24,Brazil,East Kimberly,gaming
e5ec3,Female,24,18-24,United Kingdom,East Jennifer,fitness
e8758,Female,24,18-24,Australia,New Davidberg,news
eb36a,Female,24,18-24,Germany,Frostburgh,lifestyle
eb673,Female,24,18-24,Japan,Dylanmouth,"photography, technology"
ebe20,Female,24,18-24,Mexico,Margaretberg,finance
ed563,Female,24,18-24,Germany,East Meaganstad,fashion
f2b9d,Female,24,18-24,Mexico,Boyermouth,"health, fitness"
f2e9b,Female,24,18-24,United Kingdom,Collinsstad,"fashion, fitness, lifestyle"
f3ca5,Female,24,18-24,United Kingdom,Port Caroline,"lifestyle, news, food"
f56ae,Female,24,18-24,United Kingdom,North Heather,news
f79b6,Female,24,18-24,India,South Andrew,"sports, news"
fcbe7,Female,24,18-24,India,New Cassandrachester,technology
fd3ab,Female,24,18-24,Canada,North Scottburgh,"sports, art"
31650,Female,18,18-24,Germany,Lake Kathyshire,"fashion, finance, fitness"
45692,Female,18,18-24,Australia,Lake Cynthiachester,"art, technology, finance"
46601,Female,18,18-24,Canada,Lisaton,"food, finance, travel"
50638,Female,18,18-24,United Kingdom,Lake Sarahfort,"lifestyle, travel, photography"
62598,Female,18,18-24,Canada,Davidside,health
71636,Female,18,18-24,Australia,Port Chris,fitness
82386,Female,18,18-24,Australia,Maloneborough,"lifestyle, health, food"
82848,Female,18,18-24,Canada,South Aaronfort,"gaming, art, news"
1.90E+48,Female,18,18-24,United Kingdom,Lindamouth,technology
025ae,Female,18,18-24,Japan,South Paul,"travel, finance"
039aa,Female,18,18-24,United Kingdom,Shawntown,"lifestyle, sports"
04fc9,Female,18,18-24,Australia,Lake Mark,"technology, photography, sports"
0b07a,Female,18,18-24,Canada,Ryanland,"fitness, gaming, technology"
0d850,Female,18,18-24,Canada,Floresfort,lifestyle
113cb,Female,18,18-24,United Kingdom,Scottstad,"health, lifestyle, finance"
18a07,Female,18,18-24,Brazil,North Jerryborough,"sports, technology"
1e7c6,Female,18,18-24,France,Smithchester,"fashion, gaming, travel"
1ed64,Female,18,18-24,United Kingdom,Perezbury,food
20ba9,Female,18,18-24,United Kingdom,Lake Justinside,technology
27cac,Female,18,18-24,India,Robertmouth,"gaming, art, fitness"
2b860,Female,18,18-24,United Kingdom,West Joseph,finance
2df11,Female,18,18-24,Canada,Acevedoville,"fashion, art, fitness"
33f93,Female,18,18-24,Germany,Millerstad,"finance, lifestyle, art"
356f0,Female,18,18-24,Brazil,Petersontown,"food, lifestyle"
36a75,Female,18,18-24,India,Lake Stephanieland,"food, travel"
37ab0,Female,18,18-24,Canada,East Courtneymouth,"news, health, photography"
3d3e0,Female,18,18-24,Canada,South Marymouth,"gaming, fashion, photography"
3f9e1,Female,18,18-24,Brazil,Colemouth,"fitness, gaming"
4370f,Female,18,18-24,Canada,West Sean,"travel, technology, fitness"
45bbb,Female,18,18-24,Germany,Donaldborough,technology
470ee,Female,18,18-24,India,Davisfort,news
49c43,Female,18,18-24,United Kingdom,New Sandrafort,travel
4ac7f,Female,18,18-24,Canada,Baileybury,"lifestyle, health"
4d19f,Female,18,18-24,Australia,Davisfurt,"sports, health"
4f10f,Female,18,18-24,France,Perezbury,health
4fa89,Female,18,18-24,Mexico,South Kevin,"photography, fitness, news"
514a3,Female,18,18-24,Germany,Johnsonport,"gaming, health, sports"
51b3f,Female,18,18-24,Germany,East Debra,finance
5dda4,Female,18,18-24,United Kingdom,Johnsonchester,"sports, fitness"
629bd,Female,18,18-24,Australia,Port Angelaton,"travel, art"
6aff1,Female,18,18-24,France,Normanland,"finance, technology"
71a04,Female,18,18-24,United Kingdom,East Jordanbury,"finance, fitness, food"
7f196,Female,18,18-24,Germany,West Jacobstad,"art, gaming, lifestyle"
871bf,Female,18,18-24,Germany,Zhangville,"art, gaming"
89b60,Female,18,18-24,Canada,Bradshawbury,"sports, health"
8b1f2,Female,18,18-24,Australia,West Patriciamouth,gaming
8baf0,Female,18,18-24,Mexico,Kathyland,"news, art"
8cf38,Female,18,18-24,India,Gibbsland,"photography, news"
8f485,Female,18,18-24,Brazil,West Billyland,"food, travel, fashion"
8ff56,Female,18,18-24,United Kingdom,West Alexander,"sports, gaming, photography"
96f59,Female,18,18-24,Japan,Connorbury,"finance, fashion"
97e8b,Female,18,18-24,Canada,West Philipfort,"lifestyle, gaming"
97fc9,Female,18,18-24,Australia,South James,"sports, fashion"
9ba91,Female,18,18-24,Australia,North Timothyshire,"finance, fitness, art"
9de9c,Female,18,18-24,Brazil,North Tina,lifestyle
9f8d7,Female,18,18-24,Mexico,East Donaldville,gaming
9f929,Female,18,18-24,Japan,Reidport,"health, art, sports"
a0b89,Female,18,18-24,United Kingdom,Alexanderberg,food
a52c6,Female,18,18-24,India,New David,technology
a699b,Female,18,18-24,United Kingdom,Karenport,photography
a73fc,Female,18,18-24,India,Thomaschester,health
a8f29,Female,18,18-24,India,Roseport,"health, art, fashion"
af147,Female,18,18-24,Brazil,South Maryton,photography
b384d,Female,18,18-24,Germany,Cervantesmouth,sports
b7730,Female,18,18-24,Brazil,Cunninghamland,"health, gaming"
baf6c,Female,18,18-24,United Kingdom,Harristown,news
bd748,Female,18,18-24,India,Lake Jimmy,health
be0c2,Female,18,18-24,Australia,South Tracy,"health, news"
c0472,Female,18,18-24,United Kingdom,Alvaradochester,"news, technology, health"
c1572,Female,18,18-24,Australia,Whiteview,"gaming, lifestyle"
c1f2a,Female,18,18-24,Mexico,Port Richard,technology
c98ba,Female,18,18-24,Brazil,New Scott,lifestyle
c9e12,Female,18,18-24,Japan,Paulfort,"fashion, news"
cb74c,Female,18,18-24,Canada,Johnland,"travel, news, gaming"
cc3c1,Female,18,18-24,Australia,New Patriciachester,"lifestyle, news, health"
ccaf9,Female,18,18-24,Germany,Simsview,"photography, travel, fitness"
cd70d,Female,18,18-24,United Kingdom,Lake Stephanieland,fashion
d54b4,Female,18,18-24,United Kingdom,Port Nicholas,"sports, fitness, finance"
d5eb7,Female,18,18-24,India,Smithton,"technology, photography"
d71c8,Female,18,18-24,Australia,Lake April,finance
d7f8b,Female,18,18-24,Canada,Chenberg,"health, travel, photography"
d8969,Female,18,18-24,Germany,Lake Billyville,food
db0cc,Female,18,18-24,Canada,North Donald,"sports, food"
dc837,Female,18,18-24,Australia,Kristinestad,health
dd667,Female,18,18-24,France,East Joseph,"fitness, lifestyle"
e1113,Female,18,18-24,United Kingdom,Howardshire,"sports, gaming, technology"
e268d,Female,18,18-24,Japan,North Michelleview,"health, news, technology"
e486f,Female,18,18-24,India,Lake Jeanette,art
eaff7,Female,18,18-24,India,Port Richardburgh,"fashion, news, travel"
eddce,Female,18,18-24,India,Johnsonside,"art, food"
eeb6b,Female,18,18-24,India,New Jennifer,"fitness, health"
f0870,Female,18,18-24,United Kingdom,Sarahchester,"fitness, food"
f311e,Female,18,18-24,Mexico,Lake Nancy,food
f7427,Female,18,18-24,India,Adamland,travel
f9131,Female,18,18-24,India,Justinshire,"lifestyle, art"
f9d7d,Female,18,18-24,Australia,Lake Richard,"art, technology"
fd88b,Female,18,18-24,Canada,Hensleyside,"art, fitness"
ff585,Female,18,18-24,Japan,West Deborah,"health, art"
4525,Female,21,18-24,Brazil,Jonesland,food
30404,Female,21,18-24,Mexico,Carlsonberg,"food, gaming"
62475,Female,21,18-24,United Kingdom,West Andre,"food, lifestyle, health"
67829,Female,21,18-24,Japan,Lake Anaville,food
84926,Female,21,18-24,Mexico,Samanthaton,"photography, news"
85379,Female,21,18-24,Germany,Rebeccachester,"art, technology"
92811,Female,21,18-24,United Kingdom,Jacksonview,"lifestyle, photography"
94345,Female,21,18-24,Canada,Michellehaven,finance
6.05E+05,Female,21,18-24,United Kingdom,Martinezborough,"finance, art"
4.69E+08,Female,21,18-24,Mexico,Leahfurt,"lifestyle, health, technology"
7.80E+50,Female,21,18-24,United Kingdom,Lisaburgh,"technology, fashion"
02aea,Female,21,18-24,Mexico,Samuelbury,"health, art, photography"
08b48,Female,21,18-24,Japan,Cortezville,news
0b729,Female,21,18-24,India,Marktown,"fitness, news"
0dc46,Female,21,18-24,Australia,Lewisside,"food, news"
0e96e,Female,21,18-24,India,Fordmouth,"finance, fashion, art"
149c6,Female,21,18-24,Canada,East Sydney,"fitness, photography, art"
14c62,Female,21,18-24,Germany,West Michael,"sports, art"
1b842,Female,21,18-24,Germany,South Jill,food
1c1b5,Female,21,18-24,Japan,Wilsonburgh,"lifestyle, fashion"
22cb8,Female,21,18-24,Germany,Meganhaven,"art, lifestyle, finance"
24b85,Female,21,18-24,Australia,Port Anthony,lifestyle
275d1,Female,21,18-24,Australia,Watsonfurt,"news, lifestyle"
30da4,Female,21,18-24,United Kingdom,Rileystad,"fitness, technology, sports"
3238b,Female,21,18-24,Australia,Brockport,"finance, sports, gaming"
334bc,Female,21,18-24,Mexico,New Vanessaport,"finance, sports, gaming"
356a5,Female,21,18-24,France,North Samuelmouth,"fitness, photography, travel"
3d169,Female,21,18-24,Japan,Lake Danielleburgh,fitness
3da64,Female,21,18-24,United Kingdom,Hollowayfurt,"gaming, fitness"
3dc1b,Female,21,18-24,India,Tanyaburgh,"travel, technology, news"
3f4d8,Female,21,18-24,Australia,Fordburgh,"health, news"
434ca,Female,21,18-24,Brazil,North Taylorshire,"sports, fashion, news"
4ba52,Female,21,18-24,United Kingdom,East Anna,"lifestyle, travel, food"
5cea5,Female,21,18-24,United Kingdom,South Ellen,"health, finance, news"
6821c,Female,21,18-24,Germany,Lake Victoriastad,"photography, food"
69c09,Female,21,18-24,Canada,East Amyshire,"health, news, finance"
6c642,Female,21,18-24,Germany,Debrabury,"technology, gaming"
6dffa,Female,21,18-24,Brazil,Lake Jessicaton,"sports, finance"
735df,Female,21,18-24,Brazil,East Laura,health
74bc1,Female,21,18-24,Mexico,Lake Danielleshire,sports
76a69,Female,21,18-24,United Kingdom,New Michelle,photography
80abb,Female,21,18-24,Brazil,North Alexis,"lifestyle, health, gaming"
8bc21,Female,21,18-24,India,West Hollyhaven,food
8d049,Female,21,18-24,Australia,Amyfurt,"technology, travel"
91a36,Female,21,18-24,France,Calvinshire,"gaming, travel"
931d7,Female,21,18-24,Canada,Port Matthewville,"photography, gaming"
95ad3,Female,21,18-24,Germany,Alexandermouth,health
96f6d,Female,21,18-24,Brazil,Michaelhaven,"health, food"
979db,Female,21,18-24,Brazil,New Jennifer,sports
9a539,Female,21,18-24,Germany,Johnburgh,art
9f0ed,Female,21,18-24,Australia,Aaronport,finance
a2524,Female,21,18-24,United Kingdom,Hallhaven,"fitness, fashion, technology"
a58c8,Female,21,18-24,Canada,Barrettland,"gaming, art, news"
a6dd4,Female,21,18-24,India,Normanfurt,"sports, finance"
a8062,Female,21,18-24,India,Lake Jacqueline,"sports, travel"
ac0d8,Female,21,18-24,Germany,Mcguirebury,"food, travel"
ac340,Female,21,18-24,Japan,North Jonathantown,"gaming, food, art"
af344,Female,21,18-24,Australia,Seanland,"photography, news, fitness"
b0739,Female,21,18-24,Germany,Michaelchester,"health, gaming"
b0f7e,Female,21,18-24,United Kingdom,Carrshire,"sports, finance, news"
b1909,Female,21,18-24,Australia,Josephfort,"photography, health"
b33c5,Female,21,18-24,United Kingdom,Tannermouth,"photography, fitness"
b49de,Female,21,18-24,Japan,Port Michael,lifestyle
b5e4c,Female,21,18-24,United Kingdom,Michaelhaven,"technology, fitness"
b9677,Female,21,18-24,Canada,South Robin,"fashion, gaming"
bb4f2,Female,21,18-24,Canada,Thomaston,"fashion, sports, food"
bc20d,Female,21,18-24,Japan,North Dawnmouth,"finance, fashion, sports"
bf5ba,Female,21,18-24,Japan,Tammymouth,"photography, gaming, lifestyle"
c0367,Female,21,18-24,Germany,New Dean,"fashion, news"
c22b3,Female,21,18-24,Australia,East Natasha,"lifestyle, food, fitness"
c31e6,Female,21,18-24,Brazil,Russellberg,"fashion, travel"
c7c00,Female,21,18-24,Germany,Chelseachester,"gaming, food"
cc07c,Female,21,18-24,Brazil,West Fredericktown,fashion
cc12d,Female,21,18-24,Australia,New Megantown,"art, lifestyle"
ce563,Female,21,18-24,United Kingdom,Derekstad,"technology, fashion"
d41eb,Female,21,18-24,United Kingdom,Nicholeport,"lifestyle, travel, food"
d4330,Female,21,18-24,Germany,West Mark,fitness
d433d,Female,21,18-24,India,Wardborough,travel
d441c,Female,21,18-24,Brazil,Douglasstad,"finance, lifestyle, gaming"
d67f8,Female,21,18-24,Germany,South Meganville,"food, technology, finance"
d84c0,Female,21,18-24,Canada,Jasontown,finance
d93bc,Female,21,18-24,India,New Scott,"technology, photography"
d9d10,Female,21,18-24,Mexico,Wrightville,"lifestyle, technology"
dc2f6,Female,21,18-24,Japan,North Matthewchester,"art, finance"
df123,Female,21,18-24,Canada,Kimberlymouth,"travel, sports, news"
e1921,Female,21,18-24,India,Lake Michelle,"finance, lifestyle, sports"
e888c,Female,21,18-24,Japan,Martinmouth,health
e920d,Female,21,18-24,Germany,East Kellyton,"travel, fashion"
eb708,Female,21,18-24,Germany,Riceside,gaming
f20a1,Female,21,18-24,Mexico,Perkinsville,gaming
f3b60,Female,21,18-24,Germany,Port Paul,food
f464f,Female,21,18-24,Germany,South Kathy,"technology, food"
f6b9a,Female,21,18-24,Canada,New Caroline,"sports, art, photography"
faf17,Female,21,18-24,Germany,South Timothybury,"lifestyle, fitness"
11492,Female,19,18-24,Brazil,Callahanside,"fitness, technology, fashion"
35912,Female,19,18-24,Australia,North Erichaven,art
42574,Female,19,18-24,Canada,West Julieton,gaming
47371,Female,19,18-24,United Kingdom,Careyfort,fitness
73061,Female,19,18-24,United Kingdom,Michelletown,"health, technology"
94239,Female,19,18-24,Canada,East Harry,technology
6.21E+10,Female,19,18-24,Germany,West Michaelbury,"gaming, food, fashion"
5.80E+53,Female,19,18-24,United Kingdom,Lake Jodi,gaming
0109a,Female,19,18-24,Canada,North Terri,"finance, art, photography"
02f27,Female,19,18-24,United Kingdom,Port Williammouth,"sports, fitness"
0301e,Female,19,18-24,Germany,Garciaburgh,"news, food, art"
031ba,Female,19,18-24,Japan,New Frederickfort,"technology, fashion"
04dce,Female,19,18-24,Brazil,Davidstad,"fitness, health, gaming"
0a508,Female,19,18-24,Germany,Gordonville,news
0ef32,Female,19,18-24,India,Lake Ryan,"art, travel"
1126f,Female,19,18-24,United Kingdom,New Madelineport,gaming
14cfd,Female,19,18-24,United Kingdom,Frazierville,fitness
1bd3c,Female,19,18-24,Canada,Cruzburgh,"fitness, sports"
1ffec,Female,19,18-24,France,Scottville,"lifestyle, finance"
2059c,Female,19,18-24,India,New Amber,"sports, finance"
23cbf,Female,19,18-24,India,Wilsonhaven,"travel, fashion, food"
28fd5,Female,19,18-24,United Kingdom,East Gloria,"art, photography, health"
2934f,Female,19,18-24,Germany,South Stacy,"fashion, health, sports"
2c634,Female,19,18-24,France,Lake Patricia,fashion
3161b,Female,19,18-24,United Kingdom,Lake Mary,"art, fitness"
31f81,Female,19,18-24,Japan,South Zachary,fashion
3cd91,Female,19,18-24,United Kingdom,Dawnmouth,"health, gaming, sports"
3e340,Female,19,18-24,Japan,Stephenland,"finance, news, food"
3fea3,Female,19,18-24,Germany,Faithberg,"finance, travel, fitness"
410a7,Female,19,18-24,United Kingdom,Christopherstad,"art, lifestyle, gaming"
4a264,Female,19,18-24,Australia,Bridgetville,"news, lifestyle, gaming"
4d198,Female,19,18-24,United Kingdom,East Zachary,fitness
512fb,Female,19,18-24,Canada,South Kevinbury,"finance, news, fitness"
513ef,Female,19,18-24,Germany,Ashleymouth,"art, photography"
564c5,Female,19,18-24,Canada,East Robertville,"sports, fitness, art"
6006d,Female,19,18-24,France,Port Sean,art
695cf,Female,19,18-24,Brazil,East Deborahville,photography
6b226,Female,19,18-24,United Kingdom,Port Brian,food
7581f,Female,19,18-24,Australia,Lynnside,photography
7be0a,Female,19,18-24,United Kingdom,Timothyberg,news
7c2c8,Female,19,18-24,Australia,Mendozaton,health
7c304,Female,19,18-24,Mexico,North Crystal,"art, fitness, news"
861f3,Female,19,18-24,United Kingdom,South Shawn,"travel, gaming"
8640a,Female,19,18-24,Australia,New Ronaldhaven,"fitness, technology, health"
87ba0,Female,19,18-24,Japan,Malloryshire,food
8b11f,Female,19,18-24,United Kingdom,Port Hannahberg,sports
8f307,Female,19,18-24,United Kingdom,North Gabriela,"technology, sports, food"
957de,Female,19,18-24,Canada,Edwardville,"fashion, fitness, travel"
967cf,Female,19,18-24,United Kingdom,Lake Kevinland,gaming
9aaf8,Female,19,18-24,Australia,East Ericborough,"technology, art"
9d271,Female,19,18-24,France,Jenniferland,"travel, finance, lifestyle"
9d4da,Female,19,18-24,United Kingdom,East Annaburgh,"travel, fitness"
a033a,Female,19,18-24,Canada,Port Laura,photography
a1301,Female,19,18-24,India,East Loristad,food
abde9,Female,19,18-24,Brazil,Port Erikshire,lifestyle
aeba4,Female,19,18-24,Japan,New Matthew,"photography, food"
b4e13,Female,19,18-24,Canada,Lake Seanstad,"fitness, gaming"
b55e5,Female,19,18-24,India,East John,finance
bb5a6,Female,19,18-24,Australia,North Kathleenmouth,"food, travel"
bb752,Female,19,18-24,India,North Sarah,"travel, sports"
bbed6,Female,19,18-24,Germany,Jamestown,lifestyle
bc5d7,Female,19,18-24,Germany,Justinbury,"lifestyle, travel, fashion"
be5ec,Female,19,18-24,India,East Gabrielberg,"travel, fitness, fashion"
c220b,Female,19,18-24,India,East Johnport,"health, fashion"
c4700,Female,19,18-24,Mexico,Josephhaven,photography
c598a,Female,19,18-24,Germany,Jasonton,"food, lifestyle, health"
ccc42,Female,19,18-24,Germany,Callahanland,"technology, travel, fitness"
cdefa,Female,19,18-24,Brazil,North Carolynland,"gaming, finance"
cf530,Female,19,18-24,Germany,South Cynthia,finance
d1461,Female,19,18-24,Germany,Dawnfurt,"photography, technology"
d2369,Female,19,18-24,France,Maureenburgh,food
d298a,Female,19,18-24,Mexico,Martinezchester,"art, fashion"
d3283,Female,19,18-24,Australia,Brittanychester,"technology, travel"
d5bbe,Female,19,18-24,Australia,New Amandaview,health
dc73b,Female,19,18-24,United Kingdom,Jonathanchester,"photography, lifestyle, health"
de2e6,Female,19,18-24,Canada,Ginamouth,"finance, lifestyle"
dfaa4,Female,19,18-24,Canada,Amberport,"fitness, food"
e6c46,Female,19,18-24,France,Fergusonmouth,"sports, gaming"
e78cf,Female,19,18-24,India,Bestburgh,health
eabd3,Female,19,18-24,United Kingdom,West Richard,"gaming, news"
eddd9,Female,19,18-24,Australia,Westborough,sports
eebc4,Female,19,18-24,United Kingdom,North Cassandra,"travel, gaming"
f0ca7,Female,19,18-24,Mexico,Timothychester,"lifestyle, art, health"
f1fc4,Female,19,18-24,United Kingdom,Patrickmouth,lifestyle
f207f,Female,19,18-24,United Kingdom,Cindyhaven,"photography, fashion, travel"
f58df,Female,19,18-24,Germany,Rojasburgh,"lifestyle, travel, news"
fa88c,Female,19,18-24,France,Maryshire,gaming
fb738,Female,19,18-24,Australia,Briggsport,sports
fc333,Female,19,18-24,India,West Dominique,technology
7232,Other,22,18-24,Canada,Lake Kevin,"health, sports"
9553,Other,24,18-24,Canada,West Zachary,"sports, fashion"
9.56E+03,Other,20,18-24,United Kingdom,East Wendyview,"food, gaming"
10619,Other,18,18-24,United Kingdom,Michellestad,food
10981,Other,23,18-24,United Kingdom,Bowenhaven,"fitness, gaming"
15043,Other,18,18-24,United Kingdom,New Elizabethview,technology
18238,Other,21,18-24,India,Colemanport,"health, gaming, news"
18872,Other,24,18-24,Germany,Nelsonville,"fitness, lifestyle, fashion"
32497,Other,20,18-24,Germany,Port Christine,"food, news, technology"
32789,Other,23,18-24,Brazil,Linberg,"lifestyle, travel, gaming"
33632,Other,21,18-24,Germany,Howardport,"fashion, fitness, sports"
43891,Other,20,18-24,Brazil,Jenniferchester,"fashion, health"
68794,Other,21,18-24,Brazil,Lake Jose,fitness
72304,Other,21,18-24,India,South Ryanmouth,"photography, sports"
79542,Other,20,18-24,India,Romerohaven,"art, health"
88817,Other,19,18-24,Germany,Pattontown,"news, sports, lifestyle"
91939,Other,21,18-24,Canada,East Courtney,sports
94160,Other,24,18-24,France,New Melissafurt,"news, photography, gaming"
1.87E+07,Other,21,18-24,United Kingdom,Kristinaville,health
6.56E+09,Other,18,18-24,Australia,Lewischester,"travel, photography, news"
8.60E+09,Other,20,18-24,Germany,North Davidton,lifestyle
4.00E+12,Other,20,18-24,Germany,Martinshire,"food, news"
3.60E+18,Other,21,18-24,France,Masonmouth,"gaming, sports, lifestyle"
9.90E+33,Other,22,18-24,United Kingdom,Carlosburgh,"news, health"
5.10E+91,Other,21,18-24,Mexico,Lake Heathermouth,"fashion, photography"
009f1,Other,23,18-24,Japan,Lake Gregorybury,"finance, photography"
00e2d,Other,20,18-24,Brazil,Josephmouth,"travel, news"
018d2,Other,20,18-24,Germany,Christopherburgh,"fitness, news"
019fd,Other,18,18-24,Brazil,North Judith,"gaming, finance"
02d20,Other,19,18-24,Canada,Josephland,"lifestyle, art"
05dcc,Other,22,18-24,India,Alvaradoport,"fashion, news, health"
0748b,Other,20,18-24,Japan,Leeberg,"technology, sports, health"
0748e,Other,24,18-24,United Kingdom,East Dana,sports
0976c,Other,21,18-24,Germany,South William,"travel, fashion"
09d41,Other,23,18-24,India,North Dana,"finance, sports"
0ad1a,Other,20,18-24,Canada,South Dustin,"fitness, technology, sports"
0c3ea,Other,20,18-24,Germany,West Paige,news
0d2a8,Other,20,18-24,Japan,South Heather,photography
0dac5,Other,22,18-24,Japan,Geoffreychester,fitness
0e346,Other,19,18-24,India,North Christina,gaming
0fce2,Other,18,18-24,Japan,East Laurenburgh,"news, health"
11fa4,Other,20,18-24,France,Port Dianebury,"food, fashion"
14b32,Other,23,18-24,United Kingdom,South Sergio,lifestyle
14ebe,Other,19,18-24,Mexico,North Davidview,technology
14f3c,Other,22,18-24,Canada,North Susanton,finance
16a68,Other,19,18-24,United Kingdom,West Samantha,"finance, fashion"
16b66,Other,22,18-24,India,Lake Corychester,"finance, photography"
16e7c,Other,18,18-24,Japan,Coleport,"sports, travel, fashion"
193ff,Other,18,18-24,Australia,Port Ryan,"fashion, finance"
19fd5,Other,24,18-24,Canada,Port Nancyfort,technology
1d348,Other,20,18-24,India,North Christopherview,"lifestyle, sports"
1e969,Other,23,18-24,Australia,Lake Tiffany,"technology, fashion, gaming"
228d7,Other,20,18-24,United Kingdom,Petersonland,"finance, sports, photography"
2693c,Other,21,18-24,Germany,Lindseyside,"fitness, photography"
2a06d,Other,20,18-24,India,Rosetown,art
2bb4e,Other,21,18-24,Mexico,Kathymouth,art
2c654,Other,18,18-24,Canada,West Courtneytown,art
2c910,Other,23,18-24,India,New Dylanburgh,"news, art, sports"
2e16d,Other,22,18-24,United Kingdom,Beverlybury,sports
2f5b2,Other,23,18-24,Australia,Jillmouth,health
3264d,Other,22,18-24,United Kingdom,South Craigchester,fashion
3451c,Other,24,18-24,Canada,West James,"lifestyle, photography, travel"
348a2,Other,20,18-24,Australia,Garrettborough,fitness
36ee7,Other,20,18-24,Canada,East Alexandria,photography
37f3b,Other,20,18-24,Germany,South Nicoleville,"health, technology"
386ed,Other,23,18-24,Canada,Frederickchester,technology
3984d,Other,22,18-24,India,Port Jamieborough,"health, fashion, gaming"
3a832,Other,23,18-24,Mexico,New Darleneshire,"fitness, technology, lifestyle"
3d974,Other,23,18-24,Australia,Brandystad,"sports, travel"
3e8e6,Other,22,18-24,Australia,West Jonathan,art
3ea33,Other,24,18-24,Canada,New Michelleshire,"finance, photography, art"
3f242,Other,22,18-24,France,Thompsonmouth,"health, food, fashion"
407a6,Other,21,18-24,United Kingdom,West Jacob,"finance, health, fitness"
445eb,Other,21,18-24,Australia,Smithmouth,"technology, art, gaming"
450c0,Other,20,18-24,Japan,East Shirley,sports
453ce,Other,20,18-24,United Kingdom,Hahnshire,"photography, news"
45a10,Other,19,18-24,Australia,Daughertyshire,photography
460f8,Other,22,18-24,United Kingdom,Mullinshaven,"lifestyle, gaming"
46f1a,Other,18,18-24,Mexico,New Davidport,photography
4781e,Other,23,18-24,Germany,Nathanielfort,"art, travel"
4bab7,Other,18,18-24,Australia,Christopherland,"news, lifestyle"
4d51a,Other,23,18-24,United Kingdom,East Jeffery,technology
4e2b7,Other,24,18-24,Germany,Charlesland,finance
4ee6d,Other,19,18-24,Japan,East Tina,"technology, health, art"
4f12b,Other,23,18-24,Brazil,South Tonya,"travel, photography, technology"
4ffbb,Other,23,18-24,United Kingdom,Kleinfurt,"news, health"
524da,Other,20,18-24,United Kingdom,New Williamville,"photography, finance"
56ab5,Other,20,18-24,United Kingdom,Deniseland,"finance, food"
598bc,Other,24,18-24,Mexico,North Leslieside,"art, sports"
59a58,Other,24,18-24,Brazil,Brookshaven,art
5a352,Other,24,18-24,Brazil,Norrisview,"health, food"
5ae56,Other,18,18-24,United Kingdom,New Katrina,food
5b77e,Other,22,18-24,India,Danielland,"news, health"
5bd71,Other,22,18-24,Australia,Jenniferland,"news, lifestyle, fitness"
5bf8c,Other,20,18-24,India,New Sandraberg,"food, finance, sports"
5d3e3,Other,18,18-24,Australia,Charlesport,photography
5e4db,Other,22,18-24,United Kingdom,Andersonbury,health
5ecac,Other,21,18-24,Mexico,Jacquelinemouth,sports
5f35b,Other,20,18-24,Australia,North Sarah,"news, lifestyle"
5ff6e,Other,23,18-24,Canada,Kennethmouth,"fashion, gaming"
62b3e,Other,24,18-24,United Kingdom,West Kenneth,lifestyle
6d317,Other,18,18-24,United Kingdom,Port Elizabethview,"technology, finance"
6ef4f,Other,22,18-24,India,South Christina,finance
6f62a,Other,22,18-24,Australia,New Ryan,fitness
7276f,Other,24,18-24,Germany,Jeffport,"gaming, fitness"
72dc5,Other,23,18-24,Japan,Jacksonland,"finance, fitness, fashion"
7419e,Other,22,18-24,United Kingdom,Turnerhaven,lifestyle
75b51,Other,23,18-24,United Kingdom,Heatherview,"gaming, food, technology"
7b38a,Other,18,18-24,Mexico,South Larrymouth,"health, technology"
7c241,Other,23,18-24,United Kingdom,Juliaberg,"sports, photography"
7cf72,Other,20,18-24,India,West Mikebury,"sports, fashion"
7d244,Other,23,18-24,Brazil,North Jonathanmouth,travel
7e3df,Other,22,18-24,Japan,Jackiestad,fashion
808ae,Other,23,18-24,United Kingdom,Lake Roberthaven,"fashion, travel, technology"
8427b,Other,24,18-24,United Kingdom,New Martinbury,"art, health"
873ff,Other,21,18-24,Canada,Susanton,"technology, photography"
892c5,Other,20,18-24,Mexico,Taylorport,finance
8c65d,Other,20,18-24,Germany,East Paulside,"food, fashion, technology"
8da3e,Other,22,18-24,Canada,Lake Stephen,"fitness, gaming, news"
9244c,Other,24,18-24,Australia,Robertsmouth,news
9389b,Other,20,18-24,Brazil,East Judy,"finance, health"
93d4a,Other,18,18-24,United Kingdom,North Jasonland,"finance, art"
94bf9,Other,20,18-24,Mexico,Hobbston,"health, technology, gaming"
957b0,Other,24,18-24,Australia,Ronaldville,"fitness, gaming"
96e8c,Other,21,18-24,India,Garyside,gaming
98fdd,Other,19,18-24,Brazil,Fischerbury,"lifestyle, technology, gaming"
9c339,Other,23,18-24,Mexico,Moorebury,fitness
9e5c4,Other,18,18-24,Germany,North Jessicafort,"travel, finance"
a24a3,Other,24,18-24,Brazil,Parkertown,travel
a555a,Other,22,18-24,India,New Vanessashire,"fitness, gaming"
a7413,Other,23,18-24,United Kingdom,New Jasonmouth,"travel, art, health"
a95f1,Other,22,18-24,India,Richardberg,"technology, lifestyle"
ab98f,Other,22,18-24,India,Port Sharon,technology
ade29,Other,22,18-24,India,Ortizland,"lifestyle, news, fitness"
ae69e,Other,22,18-24,Japan,Cochranmouth,"fitness, lifestyle"
af109,Other,22,18-24,India,Justinton,"fashion, food, health"
aff4b,Other,23,18-24,Australia,West Richard,"photography, sports, technology"
b1779,Other,21,18-24,France,Leonardmouth,"sports, finance, fitness"
b27f4,Other,19,18-24,Germany,Michellebury,"photography, sports"
b3473,Other,22,18-24,Japan,Ramirezstad,"travel, food"
b4c68,Other,18,18-24,United Kingdom,Fergusonborough,"news, lifestyle, art"
b6548,Other,23,18-24,Mexico,North Katieview,"art, fashion, health"
b9763,Other,20,18-24,Canada,Williammouth,"art, photography"
b99ee,Other,21,18-24,Japan,Vangville,"travel, finance, news"
bc470,Other,19,18-24,United Kingdom,New Fredbury,fashion
bcba6,Other,18,18-24,Germany,West Melissastad,"fitness, finance, food"
bdc70,Other,20,18-24,Canada,Charlesburgh,"health, photography, art"
be218,Other,23,18-24,Australia,Port Janice,"fitness, travel"
c14ee,Other,18,18-24,United Kingdom,Bradleyside,"finance, health, photography"
c6b11,Other,24,18-24,Australia,Thomasside,"technology, health"
ce03f,Other,20,18-24,Canada,North Tinaport,"sports, lifestyle, technology"
cf2c7,Other,22,18-24,India,Port Alexandrialand,photography
cf7d7,Other,24,18-24,Germany,Lake Laurashire,"art, lifestyle"
cfae9,Other,21,18-24,Germany,Jefferyfurt,"sports, food, art"
d2126,Other,18,18-24,Canada,North Cynthia,"food, photography, finance"
d25fb,Other,20,18-24,United Kingdom,Lake Jessica,fitness
d429a,Other,22,18-24,Australia,Kellyville,"fitness, photography, technology"
d5222,Other,19,18-24,Canada,West Cindy,"sports, health, finance"
d528a,Other,22,18-24,India,Port Melissa,"travel, fitness, art"
d56c2,Other,21,18-24,Brazil,Lake Edward,"fashion, art, gaming"
d5937,Other,23,18-24,France,Suttonmouth,"sports, photography"
d687a,Other,21,18-24,Japan,West Savannahland,"photography, travel, health"
d71f5,Other,21,18-24,Germany,East Cynthia,"lifestyle, sports, technology"
d7438,Other,22,18-24,France,Taylorfort,"fashion, finance, art"
d7f33,Other,22,18-24,France,North Kimberlymouth,health
db846,Other,20,18-24,India,Port Mitchell,finance
dc29b,Other,23,18-24,Australia,Lake Davidchester,"fitness, sports, fashion"
dc6f5,Other,21,18-24,United Kingdom,Sullivanchester,food
dd99c,Other,20,18-24,Canada,Chrismouth,travel
de6bf,Other,22,18-24,Japan,Thomasside,travel
e00f7,Other,24,18-24,Canada,New Kathrynview,"health, news, fashion"
e1127,Other,23,18-24,Canada,Lake Matthewville,"art, news"
e2cb3,Other,21,18-24,Australia,Melissafort,art
e37ba,Other,23,18-24,United Kingdom,East Adam,"lifestyle, news, art"
e3e03,Other,21,18-24,Australia,West Bradland,"travel, lifestyle"
e3f21,Other,23,18-24,Australia,Millermouth,"food, technology, finance"
e5691,Other,23,18-24,Canada,Williamsburgh,"travel, fitness"
e6b44,Other,21,18-24,Brazil,Salazarshire,food
e8553,Other,23,18-24,Germany,Dorseyview,lifestyle
e8987,Other,22,18-24,Australia,Brandonview,"sports, photography"
ea057,Other,21,18-24,United Kingdom,Lake Amberton,"health, gaming, photography"
eaaa7,Other,23,18-24,Germany,Port Chelsea,"gaming, health"
eb61f,Other,18,18-24,India,North Jacob,"health, finance, news"
ee5a1,Other,22,18-24,Canada,East Joshua,"sports, health"
f01cd,Other,21,18-24,United Kingdom,Johnsonland,fashion
f16f9,Other,19,18-24,France,South Christopherside,"gaming, food"
f2fa7,Other,19,18-24,United Kingdom,Vaughntown,"art, technology, finance"
f4544,Other,23,18-24,Mexico,South Heathermouth,lifestyle
f51d6,Other,23,18-24,Mexico,North Kimberly,technology
f8218,Other,24,18-24,United Kingdom,West Laura,photography
fc139,Other,20,18-24,United Kingdom,West Tracyville,"art, photography, news"
fc1f8,Other,19,18-24,United Kingdom,Jacksonbury,"food, gaming, lifestyle"
feda5,Other,18,18-24,France,East Stephanie,"finance, food, fitness"
3.55E+03,Other,23,18-24,United States,Middletonfort,health
4784,Other,19,18-24,United States,New Alicia,technology
8476,Other,19,18-24,United States,Port Ericaport,"lifestyle, finance, fitness"
29563,Other,18,18-24,United States,West Loriview,finance
55275,Other,18,18-24,United States,Danielleside,finance
63518,Other,20,18-24,United States,Michaeltown,"finance, travel"
69509,Other,20,18-24,United States,East Sandramouth,fitness
82739,Other,23,18-24,United States,Molinaview,"lifestyle, fashion, sports"
061c2,Other,24,18-24,United States,East Paula,"news, food"
0a65c,Other,24,18-24,United States,Kathrynland,fashion
0f61f,Other,20,18-24,United States,Nicholashaven,"fitness, gaming, photography"
0f6a4,Other,21,18-24,United States,Summerview,gaming
101f3,Other,22,18-24,United States,North Linda,"technology, travel"
128bc,Other,24,18-24,United States,Patriciaburgh,"gaming, fitness, art"
12a74,Other,24,18-24,United States,East Joseph,"technology, food"
1c834,Other,20,18-24,United States,Sharonberg,"fitness, news, fashion"
2653f,Other,22,18-24,United States,North Jamesburgh,"news, art"
26b02,Other,24,18-24,United States,Kennedyview,"food, lifestyle, finance"
298ee,Other,24,18-24,United States,Lake Nancyfurt,"fashion, photography"
2dfe8,Other,20,18-24,United States,Port Danielside,"food, news, travel"
2f6a0,Other,24,18-24,United States,North Stanley,news
31dbe,Other,21,18-24,United States,Johnfurt,"photography, travel, health"
31f26,Other,23,18-24,United States,Ralphport,"fitness, gaming"
3263b,Other,22,18-24,United States,East Anthony,"news, food"
41a2e,Other,21,18-24,United States,Lake Michaelberg,"gaming, photography"
479d6,Other,23,18-24,United States,Lauratown,"sports, fitness, art"
4b310,Other,20,18-24,United States,Cohentown,"gaming, news, food"
4c915,Other,23,18-24,United States,South Debra,"news, gaming, technology"
4d28b,Other,23,18-24,United States,Port Sarah,"sports, news"
4dd64,Other,23,18-24,United States,Clarkberg,"food, photography, technology"
4e38f,Other,23,18-24,United States,Port Micheleberg,"fitness, fashion, art"
4ff39,Other,19,18-24,United States,West Ashley,art
5520d,Other,22,18-24,United States,North Jamesside,photography
55a93,Other,22,18-24,United States,Thomasberg,fashion
5771a,Other,24,18-24,United States,Port Katrina,lifestyle
586a0,Other,21,18-24,United States,Millermouth,"food, fashion"
5c8c0,Other,23,18-24,United States,North Michael,gaming
5ed84,Other,20,18-24,United States,East Robert,"food, fashion"
5f570,Other,22,18-24,United States,Lauriefort,"lifestyle, technology"
66d2f,Other,24,18-24,United States,Briannaport,food
68fe2,Other,22,18-24,United States,Lake Joshua,"fashion, news"
6cebb,Other,21,18-24,United States,Brooksmouth,"food, fitness, finance"
6d35e,Other,23,18-24,United States,New John,food
6fb35,Other,24,18-24,United States,Lake Julialand,"sports, fitness, technology"
70d14,Other,19,18-24,United States,New Michaelchester,sports
75c80,Other,18,18-24,United States,Port Brian,gaming
769de,Other,24,18-24,United States,East Meganberg,technology
7ad6a,Other,20,18-24,United States,Chasetown,"finance, fitness, fashion"
80df8,Other,18,18-24,United States,Port Johnmouth,"finance, fashion, health"
83de9,Other,22,18-24,United States,East Daniel,"fitness, travel, sports"
8d775,Other,21,18-24,United States,North Stephanieshire,"technology, news"
92b55,Other,21,18-24,United States,Lopeztown,"lifestyle, news, travel"
95b2b,Other,22,18-24,United States,West Trevor,"fashion, lifestyle"
98bcc,Other,20,18-24,United States,Ryanborough,travel
99fd4,Other,23,18-24,United States,New Heatherville,"news, fitness"
9b34d,Other,23,18-24,United States,Port Candiceborough,"technology, sports"
9b44a,Other,18,18-24,United States,Peterstad,"gaming, finance, fitness"
9fe19,Other,23,18-24,United States,Port Michaelashire,"health, gaming, news"
a1567,Other,23,18-24,United States,West Ryanport,fashion
a1572,Other,18,18-24,United States,North Courtney,"art, gaming"
a9490,Other,21,18-24,United States,North Brianmouth,gaming
ab911,Other,20,18-24,United States,East Jason,gaming
ad9f1,Other,20,18-24,United States,Watsonland,"art, health"
adda7,Other,21,18-24,United States,North Justin,"technology, fashion"
af74b,Other,24,18-24,United States,Port Tyler,"fitness, lifestyle"
b34cd,Other,20,18-24,United States,Laneberg,"art, news"
b3c6d,Other,18,18-24,United States,Williamsbury,food
b3da2,Other,21,18-24,United States,Davidside,"health, travel, fitness"
b6da1,Other,22,18-24,United States,West Courtneymouth,"travel, photography, art"
b817e,Other,18,18-24,United States,Nicholashaven,"lifestyle, art"
b98d1,Other,18,18-24,United States,West Crystal,"news, sports"
ba26d,Other,24,18-24,United States,Mannmouth,travel
ba3a8,Other,24,18-24,United States,Waynetown,art
ba61b,Other,24,18-24,United States,Woodston,news
ba71e,Other,23,18-24,United States,Port Daniel,photography
bd84c,Other,22,18-24,United States,South Sandra,news
c24ad,Other,20,18-24,United States,Port Stevenland,"gaming, sports, photography"
c5418,Other,20,18-24,United States,South Joseph,gaming
cddb6,Other,24,18-24,United States,South Brandiborough,"lifestyle, travel"
d4aee,Other,20,18-24,United States,Melissamouth,"sports, food"
d5504,Other,23,18-24,United States,East Andreaburgh,"travel, photography, health"
d99d2,Other,24,18-24,United States,East Amandahaven,lifestyle
db8d6,Other,24,18-24,United States,Waltersfurt,"lifestyle, finance, art"
de13a,Other,18,18-24,United States,Johnberg,"health, art, photography"
df2d7,Other,22,18-24,United States,South Josefort,"news, technology, lifestyle"
e2e70,Other,19,18-24,United States,East Anthony,"lifestyle, fashion, news"
e3711,Other,21,18-24,United States,Bruceton,"sports, health, fitness"
e4c8c,Other,21,18-24,United States,West Morgan,fitness
e4c98,Other,22,18-24,United States,Weberchester,"news, lifestyle"
e539e,Other,21,18-24,United States,West Allison,health
e6ec1,Other,20,18-24,United States,New Carol,"lifestyle, food"
e8885,Other,23,18-24,United States,Lake Aprilville,"lifestyle, news, technology"
eab71,Other,22,18-24,United States,Port Amberstad,"lifestyle, photography"
ec8d3,Other,24,18-24,United States,Lake Adam,"technology, fashion, lifestyle"
edfbd,Other,18,18-24,United States,Jessicafurt,health
ee8c7,Other,23,18-24,United States,Heathhaven,"gaming, sports, lifestyle"
ef17e,Other,23,18-24,United States,Leemouth,fashion
f4e8b,Other,23,18-24,United States,East Patrickland,"fitness, finance, health"
f8db9,Other,22,18-24,United States,Johnnyport,"fitness, finance, art"
fb585,Other,24,18-24,United States,Michelleburgh,"fitness, gaming"
fd591,Other,20,18-24,United States,Garciaton,"sports, finance, travel"
fdd2e,Other,23,18-24,United States,Perezside,"health, news, finance"
ffad8,Other,20,18-24,United States,Tanyafurt,sports
468,Female,19,18-24,United States,Mccormicktown,finance
21060,Female,24,18-24,United States,South Karenhaven,"fashion, fitness"
23545,Female,22,18-24,United States,West Brianhaven,"lifestyle, technology, fashion"
23750,Female,21,18-24,United States,Johnsonberg,"technology, news"
24283,Female,21,18-24,United States,Hancockfurt,"art, travel, fitness"
25085,Female,19,18-24,United States,Whitakerborough,"travel, fashion"
27306,Female,24,18-24,United States,Lisahaven,travel
31401,Female,24,18-24,United States,South Annaside,travel
31790,Female,24,18-24,United States,West Williamfurt,lifestyle
34294,Female,19,18-24,United States,Jeffersonland,food
34619,Female,19,18-24,United States,Port Carla,"health, finance"
36455,Female,20,18-24,United States,Port Michael,"fitness, travel"
41353,Female,22,18-24,United States,East Brooketown,"art, travel, fitness"
42405,Female,23,18-24,United States,East Christinaberg,lifestyle
44433,Female,24,18-24,United States,West Brandonhaven,"fashion, gaming"
51267,Female,18,18-24,United States,Kimfort,art
57130,Female,19,18-24,United States,Aprilville,"sports, fitness, fashion"
58211,Female,22,18-24,United States,Davidshire,"art, travel, gaming"
58532,Female,23,18-24,United States,Larrymouth,"fashion, gaming"
59424,Female,24,18-24,United States,Darrellfort,"finance, travel"
61576,Female,21,18-24,United States,South James,"fitness, fashion, gaming"
72648,Female,19,18-24,United States,Johnsonbury,"fitness, technology, sports"
77573,Female,23,18-24,United States,Ariasside,"fitness, fashion"
78970,Female,18,18-24,United States,Gonzalezberg,"gaming, travel, fashion"
81842,Female,20,18-24,United States,Michaelfort,finance
82351,Female,23,18-24,United States,Nelsonton,art
84917,Female,18,18-24,United States,Kristinchester,art
87288,Female,19,18-24,United States,Garciaberg,"news, food"
87514,Female,18,18-24,United States,Port Sandra,"gaming, health"
90005,Female,21,18-24,United States,Brendanville,"travel, finance"
91244,Female,18,18-24,United States,Cruzside,"fashion, sports, technology"
91708,Female,22,18-24,United States,South Paula,photography
4.75E+08,Female,22,18-24,United States,Sueton,"art, gaming"
9.79E+09,Female,21,18-24,United States,South Melissa,"lifestyle, fitness"
2.30E+32,Female,22,18-24,United States,West Michaelton,"fitness, photography"
2.30E+82,Female,18,18-24,United States,Lake Michelle,art
1.60E+99,Female,21,18-24,United States,Anthonychester,"travel, health"
006b2,Female,21,18-24,United States,Watsonstad,news
00bbf,Female,22,18-24,United States,South Jennifer,"food, fashion, sports"
00cf9,Female,21,18-24,United States,Lake Garrettview,"finance, fitness"
03fcb,Female,23,18-24,United States,Staceystad,fitness
04d60,Female,24,18-24,United States,Jasonshire,"news, photography"
065ae,Female,23,18-24,United States,Goodwinton,"art, sports, finance"
07fd3,Female,23,18-24,United States,Kristinashire,"fashion, fitness"
086fc,Female,22,18-24,United States,New Diane,food
089f6,Female,24,18-24,United States,Dennisside,lifestyle
0954c,Female,20,18-24,United States,Harmonside,fitness
0a6a1,Female,21,18-24,United States,West Carriefurt,gaming
0a8dc,Female,18,18-24,United States,South Samuelside,fitness
0b17d,Female,24,18-24,United States,Wrightmouth,"photography, finance"
0b999,Female,23,18-24,United States,Murphyton,"news, photography"
0ca0c,Female,19,18-24,United States,Laurenborough,"health, gaming, sports"
0ce30,Female,22,18-24,United States,Reidbury,lifestyle
0ecf6,Female,19,18-24,United States,Ronaldchester,"lifestyle, photography"
0edd6,Female,24,18-24,United States,East Melissa,sports
0f0e7,Female,19,18-24,United States,Kennethtown,"photography, finance"
0f872,Female,19,18-24,United States,West Sara,"lifestyle, fitness"
121ce,Female,19,18-24,United States,North Mark,travel
1285b,Female,18,18-24,United States,Bryanside,"food, sports, photography"
12baf,Female,23,18-24,United States,South Andrewside,gaming
139cf,Female,23,18-24,United States,New Jonathanhaven,travel
16ab6,Female,23,18-24,United States,Codyside,fitness
179f8,Female,19,18-24,United States,South Stephaniebury,"lifestyle, finance, technology"
17b51,Female,22,18-24,United States,Jessicaside,"gaming, finance"
17f16,Female,20,18-24,United States,Nelsonshire,news
186da,Female,21,18-24,United States,Henryside,"fitness, photography, lifestyle"
195d1,Female,23,18-24,United States,North Elizabeth,art
19cc6,Female,22,18-24,United States,Saramouth,news
1a9aa,Female,23,18-24,United States,Port Monica,food
1b08d,Female,24,18-24,United States,Port Donna,"sports, photography"
1b6c0,Female,23,18-24,United States,Jeffreyport,"art, gaming, news"
1b718,Female,18,18-24,United States,Lake Kennethstad,food
1ce10,Female,22,18-24,United States,Jonesburgh,"lifestyle, fitness"
1e544,Female,21,18-24,United States,Josephborough,photography
1e7fc,Female,21,18-24,United States,Richardtown,"health, fitness, finance"
1fae5,Female,22,18-24,United States,Joneshaven,lifestyle
20bc2,Female,22,18-24,United States,West Marcmouth,"finance, travel, sports"
2138d,Female,21,18-24,United States,Dunnberg,"finance, art, technology"
21ea1,Female,19,18-24,United States,South Nicholasfurt,gaming
2359b,Female,24,18-24,United States,West Shawna,"gaming, food"
2519b,Female,18,18-24,United States,Kimberlyland,"photography, sports"
2596c,Female,19,18-24,United States,West Brianberg,"gaming, lifestyle, technology"
25d87,Female,21,18-24,United States,South Amanda,travel
262f0,Female,22,18-24,United States,Chasebury,"news, sports, food"
2c1b7,Female,20,18-24,United States,Marktown,"news, food"
2c2cc,Female,19,18-24,United States,Rhondaland,fitness
2f716,Female,21,18-24,United States,Lake Jonathan,lifestyle
2f822,Female,21,18-24,United States,Knoxmouth,gaming
306a8,Female,20,18-24,United States,Cookside,"technology, art"
3220d,Female,22,18-24,United States,Port Tracy,"finance, art, technology"
36b8f,Female,20,18-24,United States,East Jaredshire,"lifestyle, sports"
374a2,Female,23,18-24,United States,Joshuabury,"sports, news, art"
380ff,Female,23,18-24,United States,Lewisstad,"fitness, sports, travel"
381fc,Female,24,18-24,United States,East Brad,"fashion, news"
38cea,Female,23,18-24,United States,South Aaron,technology
38d40,Female,23,18-24,United States,East Laurahaven,"finance, lifestyle, sports"
39b61,Female,20,18-24,United States,Sextonton,health
3ca3e,Female,20,18-24,United States,Arroyoshire,"travel, lifestyle, food"
3d440,Female,18,18-24,United States,Lake Angelaland,"food, art"
3ea84,Female,20,18-24,United States,East Angelmouth,"health, photography"
3ec00,Female,22,18-24,United States,North Michael,fashion
3f64e,Female,21,18-24,United States,New Carolynton,"fashion, fitness"
401d8,Female,18,18-24,United States,Russellview,"art, travel, lifestyle"
402f0,Female,24,18-24,United States,Martinezview,"sports, health"
423b3,Female,23,18-24,United States,Lawrencebury,"fashion, technology"
4505c,Female,22,18-24,United States,New Jessica,"finance, news"
462dc,Female,24,18-24,United States,Davidsonville,art
4a6fc,Female,23,18-24,United States,South Vickie,technology
4ac00,Female,19,18-24,United States,Kevinfort,"fashion, food"
4c264,Female,21,18-24,United States,New Elizabethchester,sports
4d3da,Female,20,18-24,United States,North Alexistown,"health, art"
4d426,Female,24,18-24,United States,Lake Jamieburgh,"art, lifestyle"
4dd65,Female,23,18-24,United States,Deannaside,"art, sports, travel"
4e7cf,Female,18,18-24,United States,Davisburgh,gaming
4f051,Female,20,18-24,United States,Mcdanielhaven,photography
4f164,Female,18,18-24,United States,Port Suzannemouth,food
521ca,Female,19,18-24,United States,Jonathantown,"art, food, news"
533c4,Female,22,18-24,United States,West Wendyborough,"fashion, photography"
54d35,Female,18,18-24,United States,Medinaport,"gaming, lifestyle"
55fc9,Female,23,18-24,United States,Coxburgh,"fashion, photography, art"
5bc4f,Female,24,18-24,United States,New Douglas,"food, fitness, lifestyle"
5e2c3,Female,19,18-24,United States,Port Jackborough,travel
5e552,Female,21,18-24,United States,East George,"travel, lifestyle, finance"
5e891,Female,24,18-24,United States,West Michael,"lifestyle, technology, travel"
5ed5c,Female,21,18-24,United States,Harrisontown,"photography, gaming, health"
60b0c,Female,18,18-24,United States,Lawrencefurt,"finance, travel, art"
6295a,Female,23,18-24,United States,Donnaside,"fitness, finance, news"
629d7,Female,22,18-24,United States,Michaelfort,"fashion, gaming"
633c9,Female,24,18-24,United States,East Jeffrey,"gaming, lifestyle, travel"
63bcb,Female,21,18-24,United States,Coffeyport,"travel, gaming, fashion"
6874a,Female,18,18-24,United States,Port Paula,gaming
6885d,Female,19,18-24,United States,Port Evan,fashion
68c21,Female,23,18-24,United States,East Johnborough,"fashion, photography, sports"
69cd4,Female,18,18-24,United States,New Zacharyville,"news, fashion, gaming"
6a4fe,Female,23,18-24,United States,Saraside,"art, lifestyle, fashion"
6a960,Female,23,18-24,United States,East Wanda,"fashion, gaming"
6bb90,Female,24,18-24,United States,Kristintown,art
6c192,Female,23,18-24,United States,East Tamaraland,"gaming, technology, health"
6c958,Female,18,18-24,United States,Staffordburgh,photography
6c959,Female,22,18-24,United States,North Anna,food
6cc29,Female,23,18-24,United States,West Madeline,"technology, art"
6d38c,Female,20,18-24,United States,Holderhaven,"finance, sports"
6dc32,Female,22,18-24,United States,South Douglas,"sports, finance, health"
6e424,Female,24,18-24,United States,Lake Debra,"travel, art, food"
6ebc5,Female,18,18-24,United States,Rushstad,"fitness, travel, sports"
6f767,Female,24,18-24,United States,East Vincent,art
6f97a,Female,19,18-24,United States,Lake Jenniferside,"fashion, finance, news"
712fc,Female,22,18-24,United States,South Adrianton,gaming
71d0e,Female,23,18-24,United States,Hernandezborough,"lifestyle, finance"
74d94,Female,18,18-24,United States,Lake Stacey,"fashion, gaming"
79b54,Female,20,18-24,United States,Williamland,"health, food"
7a9a1,Female,18,18-24,United States,Perezfurt,"travel, food"
7b07a,Female,21,18-24,United States,Port Dorothybury,food
7bc26,Female,21,18-24,United States,Taylorview,"travel, photography"
7c2c4,Female,20,18-24,United States,Smithfurt,"news, art"
7d37a,Female,19,18-24,United States,West Stephanieland,"fashion, technology, gaming"
7dd54,Female,24,18-24,United States,New Susan,"finance, sports, technology"
7ef92,Female,21,18-24,United States,Robinsonville,sports
7f4dc,Female,19,18-24,United States,Paigeside,"finance, photography"
7fd01,Female,21,18-24,United States,Chapmantown,"sports, travel, health"
7ff44,Female,20,18-24,United States,Robertsonhaven,"fitness, health"
809ab,Female,24,18-24,United States,Richfort,"food, photography"
819be,Female,21,18-24,United States,Harrisonshire,"travel, lifestyle"
832c2,Female,23,18-24,United States,Lisaview,"travel, food, photography"
84dcf,Female,22,18-24,United States,Pricefort,art
85b16,Female,18,18-24,United States,Katherineborough,"sports, art, health"
867b1,Female,19,18-24,United States,Chasefurt,news
8698b,Female,19,18-24,United States,Juliehaven,"sports, photography, technology"
871cf,Female,21,18-24,United States,Kennethmouth,"gaming, finance, photography"
873cf,Female,18,18-24,United States,Michellechester,"fitness, lifestyle"
8840e,Female,21,18-24,United States,Lake Thomas,"travel, gaming"
88d1e,Female,21,18-24,United States,Millerport,"sports, travel, lifestyle"
8a5c0,Female,19,18-24,United States,Dunnburgh,"gaming, news, fitness"
8cd51,Female,23,18-24,United States,New Georgehaven,travel
8e397,Female,24,18-24,United States,Travisshire,"art, fitness"
8eebb,Female,19,18-24,United States,Millerport,"health, photography"
909cb,Female,18,18-24,United States,Port Laurie,gaming
91d10,Female,20,18-24,United States,Davishaven,"fashion, gaming, fitness"
9324f,Female,19,18-24,United States,East Annefort,"art, gaming, finance"
94c09,Female,18,18-24,United States,Derrickside,finance
986cb,Female,20,18-24,United States,Jackburgh,food
9880d,Female,19,18-24,United States,Nunezstad,"travel, art, technology"
99b58,Female,18,18-24,United States,South Matthew,fashion
99c25,Female,23,18-24,United States,Lake Brendaborough,"news, lifestyle, food"
9c4ca,Female,20,18-24,United States,West Shannon,fitness
9cf99,Female,22,18-24,United States,Elizabethchester,"food, sports, travel"
9df77,Female,20,18-24,United States,Port Julie,"lifestyle, fashion, finance"
9e690,Female,22,18-24,United States,Velasquezberg,"travel, news, food"
9f706,Female,19,18-24,United States,North Eddie,finance
a0cc9,Female,20,18-24,United States,Lake April,"news, technology, food"
a15a7,Female,22,18-24,United States,Lake Nicoleborough,"travel, sports"
a27a9,Female,23,18-24,United States,Port John,"health, technology"
a2a93,Female,23,18-24,United States,Donaldton,"fitness, art, photography"
a2bb3,Female,18,18-24,United States,North Christopherville,photography
a2d57,Female,20,18-24,United States,Port Toddfort,"gaming, photography, technology"
a405b,Female,18,18-24,United States,Lukemouth,"lifestyle, fashion"
a5fe5,Female,21,18-24,United States,Manuelmouth,art
a73e3,Female,23,18-24,United States,East Dennis,"news, photography"
a7f01,Female,19,18-24,United States,South Jessemouth,lifestyle
a8209,Female,18,18-24,United States,East Lauraberg,"sports, lifestyle"
a876e,Female,24,18-24,United States,West Jonathan,"gaming, art"
a9529,Female,21,18-24,United States,Jillstad,"finance, photography"
a9dd8,Female,22,18-24,United States,Diazbury,sports
aa545,Female,24,18-24,United States,North John,fitness
aa6e2,Female,20,18-24,United States,Robertsmouth,"food, photography, travel"
ab009,Female,23,18-24,United States,Davisburgh,"photography, fitness, sports"
ac7d9,Female,19,18-24,United States,Port Aaron,"travel, lifestyle"
ae133,Female,20,18-24,United States,Thompsonfurt,"news, health"
ae4c1,Female,22,18-24,United States,West Michael,"news, lifestyle, travel"
ae96c,Female,19,18-24,United States,West Paulchester,photography
aec45,Female,23,18-24,United States,Heathershire,gaming
af12a,Female,24,18-24,United States,West Katherine,"art, health"
b01ae,Female,23,18-24,United States,Rebeccaland,"fitness, finance"
b18b3,Female,21,18-24,United States,Emilymouth,"fashion, news"
b3e8f,Female,23,18-24,United States,Stevenmouth,gaming
b4f3d,Female,18,18-24,United States,West Shawnhaven,fashion
b73bf,Female,23,18-24,United States,Weissshire,sports
b7cc3,Female,18,18-24,United States,Heidishire,"food, lifestyle, technology"
b816f,Female,24,18-24,United States,Lake Danielland,sports
b94af,Female,24,18-24,United States,Bowersville,"fitness, travel, gaming"
b96a7,Female,24,18-24,United States,New Shawnmouth,news
ba48b,Female,20,18-24,United States,Jesusberg,"health, photography, gaming"
babc6,Female,22,18-24,United States,Elliottberg,"travel, fashion, photography"
bc097,Female,18,18-24,United States,West Tom,travel
bc19b,Female,19,18-24,United States,Lake Kyleland,"travel, art, fashion"
bc490,Female,21,18-24,United States,Christopherstad,"photography, lifestyle"
bc583,Female,20,18-24,United States,South Rebecca,"news, lifestyle, travel"
bc890,Female,20,18-24,United States,Crystalland,"photography, travel"
bd0f7,Female,20,18-24,United States,New Michaelside,"food, news, fitness"
bedcd,Female,20,18-24,United States,West Robertmouth,"fitness, gaming"
c0320,Female,22,18-24,United States,Tonyatown,"finance, gaming"
c2452,Female,21,18-24,United States,Patelland,travel
c2467,Female,18,18-24,United States,New Brian,"fashion, photography"
c32c4,Female,20,18-24,United States,Lake Alfredhaven,"travel, health, gaming"
c4366,Female,24,18-24,United States,Port Davidside,sports
c44e0,Female,19,18-24,United States,New Tara,"gaming, health, fashion"
c6f6d,Female,21,18-24,United States,Amandaton,lifestyle
c70ce,Female,18,18-24,United States,North Danielle,"art, photography, technology"
c8588,Female,21,18-24,United States,Cordovaport,art
c93ec,Female,22,18-24,United States,Port Barbara,art
c97cb,Female,22,18-24,United States,New Franciscoville,"technology, art, finance"
ca039,Female,19,18-24,United States,Powellfort,"gaming, finance"
ca984,Female,23,18-24,United States,Meyerschester,technology
cb4e1,Female,21,18-24,United States,West Paulaberg,"fitness, news"
cbaf6,Female,22,18-24,United States,South Danny,"fashion, health, food"
cbb8d,Female,19,18-24,United States,Christineberg,"fitness, gaming"
cbc45,Female,24,18-24,United States,Bellfort,fitness
cddd9,Female,20,18-24,United States,Deborahfort,"lifestyle, news, art"
cf6fb,Female,22,18-24,United States,Lake Jeffrey,finance
cfa6b,Female,19,18-24,United States,Ashleyport,"gaming, photography, art"
d1575,Female,18,18-24,United States,Kingchester,"finance, technology"
d17e4,Female,19,18-24,United States,South Carrie,news
d2647,Female,24,18-24,United States,Michaelside,finance
d2653,Female,20,18-24,United States,North Paulhaven,"finance, travel"
d2f00,Female,24,18-24,United States,Marvinport,photography
d4a30,Female,22,18-24,United States,Port Christopherborough,technology
d4aab,Female,19,18-24,United States,Martinmouth,"technology, gaming"
d5a66,Female,22,18-24,United States,Maureenberg,"photography, finance"
d689d,Female,21,18-24,United States,Lake Alexanderfort,"gaming, art"
d6953,Female,24,18-24,United States,East Kaylachester,fitness
d6e16,Female,24,18-24,United States,Hansenberg,"technology, fitness"
d77cd,Female,19,18-24,United States,Gregoryhaven,"fashion, finance"
d7a06,Female,23,18-24,United States,Stephanieburgh,"lifestyle, health"
d7a30,Female,24,18-24,United States,Port Arthurstad,"food, fashion, fitness"
d7c4e,Female,18,18-24,United States,East Josephview,"art, gaming"
d81ca,Female,20,18-24,United States,Brittanystad,"photography, sports"
d823b,Female,21,18-24,United States,West Eric,"health, lifestyle"
d86da,Female,20,18-24,United States,North Charlesmouth,news
dab38,Female,18,18-24,United States,Weberside,sports
dbbfb,Female,22,18-24,United States,Rodriguezfort,technology
dc2da,Female,22,18-24,United States,Jonesberg,fashion
dc505,Female,19,18-24,United States,South Kevin,"fitness, photography"
dc596,Female,20,18-24,United States,Carpenterfort,sports
de4d9,Female,22,18-24,United States,South Erin,"technology, photography, fitness"
e0b77,Female,22,18-24,United States,Kimberlyhaven,"fitness, technology, travel"
e0c01,Female,23,18-24,United States,Coxchester,"photography, news"
e12dc,Female,21,18-24,United States,New Allison,"finance, health, technology"
e1e2b,Female,23,18-24,United States,Andrewburgh,"fashion, health, fitness"
e2656,Female,23,18-24,United States,New Caleb,"photography, food, sports"
e2875,Female,19,18-24,United States,South Alicia,"gaming, technology, fashion"
e2cb9,Female,23,18-24,United States,South Robertmouth,"lifestyle, finance"
e5ad8,Female,21,18-24,United States,Fergusonburgh,"health, art, fitness"
e6325,Female,18,18-24,United States,Jenniferbury,"art, food, technology"
e6d58,Female,18,18-24,United States,Matthewtown,"sports, food, finance"
e6ff6,Female,22,18-24,United States,Ryanmouth,"food, sports"
e88c9,Female,21,18-24,United States,New Vincentfurt,fitness
e9cb5,Female,24,18-24,United States,Kaitlyntown,"technology, travel, fashion"
ecd8b,Female,24,18-24,United States,East Cameron,"sports, lifestyle"
ecece,Female,22,18-24,United States,North Thomasmouth,food
ed307,Female,22,18-24,United States,South Kaylamouth,"food, sports, travel"
edfc9,Female,19,18-24,United States,Port Frederickfort,health
f0d7b,Female,24,18-24,United States,South Rhondatown,"health, food"
f19a7,Female,21,18-24,United States,West Loretta,"food, fashion"
f266a,Female,24,18-24,United States,Port Tracey,"travel, sports, gaming"
f47ee,Female,24,18-24,United States,Lake Angelaport,"photography, sports"
f531a,Female,22,18-24,United States,West Angela,"gaming, technology, sports"
f5a0f,Female,22,18-24,United States,Callahanburgh,health
f6137,Female,23,18-24,United States,Lake Melissa,"lifestyle, gaming"
f7385,Female,20,18-24,United States,South Kathleen,"news, finance"
f73da,Female,21,18-24,United States,Michelleside,"fitness, gaming"
f75b1,Female,20,18-24,United States,East Katiehaven,"finance, technology, travel"
f891a,Female,24,18-24,United States,Wheelerland,food
f8d37,Female,23,18-24,United States,New Ebony,"finance, photography"
f910c,Female,21,18-24,United States,Geraldside,"gaming, news"
f98a4,Female,20,18-24,United States,East Maria,sports
f9bd3,Female,24,18-24,United States,Lake Pamela,"finance, sports, technology"
fc1ab,Female,21,18-24,United States,Wesleyton,food
ff343,Female,22,18-24,United States,Meyerview,"fashion, photography, lifestyle"
24360,Male,18,18-24,United States,North Shannon,"news, fashion, travel"
24364,Male,18,18-24,United States,Curtisside,"travel, fashion, art"
Feb-80,Male,18,18-24,United States,South Dianeport,"lifestyle, fitness"
29452,Male,18,18-24,United States,West Jennifer,fashion
52244,Male,18,18-24,United States,New Johnbury,"health, food"
53139,Male,18,18-24,United States,North Renee,"photography, news, sports"
05ddd,Male,18,18-24,United States,West Lisa,"travel, food"
06e0a,Male,18,18-24,United States,East Patrick,"travel, photography"
0b14a,Male,18,18-24,United States,Lake Becky,"technology, news"
197d6,Male,18,18-24,United States,North Timothy,photography
22b2c,Male,18,18-24,United States,Velazquezbury,fitness
22e4c,Male,18,18-24,United States,Hebertchester,"gaming, lifestyle, finance"
24b2f,Male,18,18-24,United States,New Tara,health
2a127,Male,18,18-24,United States,Donnaview,travel
2f327,Male,18,18-24,United States,Michaelaside,"health, fitness"
2fd5c,Male,18,18-24,United States,Anthonyside,health
332fd,Male,18,18-24,United States,Mayotown,"fitness, finance"
351a7,Male,18,18-24,United States,North Tracybury,"photography, sports"
3878e,Male,18,18-24,United States,South Nicholasfort,"art, food"
3fd01,Male,18,18-24,United States,Port Josephport,technology
442d4,Male,18,18-24,United States,Carrbury,gaming
4c57f,Male,18,18-24,United States,South William,"finance, lifestyle, fashion"
5437a,Male,18,18-24,United States,Elliottmouth,"photography, sports, travel"
57bb1,Male,18,18-24,United States,West Davidfort,"travel, lifestyle"
5b39e,Male,18,18-24,United States,Joneshaven,"technology, news, art"
6e14c,Male,18,18-24,United States,Robertport,news
7345c,Male,18,18-24,United States,South Stephanieborough,"news, lifestyle"
74d75,Male,18,18-24,United States,Derrickfurt,"art, fashion, travel"
811cc,Male,18,18-24,United States,East Caitlin,news
85f68,Male,18,18-24,United States,South Donna,"art, travel"
88cb6,Male,18,18-24,United States,East Deborah,technology
8c0af,Male,18,18-24,United States,Port Kelly,"food, sports, news"
9b079,Male,18,18-24,United States,Lake James,"photography, lifestyle"
a5dd8,Male,18,18-24,United States,Williamsfort,"fitness, art"
aa420,Male,18,18-24,United States,Jenniferborough,lifestyle
b07e9,Male,18,18-24,United States,Susanview,fashion
b12a8,Male,18,18-24,United States,North Patriciaside,sports
b6865,Male,18,18-24,United States,Josephtown,"news, finance"
b6a7d,Male,18,18-24,United States,Tinaport,"health, news"
b9c69,Male,18,18-24,United States,New Dustinchester,"sports, technology"
bcdb8,Male,18,18-24,United States,Port Martin,technology
c0527,Male,18,18-24,United States,Lake Garymouth,"art, travel"
c29c1,Male,18,18-24,United States,Port Sara,"health, finance"
c3f40,Male,18,18-24,United States,Gregoryfurt,fitness
c67ca,Male,18,18-24,United States,North Matthew,"photography, technology, gaming"
c7fd4,Male,18,18-24,United States,West Sarah,"finance, technology"
cd9e9,Male,18,18-24,United States,Ericamouth,"fashion, gaming, health"
ce29c,Male,18,18-24,United States,Simsstad,"health, news"
ce672,Male,18,18-24,United States,East Robertberg,"sports, food"
d1c58,Male,18,18-24,United States,Port Miguelbury,"photography, finance"
d39b1,Male,18,18-24,United States,East Carlaton,"fitness, food"
d6400,Male,18,18-24,United States,Sherriborough,"technology, fashion"
d9e86,Male,18,18-24,United States,Kristenborough,"health, finance"
dbd8e,Male,18,18-24,United States,Millerport,"art, travel"
dcfc8,Male,18,18-24,United States,South Carrie,"fitness, lifestyle"
e4cfc,Male,18,18-24,United States,East Shawn,"news, sports"
e7e08,Male,18,18-24,United States,Edwardsberg,fashion
ea139,Male,18,18-24,United States,Charleschester,sports
f7035,Male,18,18-24,United States,Katieport,"gaming, art"
f78e5,Male,18,18-24,United States,Lake David,"finance, sports, travel"
12478,Male,19,18-24,United States,Grimesberg,technology
15147,Male,19,18-24,United States,Phillipsside,"art, fashion, finance"
38763,Male,19,18-24,United States,East Keithstad,"news, sports"
45314,Male,19,18-24,United States,South John,sports
47173,Male,19,18-24,United States,Port Julia,"fitness, sports"
78461,Male,19,18-24,United States,Carlsonbury,news
88534,Male,19,18-24,United States,Herrerabury,health
1.30E+08,Male,19,18-24,United States,Jenkinsberg,"food, travel, news"
01bd0,Male,19,18-24,United States,Lake Whitneyfort,"gaming, technology, sports"
08f9b,Male,19,18-24,United States,Wilsonville,"fashion, photography, travel"
0e754,Male,19,18-24,United States,Craigview,travel
0f0e0,Male,19,18-24,United States,Lake Christopher,"sports, travel"
12ee8,Male,19,18-24,United States,Fosterton,"fashion, sports, news"
156d9,Male,19,18-24,United States,Bonnieborough,"art, gaming"
181f0,Male,19,18-24,United States,Barbaraport,"technology, gaming"
1c90d,Male,19,18-24,United States,Alexandermouth,"lifestyle, news, fashion"
221eb,Male,19,18-24,United States,Emilyhaven,fashion
22cda,Male,19,18-24,United States,Wadeberg,fashion
25b61,Male,19,18-24,United States,Brianhaven,"gaming, travel"
29ee4,Male,19,18-24,United States,Devinborough,"news, health"
2a27b,Male,19,18-24,United States,North Angelica,"fitness, photography, food"
2c11d,Male,19,18-24,United States,North Jenniferhaven,"photography, sports, fashion"
2e2ae,Male,19,18-24,United States,South Leslieport,lifestyle
305c7,Male,19,18-24,United States,Port Jeremy,lifestyle
35ac0,Male,19,18-24,United States,South Deborah,news
3b2fb,Male,19,18-24,United States,North Stephenhaven,"travel, sports, news"
3f8dd,Male,19,18-24,United States,West Lori,"sports, technology"
4be8a,Male,19,18-24,United States,Port Meganfort,"fitness, fashion"
530ba,Male,19,18-24,United States,Lake Victor,"photography, gaming"
584b4,Male,19,18-24,United States,Thomaston,"gaming, lifestyle"
5bcf8,Male,19,18-24,United States,Davenportview,technology
629df,Male,19,18-24,United States,Alexismouth,"travel, news, finance"
679b8,Male,19,18-24,United States,West Janiceside,"technology, gaming, travel"
71b70,Male,19,18-24,United States,West Melissa,"art, finance"
7dcb8,Male,19,18-24,United States,South Annechester,food
87b9b,Male,19,18-24,United States,Mcdowellchester,lifestyle
8bc53,Male,19,18-24,United States,East Sharonburgh,finance
8d211,Male,19,18-24,United States,West Kelly,finance
8f6e5,Male,19,18-24,United States,Chapmanland,"health, lifestyle, fitness"
936f7,Male,19,18-24,United States,Delgadomouth,"technology, lifestyle"
a77b5,Male,19,18-24,United States,Owenschester,"technology, gaming, travel"
ac216,Male,19,18-24,United States,Harperchester,fitness
b7f9d,Male,19,18-24,United States,New Gabrielfort,"art, food"
ba7f7,Male,19,18-24,United States,New Nicoleside,"fashion, food, sports"
bc902,Male,19,18-24,United States,West Kenneth,"gaming, technology"
bddd5,Male,19,18-24,United States,Genefort,"sports, technology"
cb8b2,Male,19,18-24,United States,Jefferyton,food
cf24f,Male,19,18-24,United States,South Michael,"art, news, finance"
d44e3,Male,19,18-24,United States,West Williamside,"news, food"
d60d6,Male,19,18-24,United States,Jacquelineshire,gaming
da857,Male,19,18-24,United States,Stewartfurt,"travel, photography"
dd49b,Male,19,18-24,United States,Matthewland,travel
df6e5,Male,19,18-24,United States,East Stephenside,"sports, art"
df970,Male,19,18-24,United States,East Georgebury,sports
e043b,Male,19,18-24,United States,Fitzgeraldmouth,"fitness, technology"
e2850,Male,19,18-24,United States,Lake Loribury,sports
e2b58,Male,19,18-24,United States,Matthewburgh,"finance, fitness"
e33b1,Male,19,18-24,United States,Stephensmouth,"fashion, lifestyle, art"
e74f3,Male,19,18-24,United States,Mitchellstad,technology
ecb42,Male,19,18-24,United States,East Tylerstad,"gaming, travel, art"
ed510,Male,19,18-24,United States,Port Christiantown,"finance, lifestyle"
f35e1,Male,19,18-24,United States,North Anthonyville,"lifestyle, fitness, finance"
fadf4,Male,19,18-24,United States,South Stevenburgh,"photography, sports, lifestyle"
fd4d8,Male,19,18-24,United States,East Michael,"travel, photography"
fee7f,Male,19,18-24,United States,South Kristen,art
5.30E+02,Male,21,18-24,United States,Stoneshire,"finance, sports, news"
11159,Male,21,18-24,United States,South Jeremy,"fitness, technology"
24607,Male,21,18-24,United States,Lake Julialand,"finance, health, gaming"
34328,Male,21,18-24,United States,South Marchaven,art
47340,Male,21,18-24,United States,Gibbsmouth,"gaming, sports"
52470,Male,21,18-24,United States,North Darrylton,"sports, fashion"
57693,Male,21,18-24,United States,South Brandyhaven,"finance, news"
63057,Male,21,18-24,United States,Heidimouth,food
8.80E+25,Male,21,18-24,United States,Goodberg,"photography, food, gaming"
012d4,Male,21,18-24,United States,Johnside,"travel, finance"
0b35e,Male,21,18-24,United States,New Stevenville,"photography, gaming, sports"
17ebf,Male,21,18-24,United States,Schmidtfurt,"finance, photography"
2017f,Male,21,18-24,United States,Jamesburgh,"travel, lifestyle, gaming"
2a379,Male,21,18-24,United States,Smithbury,"art, sports"
2d9f9,Male,21,18-24,United States,Edwinhaven,sports
31f44,Male,21,18-24,United States,Reynoldshaven,"art, health"
3507d,Male,21,18-24,United States,Lake Kennethside,"technology, health, sports"
385f8,Male,21,18-24,United States,Port Kathyhaven,sports
3ad38,Male,21,18-24,United States,South Susanborough,"technology, photography, gaming"
3b6b1,Male,21,18-24,United States,Brendaville,"food, travel, gaming"
3b8d2,Male,21,18-24,United States,Rachelborough,"fashion, gaming"
3f467,Male,21,18-24,United States,West Shawnside,"health, sports, news"
4af06,Male,21,18-24,United States,East Stephaniestad,"sports, food, gaming"
52d1f,Male,21,18-24,United States,Norrismouth,lifestyle
57a32,Male,21,18-24,United States,Cherylshire,"lifestyle, photography"
61e5f,Male,21,18-24,United States,East Ashley,art
6600a,Male,21,18-24,United States,Wendymouth,"sports, food"
6b4a5,Male,21,18-24,United States,Camposside,"gaming, finance, technology"
6c33b,Male,21,18-24,United States,Webbfurt,"health, photography, finance"
7204b,Male,21,18-24,United States,Racheltown,"lifestyle, fashion"
72c7c,Male,21,18-24,United States,East Phillip,news
7f1ef,Male,21,18-24,United States,Yolandashire,"fitness, finance, food"
85b60,Male,21,18-24,United States,New Morganmouth,"sports, food"
85bf4,Male,21,18-24,United States,Port Victoria,"food, finance"
8e6f6,Male,21,18-24,United States,Lake Angelastad,"art, sports"
8f3f2,Male,21,18-24,United States,Gutierrezview,"technology, sports"
9a93d,Male,21,18-24,United States,Deannahaven,"fitness, finance"
9e542,Male,21,18-24,United States,East Pamelachester,"fitness, art"
9e89c,Male,21,18-24,United States,East Barbaraton,"sports, finance"
a093e,Male,21,18-24,United States,Tylerport,"finance, fitness, lifestyle"
a1954,Male,21,18-24,United States,North Kellyburgh,"travel, technology"
a9a87,Male,21,18-24,United States,Albertfurt,"finance, technology"
aa702,Male,21,18-24,United States,Scottstad,"lifestyle, sports"
b120e,Male,21,18-24,United States,Monicafort,"fashion, photography, news"
b36bd,Male,21,18-24,United States,Hughesville,"photography, art, lifestyle"
b5ee7,Male,21,18-24,United States,Port Kennethhaven,"lifestyle, food, art"
b74d1,Male,21,18-24,United States,South Dylan,"health, lifestyle, food"
b7af5,Male,21,18-24,United States,West Stevenfort,health
c60a8,Male,21,18-24,United States,Dorseyfurt,"lifestyle, food"
d04d9,Male,21,18-24,United States,Ericshire,"lifestyle, photography, food"
d34e5,Male,21,18-24,United States,Nicholastown,"lifestyle, gaming, fashion"
d90aa,Male,21,18-24,United States,Stevenbury,"lifestyle, news"
d9471,Male,21,18-24,United States,Cheyennetown,"finance, lifestyle, gaming"
dced3,Male,21,18-24,United States,Baileyland,"lifestyle, health, fashion"
ddb77,Male,21,18-24,United States,Alyssatown,lifestyle
e07f3,Male,21,18-24,United States,South Kelseyport,"fashion, technology"
e53b4,Male,21,18-24,United States,Port Darleneberg,"finance, technology"
e555a,Male,21,18-24,United States,Maryland,"gaming, fashion, lifestyle"
e9181,Male,21,18-24,United States,Sarahtown,travel
ead19,Male,21,18-24,United States,West Aaron,technology
efaf4,Male,21,18-24,United States,West Brandon,photography
f0dfe,Male,21,18-24,United States,South Ashleyfurt,photography
f69d8,Male,21,18-24,United States,Johnview,"technology, art, travel"
f80ad,Male,21,18-24,United States,Youngton,art
fe10d,Male,21,18-24,United States,Lake Charles,"travel, news"
ff0e7,Male,21,18-24,United States,West Ericland,"news, gaming"
6290,Male,22,18-24,United States,Tannermouth,"art, gaming"
18002,Male,22,18-24,United States,East Monicastad,"health, news"
20426,Male,22,18-24,United States,Cathyborough,health
33268,Male,22,18-24,United States,East Charles,"gaming, news, fashion"
40020,Male,22,18-24,United States,Briannahaven,food
59367,Male,22,18-24,United States,Haynesborough,"food, technology"
84324,Male,22,18-24,United States,Lake Courtneyland,food
89216,Male,22,18-24,United States,Glennmouth,"art, fitness, news"
6.86E+05,Male,22,18-24,United States,North Brettfort,"fashion, art"
1.40E+10,Male,22,18-24,United States,Lake Gordon,"technology, art"
0fb65,Male,22,18-24,United States,South Waynefort,"food, sports, health"
16d6f,Male,22,18-24,United States,South Patrick,"lifestyle, food, health"
1b17a,Male,22,18-24,United States,Valentinebury,"food, fashion"
1ec13,Male,22,18-24,United States,Lake Theresa,"travel, health, lifestyle"
1fd87,Male,22,18-24,United States,West Gregory,"health, news"
207d2,Male,22,18-24,United States,West Jennifer,"sports, gaming"
2a897,Male,22,18-24,United States,Stacyfurt,"food, finance"
304ca,Male,22,18-24,United States,Brownshire,fitness
3196b,Male,22,18-24,United States,Lake Elizabeth,fashion
3a5d3,Male,22,18-24,United States,North Jennifer,health
3e590,Male,22,18-24,United States,Richardsonbury,sports
3fda1,Male,22,18-24,United States,Simpsonberg,"technology, lifestyle, fitness"
44f1b,Male,22,18-24,United States,South Carla,"sports, technology, health"
47f99,Male,22,18-24,United States,East Wyatthaven,"finance, health, art"
4b13c,Male,22,18-24,United States,Davenportport,technology
4c538,Male,22,18-24,United States,North Ariel,food
4eb7d,Male,22,18-24,United States,South Jennifershire,"finance, art"
5401d,Male,22,18-24,United States,Lake Curtisburgh,"art, food, travel"
55b1a,Male,22,18-24,United States,North Leonardmouth,"news, gaming"
5bed5,Male,22,18-24,United States,West Jasonberg,finance
6228f,Male,22,18-24,United States,Lauraville,"travel, lifestyle, fitness"
625a7,Male,22,18-24,United States,New Lorraineton,health
64f3b,Male,22,18-24,United States,Herrerafort,fashion
67feb,Male,22,18-24,United States,New Nathanbury,finance
726f1,Male,22,18-24,United States,Larryfurt,"art, photography, food"
7bf53,Male,22,18-24,United States,Williamsbury,"art, finance"
7ca24,Male,22,18-24,United States,Cartermouth,food
81fe7,Male,22,18-24,United States,Anthonybury,"technology, health"
84ef1,Male,22,18-24,United States,Maryton,"health, fitness"
86d5a,Male,22,18-24,United States,Collinsview,fitness
88b01,Male,22,18-24,United States,Janetmouth,"photography, sports, food"
8a098,Male,22,18-24,United States,Port Johnny,"gaming, art, fashion"
8ada5,Male,22,18-24,United States,Kennethfort,travel
8c5de,Male,22,18-24,United States,Mackview,food
8fb23,Male,22,18-24,United States,Blankenshipfort,"sports, food, health"
907f6,Male,22,18-24,United States,North Robert,"fitness, news, travel"
98b52,Male,22,18-24,United States,East Gina,lifestyle
9bf33,Male,22,18-24,United States,New Brandonfurt,"fashion, travel"
9c071,Male,22,18-24,United States,Davidfort,"news, photography"
9e0c3,Male,22,18-24,United States,Allisontown,finance
9ee00,Male,22,18-24,United States,New Kyle,food
a1be6,Male,22,18-24,United States,Bennettfurt,"news, finance, health"
a3630,Male,22,18-24,United States,West Charleneton,"travel, finance"
a4388,Male,22,18-24,United States,Davidbury,"fitness, art, photography"
a6765,Male,22,18-24,United States,South Gabriela,news
a6c11,Male,22,18-24,United States,Stevenville,finance
a88f4,Male,22,18-24,United States,North Daniel,lifestyle
ae020,Male,22,18-24,United States,Joneschester,sports
af8ae,Male,22,18-24,United States,Danielside,"technology, lifestyle, fashion"
b13f3,Male,22,18-24,United States,Crosbyberg,art
b2518,Male,22,18-24,United States,West Aaron,"finance, lifestyle"
b8a03,Male,22,18-24,United States,Hubbardmouth,"art, technology"
bcb6f,Male,22,18-24,United States,Davidland,"technology, finance"
bd610,Male,22,18-24,United States,Lake Sharonside,"finance, fashion"
bf76d,Male,22,18-24,United States,East Amanda,photography
cc6fd,Male,22,18-24,United States,West Amy,fitness
d49ba,Male,22,18-24,United States,Toniville,fitness
d5751,Male,22,18-24,United States,Vargasbury,finance
d8168,Male,22,18-24,United States,Monicamouth,"finance, technology, travel"
da0fc,Male,22,18-24,United States,Samanthahaven,"gaming, travel, technology"
dbf4a,Male,22,18-24,United States,Robertville,fashion
e53d1,Male,22,18-24,United States,Williamtown,"gaming, travel"
e87b8,Male,22,18-24,United States,West Jamesberg,"travel, art"
eef7f,Male,22,18-24,United States,West Brittany,photography
effc7,Male,22,18-24,United States,Lake Kim,"sports, travel"
f5ccd,Male,22,18-24,United States,Campbellborough,"technology, gaming, sports"
f67dd,Male,22,18-24,United States,New Erintown,"news, fashion, technology"
fa519,Male,22,18-24,United States,Lake Paulfort,fashion
fc753,Male,22,18-24,United States,West Kristen,"fitness, food, art"
ff060,Male,22,18-24,United States,Colinside,"news, fitness"
15937,Male,24,18-24,United States,Howardborough,health
31210,Male,24,18-24,United States,New Thomas,"photography, news, food"
79793,Male,24,18-24,United States,Greershire,food
83863,Male,24,18-24,United States,Nunezton,news
86701,Male,24,18-24,United States,Lake Tiffanyshire,"news, health"
93671,Male,24,18-24,United States,Pierceton,photography
01eff,Male,24,18-24,United States,New Christopher,"lifestyle, fitness, photography"
030dc,Male,24,18-24,United States,Brianborough,fitness
0398d,Male,24,18-24,United States,Estradatown,"news, technology, gaming"
0aa97,Male,24,18-24,United States,South Tracyview,"fashion, fitness, sports"
15ae0,Male,24,18-24,United States,Reesemouth,technology
1d340,Male,24,18-24,United States,East Ericachester,"photography, travel"
1f1b1,Male,24,18-24,United States,Smithton,"news, finance"
25a53,Male,24,18-24,United States,New Mark,photography
2adc2,Male,24,18-24,United States,Port Thomastown,"travel, art, photography"
2c734,Male,24,18-24,United States,Rebeccaport,"food, finance, gaming"
3dd3c,Male,24,18-24,United States,West Morganshire,"fashion, sports, health"
45a6a,Male,24,18-24,United States,New Victoria,technology
48a52,Male,24,18-24,United States,Port Jesushaven,"fashion, news, photography"
4ad48,Male,24,18-24,United States,Robertfurt,"lifestyle, news"
4b1fd,Male,24,18-24,United States,Herbertborough,"travel, fitness, technology"
4f9b3,Male,24,18-24,United States,South Susan,"fitness, food"
5338e,Male,24,18-24,United States,East Bethshire,"news, fashion"
56a81,Male,24,18-24,United States,Hallville,"gaming, food, art"
56ad7,Male,24,18-24,United States,New Carrieland,news
5a8bf,Male,24,18-24,United States,North Lindaland,"technology, sports, food"
5caf2,Male,24,18-24,United States,East Virginia,"fitness, technology"
5f666,Male,24,18-24,United States,Clementsberg,fitness
6cc75,Male,24,18-24,United States,Carrberg,"lifestyle, food, travel"
705a6,Male,24,18-24,United States,Stephenfurt,"sports, health"
71f12,Male,24,18-24,United States,Lake Brittney,"photography, news"
736ba,Male,24,18-24,United States,Susanberg,"technology, lifestyle, art"
74deb,Male,24,18-24,United States,Lake Daniel,"health, technology, sports"
754ec,Male,24,18-24,United States,Ponceberg,"health, fashion, fitness"
75c2e,Male,24,18-24,United States,Jacobmouth,travel
7ce41,Male,24,18-24,United States,Jacksonmouth,"technology, news, art"
7dfcf,Male,24,18-24,United States,North Cindy,"news, travel"
939db,Male,24,18-24,United States,Hendersonburgh,"travel, fashion, health"
95c70,Male,24,18-24,United States,Geraldmouth,technology
973c2,Male,24,18-24,United States,South Joelville,"art, travel"
9de44,Male,24,18-24,United States,West Briannafort,"food, fashion, photography"
9f485,Male,24,18-24,United States,Gonzalezton,"photography, health, fashion"
a1985,Male,24,18-24,United States,Jameshaven,"finance, technology"
a8244,Male,24,18-24,United States,Parsonsville,"travel, photography, food"
aa8d0,Male,24,18-24,United States,Andreaberg,"gaming, finance, food"
ae018,Male,24,18-24,United States,Schwartzbury,"technology, food"
afa70,Male,24,18-24,United States,Rogersmouth,"lifestyle, sports, fitness"
b171f,Male,24,18-24,United States,Port Debraburgh,"news, lifestyle, travel"
b26a5,Male,24,18-24,United States,Briantown,sports
b3f84,Male,24,18-24,United States,Jessicamouth,lifestyle
b446f,Male,24,18-24,United States,Port Daniel,"health, news"
b6645,Male,24,18-24,United States,Schwartzton,health
b7221,Male,24,18-24,United States,Amandaland,"art, technology"
b9807,Male,24,18-24,United States,Edwardsville,"travel, art"
bc3d5,Male,24,18-24,United States,Jamesmouth,"gaming, travel, fitness"
bc4b5,Male,24,18-24,United States,Johnstonhaven,food
be064,Male,24,18-24,United States,Lake Eric,"technology, photography"
c398f,Male,24,18-24,United States,Leeland,"finance, art, gaming"
c3ea7,Male,24,18-24,United States,Clarkechester,technology
c5802,Male,24,18-24,United States,Carrieborough,"news, finance"
c6ad5,Male,24,18-24,United States,Williamsonmouth,fitness
c74de,Male,24,18-24,United States,North Amyton,photography
c7ec8,Male,24,18-24,United States,South Emily,"fitness, travel, gaming"
c8bc6,Male,24,18-24,United States,Boydchester,"health, food"
c984d,Male,24,18-24,United States,North Juliefurt,fashion
cb74e,Male,24,18-24,United States,North Ryanmouth,fashion
cc971,Male,24,18-24,United States,East Jimmyton,"technology, food"
cd2c7,Male,24,18-24,United States,East Ruthshire,"fashion, fitness, finance"
ce818,Male,24,18-24,United States,Adamschester,finance
d049c,Male,24,18-24,United States,Hugheshaven,"finance, fashion, news"
d1284,Male,24,18-24,United States,Lake Kayla,"art, food"
d24d9,Male,24,18-24,United States,Port Michaelville,photography
d7610,Male,24,18-24,United States,East Robertmouth,fashion
d83b3,Male,24,18-24,United States,New Richard,technology
d98e3,Male,24,18-24,United States,Port Nathaniel,"finance, food"
dddf2,Male,24,18-24,United States,New Thomas,"fashion, finance, photography"
e055b,Male,24,18-24,United States,West Matthewberg,"gaming, art"
e56e8,Male,24,18-24,United States,Jesusside,art
e7697,Male,24,18-24,United States,Lake Melanie,"sports, art"
e805c,Male,24,18-24,United States,Mcdonaldfurt,art
eccf7,Male,24,18-24,United States,New Meredithmouth,"art, health"
f304b,Male,24,18-24,United States,Cardenasshire,"health, art, gaming"
f3c1f,Male,24,18-24,United States,Sheilaview,"gaming, art"
fc609,Male,24,18-24,United States,South Juanside,"art, finance"
fd407,Male,24,18-24,United States,Lake Jay,"travel, art, finance"
6560,Male,20,18-24,United States,North Jeff,"technology, lifestyle, fashion"
25472,Male,20,18-24,United States,Rickyshire,sports
27650,Male,20,18-24,United States,Port Robin,photography
33682,Male,20,18-24,United States,Shawnborough,health
42824,Male,20,18-24,United States,West Scott,"news, sports"
53470,Male,20,18-24,United States,East Tylerside,"technology, photography, gaming"
53507,Male,20,18-24,United States,Lake Kimberlyberg,"health, photography"
65125,Male,20,18-24,United States,East Stephanie,"fitness, finance"
71955,Male,20,18-24,United States,East Adam,"travel, fitness, sports"
78636,Male,20,18-24,United States,Port Kathleen,art
8.76E+06,Male,20,18-24,United States,Harrisfort,"fashion, lifestyle"
00faf,Male,20,18-24,United States,North Reginald,technology
0869a,Male,20,18-24,United States,Josephfurt,"food, health, news"
0d5b0,Male,20,18-24,United States,New Meganland,fitness
0d760,Male,20,18-24,United States,Port Alicia,"finance, sports, food"
0e387,Male,20,18-24,United States,Lake Stephaniestad,"technology, health"
0e55b,Male,20,18-24,United States,Timothyside,"art, news"
0f9d5,Male,20,18-24,United States,Joannatown,"photography, food"
112d2,Male,20,18-24,United States,South Reginafort,food
175c2,Male,20,18-24,United States,West Kelsey,"news, technology, sports"
1a906,Male,20,18-24,United States,Jacksonland,"news, sports, fashion"
1e915,Male,20,18-24,United States,Jonathanland,"finance, sports"
1f7ba,Male,20,18-24,United States,Lucasport,"sports, news"
23faf,Male,20,18-24,United States,Thompsonfurt,travel
2799a,Male,20,18-24,United States,Christineberg,"travel, photography"
2afec,Male,20,18-24,United States,Isaacside,"art, lifestyle"
2b312,Male,20,18-24,United States,Castroberg,"lifestyle, sports, technology"
3294c,Male,20,18-24,United States,Amandafort,sports
33a98,Male,20,18-24,United States,North Keith,sports
4580d,Male,20,18-24,United States,East Eric,"news, travel, art"
45a2f,Male,20,18-24,United States,Port David,"travel, lifestyle, news"
4709e,Male,20,18-24,United States,Tiffanymouth,"fashion, sports, health"
4853a,Male,20,18-24,United States,Port Tammy,art
50d25,Male,20,18-24,United States,New Jessica,"fashion, technology, travel"
53e8e,Male,20,18-24,United States,Hawkinstown,"travel, health"
54c07,Male,20,18-24,United States,West Jasonport,fitness
550c2,Male,20,18-24,United States,West Paul,"art, gaming"
5562d,Male,20,18-24,United States,Michellefurt,"fashion, finance"
5703f,Male,20,18-24,United States,South Michelleshire,"food, fitness"
59f38,Male,20,18-24,United States,Port Ianburgh,"lifestyle, photography, fitness"
5b868,Male,20,18-24,United States,Barrerahaven,"fashion, sports, travel"
5f396,Male,20,18-24,United States,North Nicholas,"lifestyle, art, sports"
6192d,Male,20,18-24,United States,New Amanda,"photography, fitness"
63d06,Male,20,18-24,United States,Landryhaven,"health, sports"
644f3,Male,20,18-24,United States,Andersonview,"fashion, technology"
67a6a,Male,20,18-24,United States,Jayfort,"sports, fashion, photography"
684a3,Male,20,18-24,United States,Port Jill,health
6b773,Male,20,18-24,United States,Angelamouth,gaming
6d6a8,Male,20,18-24,United States,New Susan,"art, fashion, news"
7817e,Male,20,18-24,United States,Robertsmouth,"technology, fashion"
8152e,Male,20,18-24,United States,North Williamborough,art
82ca8,Male,20,18-24,United States,Gomezmouth,sports
83c1a,Male,20,18-24,United States,Lake Sarahfort,"art, fitness"
856f7,Male,20,18-24,United States,West Patrick,sports
8b9a6,Male,20,18-24,United States,East Jodiport,"news, lifestyle"
8da2d,Male,20,18-24,United States,Garciastad,"sports, finance, lifestyle"
8f6a1,Male,20,18-24,United States,Oliviaport,fitness
95aea,Male,20,18-24,United States,Bowersshire,"health, gaming, food"
a6b89,Male,20,18-24,United States,Dianamouth,"gaming, technology"
a850c,Male,20,18-24,United States,Michaelstad,"fashion, travel, photography"
af8d2,Male,20,18-24,United States,Jillianstad,"travel, photography"
b3e63,Male,20,18-24,United States,Garciafort,"fashion, food, travel"
b4036,Male,20,18-24,United States,Kimberlyhaven,"food, art, health"
b4076,Male,20,18-24,United States,Crawfordport,"food, fashion"
c2a24,Male,20,18-24,United States,Campbellburgh,"lifestyle, art, technology"
c3fb9,Male,20,18-24,United States,East Mike,"fashion, news"
c8abe,Male,20,18-24,United States,South Kathryn,"health, finance, lifestyle"
c8c74,Male,20,18-24,United States,Lake Kathryn,"gaming, health"
c91e7,Male,20,18-24,United States,East Elizabethfurt,fitness
ca35b,Male,20,18-24,United States,West Christineside,lifestyle
cc02a,Male,20,18-24,United States,Mathisbury,"art, gaming, sports"
d1e33,Male,20,18-24,United States,South Ericport,"finance, travel, art"
d30d4,Male,20,18-24,United States,Port Deborahstad,"gaming, travel"
d318c,Male,20,18-24,United States,North Ashleehaven,gaming
d4a2b,Male,20,18-24,United States,Ianberg,"photography, fashion, travel"
d6499,Male,20,18-24,United States,New Amandastad,"sports, technology, fitness"
dfa89,Male,20,18-24,United States,Jacksonfurt,"finance, technology, art"
e2c79,Male,20,18-24,United States,Lake Shawnchester,"fashion, health, photography"
e6a6a,Male,20,18-24,United States,Jermainefurt,gaming
ef037,Male,20,18-24,United States,Krystalstad,gaming
f269f,Male,20,18-24,United States,Travisborough,"food, fitness"
f4362,Male,20,18-24,United States,Lake Carrie,"food, sports"
f53e5,Male,20,18-24,United States,Jenniferside,"art, finance, health"
f7cb1,Male,20,18-24,United States,Mendezfort,"sports, food, travel"
fa108,Male,20,18-24,United States,Smithburgh,health
fb5e6,Male,20,18-24,United States,West Brandonshire,"travel, technology"
7.00E+01,Male,23,18-24,United States,Audreyton,"photography, food"
4.00E+02,Male,23,18-24,United States,Karenville,"photography, fashion, finance"
2398,Male,23,18-24,United States,North Christinachester,lifestyle
8133,Male,23,18-24,United States,West Margaret,travel
13421,Male,23,18-24,United States,Jacksonshire,"health, travel, lifestyle"
20787,Male,23,18-24,United States,New Janet,"fashion, news"
21560,Male,23,18-24,United States,North Josephchester,art
23579,Male,23,18-24,United States,North Saraport,"lifestyle, fitness, fashion"
42683,Male,23,18-24,United States,Catherineberg,"fashion, art"
54451,Male,23,18-24,United States,South Gregory,"finance, sports"
58891,Male,23,18-24,United States,Port Carl,fashion
63030,Male,23,18-24,United States,West Brianna,fitness
73839,Male,23,18-24,United States,Edwardberg,"lifestyle, fitness"
74014,Male,23,18-24,United States,Matthewhaven,"finance, news"
75219,Male,23,18-24,United States,Bakerville,"sports, food, technology"
88782,Male,23,18-24,United States,Jennychester,"finance, news"
99456,Male,23,18-24,United States,Perrybury,"photography, news"
4.00E+54,Male,23,18-24,United States,Theodorefort,food
4.70E+89,Male,23,18-24,United States,Port Brianland,art
082f6,Male,23,18-24,United States,Port Zachary,"travel, technology"
0abe2,Male,23,18-24,United States,Jonesborough,"travel, lifestyle, art"
0af4b,Male,23,18-24,United States,Port Susanhaven,"fashion, news, lifestyle"
0e10d,Male,23,18-24,United States,Thompsonmouth,"fashion, technology, gaming"
1282d,Male,23,18-24,United States,West Lucas,art
18d6c,Male,23,18-24,United States,North Charleshaven,"art, health, finance"
1ce27,Male,23,18-24,United States,Lake Rodney,"food, health"
2089f,Male,23,18-24,United States,Higginshaven,"travel, fitness, finance"
2211c,Male,23,18-24,United States,North Joshuaborough,travel
22f1c,Male,23,18-24,United States,East Rachelchester,"photography, sports, finance"
2c0ee,Male,23,18-24,United States,West Ryanchester,"health, technology"
2eeaf,Male,23,18-24,United States,Joshuaport,lifestyle
31a47,Male,23,18-24,United States,Port Derek,"food, finance, fashion"
362a6,Male,23,18-24,United States,East Robert,"gaming, lifestyle, fitness"
37dc0,Male,23,18-24,United States,Michellefurt,"food, fashion, health"
38fbf,Male,23,18-24,United States,Brownfort,"art, photography"
3a5d1,Male,23,18-24,United States,North Marymouth,"technology, food, travel"
3b3f8,Male,23,18-24,United States,North Dana,"technology, health"
3e7b0,Male,23,18-24,United States,West Taylor,"gaming, lifestyle, art"
4062f,Male,23,18-24,United States,Lake Peter,"travel, gaming, art"
44b7d,Male,23,18-24,United States,Knightton,finance
4d89f,Male,23,18-24,United States,Ellisfurt,"technology, finance"
4f27d,Male,23,18-24,United States,North Rachael,"photography, sports, health"
56c1e,Male,23,18-24,United States,Briannaberg,photography
57a48,Male,23,18-24,United States,Powellborough,"food, fitness, sports"
5a5ee,Male,23,18-24,United States,Shawstad,health
5aee5,Male,23,18-24,United States,Edwardsmouth,"fashion, news"
6d48d,Male,23,18-24,United States,West Brad,finance
6efc8,Male,23,18-24,United States,Pageside,"art, fashion"
6f669,Male,23,18-24,United States,Lake Jamie,"gaming, sports, technology"
769ec,Male,23,18-24,United States,Karachester,health
789c9,Male,23,18-24,United States,Veronicaside,"technology, gaming"
796b3,Male,23,18-24,United States,Christineville,"finance, news"
7a95b,Male,23,18-24,United States,North Edwardmouth,"gaming, travel"
7f933,Male,23,18-24,United States,North Ronniehaven,"art, technology, gaming"
84bc1,Male,23,18-24,United States,East Johnfurt,"gaming, sports, fitness"
8a19f,Male,23,18-24,United States,South Darrylville,"food, travel, lifestyle"
8bb2a,Male,23,18-24,United States,Wendyville,"technology, sports, news"
942a9,Male,23,18-24,United States,East Johnchester,technology
97b0b,Male,23,18-24,United States,Jamiefort,"lifestyle, art, technology"
985a3,Male,23,18-24,United States,South Jamesbury,technology
99bb0,Male,23,18-24,United States,East Elizabethburgh,"gaming, travel"
a04b1,Male,23,18-24,United States,New Michelle,fitness
a0a39,Male,23,18-24,United States,West Michelleport,"photography, food"
a6cc4,Male,23,18-24,United States,Amberbury,photography
a6ec2,Male,23,18-24,United States,South Brian,"photography, news"
ade51,Male,23,18-24,United States,New Daniel,"gaming, food, sports"
ae051,Male,23,18-24,United States,East Melissa,sports
aee71,Male,23,18-24,United States,Smithburgh,fitness
b070c,Male,23,18-24,United States,East Jeffreyshire,gaming
b3016,Male,23,18-24,United States,Lake Eugeneside,"fitness, lifestyle, health"
bbc12,Male,23,18-24,United States,Evanshaven,"health, fashion"
c378b,Male,23,18-24,United States,Annabury,"technology, health, lifestyle"
d2bf5,Male,23,18-24,United States,New Natalie,"gaming, travel"
d2e14,Male,23,18-24,United States,Codyland,"fashion, news"
d6423,Male,23,18-24,United States,South Timothychester,health
d74af,Male,23,18-24,United States,Lake Chris,fitness
d7c93,Male,23,18-24,United States,West Aaronborough,news
d924a,Male,23,18-24,United States,West Carriemouth,technology
e29cf,Male,23,18-24,United States,Walkerhaven,news
e3517,Male,23,18-24,United States,South Brucemouth,"finance, technology, food"
e3faa,Male,23,18-24,United States,Lake Kelsey,"travel, health, technology"
e44b0,Male,23,18-24,United States,Sotoberg,news
e61bc,Male,23,18-24,United States,Loriberg,"lifestyle, travel, sports"
efced,Male,23,18-24,United States,West Dave,"lifestyle, fitness, sports"
f19ca,Male,23,18-24,United States,Lake Colleenmouth,"sports, health"
f1e33,Male,23,18-24,United States,Smithchester,news
f2602,Male,23,18-24,United States,Lake Jenniferfurt,health
f6b7a,Male,23,18-24,United States,Kaitlinville,news
fee53,Male,23,18-24,United States,Bradleyville,art
67,Male,38,35-44,United States,East Gary,"travel, gaming, art"
1320,Male,44,35-44,United States,West Tracychester,"finance, technology"
11053,Male,37,35-44,United States,Steventown,"gaming, health, news"
12050,Male,36,35-44,United States,West Jason,news
18592,Male,35,35-44,United States,West Cynthiaport,"fashion, news, travel"
21757,Male,44,35-44,United States,Melissamouth,gaming
33183,Male,35,35-44,United States,Hilltown,"lifestyle, travel, fitness"
36365,Male,36,35-44,United States,North Karenview,"gaming, health, news"
40324,Male,41,35-44,United States,Johnsontown,health
40790,Male,36,35-44,United States,South Heiditon,lifestyle
47898,Male,39,35-44,United States,New Abigail,"gaming, art"
53467,Male,39,35-44,United States,Chelseaside,"fashion, gaming"
54722,Male,37,35-44,United States,Bowersmouth,"fashion, food"
56258,Male,35,35-44,United States,Carloston,"photography, travel, fitness"
58274,Male,41,35-44,United States,Nancyport,"fitness, food"
60297,Male,37,35-44,United States,Rhondashire,"gaming, photography, travel"
61966,Male,35,35-44,United States,Lake Brittanystad,technology
62111,Male,35,35-44,United States,Nancyfurt,"food, news, photography"
70417,Male,36,35-44,United States,South Theresa,"travel, lifestyle, sports"
76805,Male,37,35-44,United States,East William,"food, fashion, technology"
81898,Male,36,35-44,United States,Clarkville,travel
87675,Male,37,35-44,United States,West Sarafort,"travel, photography, sports"
93255,Male,43,35-44,United States,North Johnbury,"travel, photography"
93789,Male,36,35-44,United States,Jacquelineshire,"photography, news, lifestyle"
94438,Male,37,35-44,United States,Harrisfort,"sports, food, art"
98184,Male,43,35-44,United States,North Ryanview,"news, food"
99369,Male,42,35-44,United States,West Ian,travel
2.98E+10,Male,44,35-44,United States,Mcgeefort,sports
5.62E+11,Male,42,35-44,United States,South Aprilburgh,"lifestyle, fitness, gaming"
7.00E+72,Male,36,35-44,United States,Rodgersville,"news, food"
5.00E+169,Male,41,35-44,United States,Barbarahaven,"sports, fashion"
01ca6,Male,37,35-44,United States,West Erika,"photography, food"
0232d,Male,39,35-44,United States,Michelleshire,"gaming, news, food"
0542d,Male,38,35-44,United States,Gregoryside,"travel, fashion"
0666b,Male,43,35-44,United States,Weaverberg,sports
07c26,Male,44,35-44,United States,New Lisa,"fitness, fashion, food"
083d0,Male,38,35-44,United States,Lake Mark,"art, food"
08f7e,Male,35,35-44,United States,Cardenasside,"finance, gaming"
099d9,Male,36,35-44,United States,New Russellstad,"lifestyle, health"
0b424,Male,35,35-44,United States,Mistyport,"food, art"
0d037,Male,36,35-44,United States,East Anthonyfurt,gaming
11fdd,Male,42,35-44,United States,East Mitchelltown,"photography, gaming"
16cc4,Male,38,35-44,United States,Ericmouth,"travel, lifestyle, gaming"
1a479,Male,42,35-44,United States,North Patriciaborough,"lifestyle, food"
1c331,Male,38,35-44,United States,South Nancy,"fitness, finance, news"
1daf9,Male,36,35-44,United States,Jaredberg,"travel, photography"
1f2ab,Male,40,35-44,United States,North Davidburgh,"sports, food, travel"
1fb4d,Male,44,35-44,United States,Danielberg,"fitness, finance, technology"
1fe8c,Male,43,35-44,United States,Brittanymouth,"photography, food"
200c8,Male,38,35-44,United States,Fostermouth,"art, finance, food"
2064e,Male,35,35-44,United States,East Patricia,fitness
224b5,Male,36,35-44,United States,South Kellyfort,"food, travel, art"
236ac,Male,35,35-44,United States,Adkinsside,travel
25aff,Male,42,35-44,United States,Wheelerstad,"art, technology, fashion"
25b2e,Male,35,35-44,United States,Stephenland,news
2b602,Male,40,35-44,United States,Woodshaven,"technology, health"
2f7e2,Male,39,35-44,United States,North Carlland,fitness
309ae,Male,41,35-44,United States,North Travis,"photography, travel"
30d2f,Male,44,35-44,United States,South Jeannefurt,technology
30ec5,Male,36,35-44,United States,Jorgeview,"news, health, travel"
33f85,Male,42,35-44,United States,Lake Erikamouth,technology
346db,Male,42,35-44,United States,Wongview,"gaming, finance, health"
34f72,Male,37,35-44,United States,East Katherine,"finance, technology"
38d13,Male,37,35-44,United States,North Dawn,gaming
397b6,Male,40,35-44,United States,Lake Natashamouth,"art, news"
3ab61,Male,35,35-44,United States,West Robert,"travel, fashion"
3ed1d,Male,40,35-44,United States,Port Dorothyton,"lifestyle, technology, sports"
4024d,Male,40,35-44,United States,Erikabury,gaming
40ece,Male,41,35-44,United States,Lake Jennifer,"finance, travel, news"
4267a,Male,36,35-44,United States,Mollyshire,"fashion, sports"
42f20,Male,37,35-44,United States,Kennethmouth,"food, sports, fashion"
4413c,Male,35,35-44,United States,Josephberg,"news, technology, finance"
460ac,Male,35,35-44,United States,New Shaun,technology
464c4,Male,39,35-44,United States,North Laurenstad,"art, finance, fitness"
46df2,Male,43,35-44,United States,Jonesfort,photography
471fa,Male,35,35-44,United States,South Bonnie,"photography, gaming"
485ec,Male,37,35-44,United States,Santiagomouth,"art, fashion"
487c5,Male,38,35-44,United States,Andrewburgh,"food, lifestyle"
4aaef,Male,42,35-44,United States,Davisfort,"gaming, sports"
4b639,Male,39,35-44,United States,South Natalie,"fitness, news"
4c10f,Male,39,35-44,United States,East Michelle,news
4d9b1,Male,35,35-44,United States,Ericshire,"finance, sports, photography"
4f9e4,Male,39,35-44,United States,Michaeltown,food
5269b,Male,37,35-44,United States,Ryanton,"finance, photography"
529d1,Male,41,35-44,United States,West Saramouth,news
59f1a,Male,39,35-44,United States,Port Anthonyview,photography
5a689,Male,38,35-44,United States,Pattersonburgh,"technology, gaming, sports"
5a705,Male,44,35-44,United States,New Deniseport,"gaming, food"
5a8e5,Male,42,35-44,United States,Lake Mary,"finance, sports, travel"
5d617,Male,39,35-44,United States,Josephmouth,technology
5f222,Male,38,35-44,United States,New Ellenland,"food, fashion, news"
5fb18,Male,36,35-44,United States,South Zoemouth,"fitness, sports"
5fbb6,Male,39,35-44,United States,New Blakefort,"gaming, food, fitness"
5fd5d,Male,36,35-44,United States,Lake Nicholaschester,art
62ff4,Male,38,35-44,United States,Nicholasborough,health
65a2f,Male,39,35-44,United States,Lake Jordanland,"health, travel, sports"
65b55,Male,36,35-44,United States,New Scottport,"fitness, fashion, photography"
66ad1,Male,38,35-44,United States,Wilsonburgh,"news, health, photography"
66c27,Male,35,35-44,United States,West Patrick,art
66cfc,Male,38,35-44,United States,North Lee,"fashion, art"
671cd,Male,38,35-44,United States,Maldonadostad,"finance, food"
67c1a,Male,43,35-44,United States,Port Kristiehaven,"fitness, gaming, fashion"
682b4,Male,37,35-44,United States,Joseside,"finance, fitness, travel"
689db,Male,39,35-44,United States,Jamesview,sports
6a612,Male,37,35-44,United States,New Melissa,"food, fashion, news"
6b034,Male,35,35-44,United States,Jamesborough,fashion
6d4db,Male,35,35-44,United States,Matthewtown,"news, lifestyle, health"
6d5f8,Male,35,35-44,United States,Cunninghammouth,gaming
6e1d8,Male,36,35-44,United States,New Mindy,fitness
6e65b,Male,44,35-44,United States,New Kiara,"finance, fashion"
7116c,Male,39,35-44,United States,West Corey,"gaming, fitness, photography"
739fc,Male,42,35-44,United States,South Jessica,"health, art, fashion"
74caf,Male,38,35-44,United States,New Mary,technology
7a9a4,Male,37,35-44,United States,East Bethmouth,photography
7b5c8,Male,37,35-44,United States,East Victoria,"fashion, health, lifestyle"
7d7b7,Male,37,35-44,United States,Lake Paula,technology
7de04,Male,35,35-44,United States,Wolfestad,fashion
7f9c6,Male,35,35-44,United States,Whitestad,"travel, art"
7fbe5,Male,36,35-44,United States,Crystalbury,"food, news"
800ed,Male,41,35-44,United States,Cynthiahaven,"food, lifestyle, photography"
80acf,Male,35,35-44,United States,West Ryan,photography
8146f,Male,37,35-44,United States,Lake Felicia,technology
8176e,Male,41,35-44,United States,Clarkland,fashion
81b08,Male,41,35-44,United States,New Michelle,health
823cd,Male,37,35-44,United States,North Andreachester,"sports, finance"
828b2,Male,44,35-44,United States,Reillystad,"art, travel"
855b2,Male,38,35-44,United States,Walshtown,"news, health"
8742e,Male,38,35-44,United States,Prattland,news
876c1,Male,41,35-44,United States,Gregoryberg,sports
87df8,Male,35,35-44,United States,East Joshuaport,finance
8cc1b,Male,36,35-44,United States,North Diane,technology
8d25d,Male,36,35-44,United States,East Angelaland,"lifestyle, fitness, finance"
8ffd4,Male,35,35-44,United States,Port Tanyaland,art
9071a,Male,39,35-44,United States,Jaredshire,"photography, lifestyle"
9412a,Male,40,35-44,United States,Angelaton,travel
98cf5,Male,44,35-44,United States,Hammondport,"technology, gaming, health"
99ac5,Male,44,35-44,United States,Janiceville,technology
9b1f2,Male,43,35-44,United States,Buckview,"health, news"
9d617,Male,41,35-44,United States,Ginaberg,"photography, lifestyle"
a2b83,Male,43,35-44,United States,Wrightstad,"fashion, sports, gaming"
a3126,Male,39,35-44,United States,Nicolebury,gaming
a3844,Male,44,35-44,United States,Jonesport,"fitness, food"
a61c5,Male,39,35-44,United States,Nathanburgh,"travel, food, art"
a7e53,Male,43,35-44,United States,Derekshire,"health, travel"
a8c2c,Male,35,35-44,United States,New Devinhaven,fashion
a8d28,Male,41,35-44,United States,Greeneland,"art, photography"
a923c,Male,36,35-44,United States,Ryantown,"sports, food"
acdfb,Male,39,35-44,United States,Meyerside,art
ae015,Male,35,35-44,United States,Benjamintown,photography
ae1ec,Male,40,35-44,United States,Longville,"news, fitness, lifestyle"
af21c,Male,37,35-44,United States,South Anita,food
af2da,Male,39,35-44,United States,Murphyhaven,art
b2a65,Male,37,35-44,United States,Simpsonton,travel
b5abf,Male,42,35-44,United States,Lewisbury,health
b626f,Male,38,35-44,United States,South Christopherfurt,fitness
b6d9b,Male,35,35-44,United States,West Samantha,"gaming, finance"
b73d5,Male,39,35-44,United States,Johnport,lifestyle
b75c9,Male,35,35-44,United States,New Abigailtown,"fashion, food"
b9ff7,Male,35,35-44,United States,Henryburgh,"photography, technology, health"
ba05c,Male,35,35-44,United States,Rhodesburgh,"gaming, fitness"
baa3b,Male,40,35-44,United States,Kramerchester,art
bae6c,Male,37,35-44,United States,Karenfurt,lifestyle
baf38,Male,36,35-44,United States,Smithstad,"fitness, art, news"
bc806,Male,43,35-44,United States,Torresfurt,"technology, fashion"
bcac7,Male,40,35-44,United States,New Jesus,photography
c1b12,Male,39,35-44,United States,North Nathanielbury,news
c27a5,Male,37,35-44,United States,East Tylerville,"gaming, health"
c3f6c,Male,37,35-44,United States,Maryview,"fashion, gaming, travel"
c4b64,Male,35,35-44,United States,Kathyshire,"art, photography, food"
c4c27,Male,36,35-44,United States,Emilytown,sports
c54e3,Male,39,35-44,United States,East Matthew,food
c587e,Male,38,35-44,United States,Catherinemouth,art
c64c0,Male,40,35-44,United States,Alexland,sports
c8539,Male,36,35-44,United States,New Janicemouth,technology
c9c60,Male,35,35-44,United States,Singhmouth,"health, art, lifestyle"
ca28d,Male,40,35-44,United States,Lake Margaretberg,"food, finance"
cbc21,Male,36,35-44,United States,Taylorstad,"gaming, technology"
cce25,Male,36,35-44,United States,New Lisa,"technology, sports"
cd48b,Male,38,35-44,United States,Monicashire,"gaming, fashion"
cf85d,Male,36,35-44,United States,Michaelfort,"news, travel"
d1ee6,Male,35,35-44,United States,Lake Melody,"fitness, photography, travel"
d2681,Male,39,35-44,United States,North Samueltown,lifestyle
d43da,Male,41,35-44,United States,Hallstad,"fashion, sports, technology"
d4597,Male,40,35-44,United States,Carrollport,gaming
d4e23,Male,35,35-44,United States,Brewershire,finance
d4f22,Male,39,35-44,United States,East Rachelview,fashion
d5729,Male,37,35-44,United States,Stoutmouth,"fitness, food"
d5fe7,Male,36,35-44,United States,New Stevenhaven,"finance, fitness, food"
d73e5,Male,36,35-44,United States,New Robertville,food
d83d9,Male,38,35-44,United States,Jennifermouth,"gaming, travel, art"
d8ae4,Male,40,35-44,United States,Nicholasshire,"photography, food, news"
d90bd,Male,37,35-44,United States,Port Jimmouth,"fashion, food, gaming"
d9482,Male,35,35-44,United States,Longshire,"art, health, fashion"
d9dbb,Male,40,35-44,United States,Port Erinstad,photography
db1fd,Male,36,35-44,United States,Lake Brandonchester,photography
dcbba,Male,41,35-44,United States,South Gregory,"art, travel, health"
dd8e1,Male,38,35-44,United States,North Kristin,"photography, art"
de20f,Male,35,35-44,United States,North Matthew,"fashion, fitness"
e07fb,Male,44,35-44,United States,East Lisashire,"news, sports, photography"
e0f54,Male,37,35-44,United States,Sherichester,"health, travel"
e464e,Male,36,35-44,United States,North Toddburgh,health
e5731,Male,39,35-44,United States,Jennifermouth,travel
e6b01,Male,39,35-44,United States,Lake Kyle,"photography, finance, fitness"
e82c1,Male,37,35-44,United States,Joneshaven,art
e9b23,Male,41,35-44,United States,Singletonport,fashion
e9c8b,Male,40,35-44,United States,Haleybury,"lifestyle, fitness, health"
ea4df,Male,37,35-44,United States,Port Robertside,fitness
ebc0f,Male,41,35-44,United States,South Lawrencechester,"travel, finance, fashion"
ed46e,Male,35,35-44,United States,Port Elizabeth,"health, fashion, finance"
edd86,Male,38,35-44,United States,Dunlapfort,"lifestyle, health"
f00fd,Male,36,35-44,United States,Lawrencefurt,"sports, lifestyle, fitness"
f032e,Male,35,35-44,United States,Port Christine,"sports, finance"
f0703,Male,44,35-44,United States,Dustinland,art
f1cf8,Male,37,35-44,United States,Lake Amber,"fashion, technology"
f3813,Male,43,35-44,United States,East Katherine,"lifestyle, fitness"
f4e8d,Male,43,35-44,United States,West Seanland,"photography, art"
f519d,Male,35,35-44,United States,Jillfurt,"food, art"
f5efe,Male,36,35-44,United States,Cuevasview,photography
f7112,Male,35,35-44,United States,Port Jasmine,news
f79cf,Male,38,35-44,United States,Dixonside,"fashion, technology"
f83f7,Male,36,35-44,United States,Lake Sheritown,"technology, health, sports"
f8aab,Male,39,35-44,United States,Lake Carlos,"art, food, sports"
f9bac,Male,35,35-44,United States,Port Rachelhaven,"food, health"
fbf9c,Male,39,35-44,United States,Elizabethville,sports
fc970,Male,44,35-44,United States,Lauramouth,"health, fashion"
fcd9e,Male,36,35-44,United States,Ashleyfurt,"gaming, fitness, finance"
fd62d,Male,36,35-44,United States,Atkinsonside,"news, travel"
fe0c6,Male,39,35-44,United States,West Amber,"lifestyle, finance, fitness"
fe0cd,Male,43,35-44,United States,North Donna,"finance, technology"
fe69a,Male,42,35-44,United States,West Michaelport,"fitness, finance, fashion"
ff16b,Male,35,35-44,United States,Costafort,"health, sports"
1095,Female,42,35-44,United States,Jamesville,"lifestyle, technology"
11144,Female,37,35-44,United States,South Suzanne,sports
21025,Female,40,35-44,United States,South Christineburgh,"finance, food, technology"
54839,Female,38,35-44,United States,Wendytown,"travel, fitness"
57394,Female,40,35-44,United States,Blackburnmouth,"health, technology"
68859,Female,38,35-44,United States,South Joshua,"photography, travel"
76182,Female,36,35-44,United States,Goldenside,"art, fashion"
77724,Female,36,35-44,United States,Newtontown,health
90112,Female,41,35-44,United States,West Tomshire,"technology, art, gaming"
92779,Female,36,35-44,United States,New Maureenburgh,"art, health, travel"
98295,Female,37,35-44,United States,Prattshire,"sports, health, travel"
4.10E+07,Female,36,35-44,United States,Lake Victoriaview,"food, fashion"
8.95E+09,Female,37,35-44,United States,Steventown,"fitness, gaming, finance"
6.00E+237,Female,41,35-44,United States,Copelandbury,travel
0110c,Female,35,35-44,United States,South Johnburgh,"travel, lifestyle"
071ca,Female,43,35-44,United States,Port Melissastad,"sports, technology, finance"
0772a,Female,35,35-44,United States,Valentineberg,"technology, sports"
0c0a3,Female,36,35-44,United States,Tracyview,"news, sports"
0db95,Female,41,35-44,United States,East Joan,"fashion, health"
0fa78,Female,37,35-44,United States,Smithside,"finance, art"
11c40,Female,41,35-44,United States,Josephshire,"finance, sports"
12e9a,Female,39,35-44,United States,Rachelburgh,"fitness, travel, sports"
16ad7,Female,37,35-44,United States,Judyside,gaming
1853c,Female,42,35-44,United States,East Josehaven,travel
18b56,Female,37,35-44,United States,Lucasburgh,technology
19a7f,Female,43,35-44,United States,East Tyler,"finance, food, lifestyle"
19bcd,Female,41,35-44,United States,Deborahport,finance
1a306,Female,36,35-44,United States,Alanland,"fashion, news, technology"
1d7ff,Female,38,35-44,United States,East Katherine,fitness
1dfe8,Female,42,35-44,United States,Rodgersfort,"finance, art, fitness"
2213d,Female,36,35-44,United States,North Bethland,food
2235d,Female,40,35-44,United States,Lake Troy,"gaming, lifestyle, health"
23a17,Female,35,35-44,United States,Duncanstad,"finance, travel"
23b0b,Female,37,35-44,United States,East Lisastad,"fashion, sports"
250ff,Female,42,35-44,United States,Lake Natalie,travel
25a93,Female,36,35-44,United States,Georgeshire,sports
25cd1,Female,44,35-44,United States,New Curtisbury,"news, finance, health"
26c6e,Female,35,35-44,United States,South Joseph,photography
2ddfc,Female,38,35-44,United States,Merrittside,"food, fitness, art"
32d1b,Female,36,35-44,United States,Lake Richard,food
33cf4,Female,36,35-44,United States,Duncanbury,"photography, travel, fitness"
36c47,Female,36,35-44,United States,East Nancy,"technology, news"
37c50,Female,36,35-44,United States,Petersonview,"health, technology, photography"
418c3,Female,38,35-44,United States,East William,"food, fitness"
41a5c,Female,37,35-44,United States,East Terri,"gaming, food"
4515c,Female,43,35-44,United States,Lake Matthew,"gaming, sports, food"
47aa1,Female,38,35-44,United States,Lake Jason,photography
47d9b,Female,40,35-44,United States,South Robinmouth,technology
4b8fe,Female,38,35-44,United States,Josephstad,"news, lifestyle, food"
4cd54,Female,43,35-44,United States,East William,technology
50bea,Female,38,35-44,United States,Masonport,travel
512d1,Female,42,35-44,United States,Clarkhaven,"finance, travel"
53e7d,Female,38,35-44,United States,North John,"travel, lifestyle, gaming"
56b58,Female,35,35-44,United States,West Yvonne,"gaming, sports"
56e9d,Female,38,35-44,United States,South Jennifer,"art, news"
585b3,Female,36,35-44,United States,Dawnfort,"food, fashion, fitness"
59c4c,Female,36,35-44,United States,Ashleeburgh,"fitness, health"
5ff27,Female,44,35-44,United States,Cynthiaview,health
6041f,Female,37,35-44,United States,East Hollyberg,lifestyle
627b3,Female,42,35-44,United States,South Sydney,fitness
6541f,Female,38,35-44,United States,Saratown,news
6854f,Female,40,35-44,United States,North Gabriellestad,"health, travel, food"
6a79a,Female,40,35-44,United States,Evansbury,"health, fitness"
6b772,Female,39,35-44,United States,Marisaton,health
6c769,Female,41,35-44,United States,West Brandi,"art, sports"
7379a,Female,38,35-44,United States,Williamsberg,"news, art, lifestyle"
7439e,Female,38,35-44,United States,Daisyside,"finance, art, fashion"
7a2cd,Female,40,35-44,United States,West Matthew,fashion
7a607,Female,44,35-44,United States,East Ryan,"sports, fashion"
7a7b6,Female,38,35-44,United States,Allisonport,"finance, gaming"
7d3ee,Female,36,35-44,United States,New Danielbury,"health, news"
7f619,Female,43,35-44,United States,West Emilyborough,"fashion, finance"
803cd,Female,36,35-44,United States,Port Amanda,"sports, art"
816b7,Female,40,35-44,United States,Christopherfurt,"news, technology"
816f5,Female,41,35-44,United States,Bensontown,"technology, news, gaming"
83e3e,Female,36,35-44,United States,East Sara,fashion
84d52,Female,37,35-44,United States,Clarkehaven,"lifestyle, photography"
874a2,Female,35,35-44,United States,South Bridgettown,"lifestyle, finance"
8865e,Female,41,35-44,United States,West Alexandramouth,sports
8872f,Female,39,35-44,United States,Juliefurt,"fashion, health, gaming"
8cfc0,Female,35,35-44,United States,North Jo,"fashion, lifestyle"
8d059,Female,37,35-44,United States,Floreston,"fashion, health"
8e457,Female,42,35-44,United States,West Davidton,"food, fashion, art"
950ab,Female,39,35-44,United States,Port Vickieland,"food, gaming"
967f3,Female,36,35-44,United States,Ashleyfurt,travel
9ca14,Female,35,35-44,United States,Port Pamelastad,gaming
9d58c,Female,35,35-44,United States,Gregoryborough,"fitness, fashion, art"
a0199,Female,36,35-44,United States,West Raymond,"fashion, technology, health"
a26ef,Female,37,35-44,United States,Claytonfort,"food, art, sports"
a2fc8,Female,36,35-44,United States,North Kathyside,"sports, food, photography"
a354d,Female,40,35-44,United States,Royland,"lifestyle, sports, news"
a627d,Female,35,35-44,United States,Harperside,"photography, technology"
a6936,Female,35,35-44,United States,Lake Jasonmouth,"sports, art, travel"
a6a2a,Female,35,35-44,United States,Gregorystad,news
a6eeb,Female,39,35-44,United States,Gutierrezland,fitness
a7379,Female,37,35-44,United States,Silvabury,"fitness, sports"
a7d05,Female,40,35-44,United States,West Ashley,lifestyle
a8e83,Female,36,35-44,United States,Port Peggy,technology
a9ef8,Female,39,35-44,United States,West Ashleefurt,photography
ada81,Female,35,35-44,United States,Jessehaven,"photography, lifestyle"
ae6c7,Female,43,35-44,United States,North Jonathan,"fashion, lifestyle, food"
b0b7d,Female,38,35-44,United States,Lake Maria,art
b33c8,Female,36,35-44,United States,North Zacharystad,"news, finance, food"
b87f7,Female,37,35-44,United States,North Jeffreyville,"sports, gaming, fitness"
c1568,Female,39,35-44,United States,North Tamaramouth,"photography, news"
c4476,Female,44,35-44,United States,Katieport,health
c4bc4,Female,38,35-44,United States,North Carlaton,"lifestyle, art"
c6e95,Female,35,35-44,United States,New Laura,photography
ca1a6,Female,38,35-44,United States,Daytown,health
cb702,Female,36,35-44,United States,Vincentfurt,art
cbd49,Female,44,35-44,United States,Johnsonville,"art, technology"
cc0e0,Female,40,35-44,United States,Rayhaven,"health, lifestyle, gaming"
cd28c,Female,40,35-44,United States,Martinezville,lifestyle
cf05e,Female,37,35-44,United States,South Jessica,travel
d19fe,Female,36,35-44,United States,West Richardside,"food, travel"
d24c2,Female,37,35-44,United States,Garrettburgh,"lifestyle, photography, fashion"
d4abf,Female,43,35-44,United States,East Josephfort,photography
d5585,Female,36,35-44,United States,North Martha,"art, lifestyle, gaming"
d616c,Female,39,35-44,United States,Latoyachester,"finance, lifestyle, news"
d6ee4,Female,38,35-44,United States,Lake Michaelburgh,"sports, fashion"
d77d6,Female,44,35-44,United States,Danieltown,gaming
d8bf8,Female,40,35-44,United States,North Matthew,"food, technology"
d93d2,Female,35,35-44,United States,Lake Kaitlyn,"travel, technology, food"
da2ad,Female,44,35-44,United States,South Erichaven,gaming
dc5fd,Female,40,35-44,United States,West Joshua,"news, food, fitness"
de348,Female,38,35-44,United States,Lopezton,gaming
e0058,Female,38,35-44,United States,Martinside,art
e2694,Female,36,35-44,United States,Cherylmouth,sports
e27ec,Female,35,35-44,United States,Rodgersmouth,finance
e33dd,Female,35,35-44,United States,Lake Matthewtown,"gaming, news"
eaca3,Female,40,35-44,United States,Longfort,"photography, fitness"
f0727,Female,35,35-44,United States,Port Richardhaven,technology
f29d6,Female,40,35-44,United States,West Sherry,"gaming, sports"
f2f5d,Female,40,35-44,United States,West David,lifestyle
f45b7,Female,38,35-44,United States,South Curtismouth,"finance, technology, travel"
f6e4d,Female,38,35-44,United States,Evanfurt,"health, food, gaming"
fc3a6,Female,37,35-44,United States,Arthurchester,"finance, lifestyle, sports"
ff6b6,Female,41,35-44,United States,Lake Meganberg,"food, sports"
6503,Other,35,35-44,United States,Murphymouth,"travel, fitness"
15131,Other,41,35-44,United States,Stacyburgh,"fashion, art, gaming"
70737,Other,41,35-44,United States,Grossfort,"gaming, art, news"
92059,Other,36,35-44,United States,South Sherryport,"art, technology"
3.00E+101,Other,38,35-44,United States,Victoriafort,"health, gaming, finance"
00a3d,Other,43,35-44,United States,Port Brett,lifestyle
0203d,Other,40,35-44,United States,Kimfort,"finance, travel"
08d14,Other,35,35-44,United States,New Cynthia,"fitness, sports"
13e2b,Other,40,35-44,United States,Jasonmouth,"art, technology, photography"
1b2d7,Other,40,35-44,United States,New Joann,sports
1c8b3,Other,35,35-44,United States,Lake Allenborough,finance
1da5e,Other,39,35-44,United States,Port Timothy,"finance, technology, fitness"
2df0a,Other,42,35-44,United States,Karenfurt,"travel, fitness"
422d5,Other,36,35-44,United States,Port Mary,"gaming, finance"
44d55,Other,40,35-44,United States,Patriciaport,"news, health, travel"
44db7,Other,37,35-44,United States,Lake Sherrimouth,"photography, food, fashion"
45ed2,Other,37,35-44,United States,Lake Kristopher,"travel, fitness, health"
4afc8,Other,38,35-44,United States,Angelamouth,"gaming, health"
4b68a,Other,37,35-44,United States,Tarafort,"travel, food, fitness"
60a52,Other,40,35-44,United States,Jonesport,gaming
6534d,Other,37,35-44,United States,Willisside,"food, technology"
65b08,Other,36,35-44,United States,New Jessica,sports
77f1e,Other,37,35-44,United States,Leonardchester,news
7ad8b,Other,37,35-44,United States,Amymouth,lifestyle
8b93e,Other,40,35-44,United States,Michelleberg,"fashion, lifestyle, gaming"
999ff,Other,41,35-44,United States,Fowlerchester,"fitness, sports"
a068d,Other,35,35-44,United States,Lake Calebfurt,news
a6692,Other,39,35-44,United States,East Leonardmouth,"food, sports"
a6693,Other,36,35-44,United States,Stephenside,"gaming, finance, sports"
a744c,Other,38,35-44,United States,West David,sports
b0505,Other,40,35-44,United States,Parkermouth,technology
bc8b2,Other,37,35-44,United States,East Claytonfurt,"sports, lifestyle"
bf846,Other,38,35-44,United States,South Emily,"fitness, health, food"
c25d9,Other,39,35-44,United States,South Kristina,"travel, lifestyle"
c4920,Other,36,35-44,United States,Matthewstad,sports
cc3f9,Other,38,35-44,United States,Port Derek,"food, gaming, fashion"
cde4b,Other,40,35-44,United States,Anthonymouth,sports
cf5cd,Other,43,35-44,United States,New Markchester,photography
dcfe2,Other,36,35-44,United States,East Royton,"fitness, food"
e1482,Other,37,35-44,United States,Christophershire,"sports, finance"
e3871,Other,35,35-44,United States,Lucasborough,"art, technology, photography"
e53e5,Other,35,35-44,United States,Gardnerville,news
e5799,Other,39,35-44,United States,Hoganburgh,gaming
e5fdc,Other,40,35-44,United States,Lake Shannonside,"fitness, food, lifestyle"
ee722,Other,39,35-44,United States,Andrewmouth,art
f48d1,Other,35,35-44,United States,Batesview,fashion
fb4f3,Other,41,35-44,United States,South Johnnyport,news
8559,Other,42,35-44,United Kingdom,Anthonystad,"sports, gaming"
40159,Other,35,35-44,Australia,Lopezhaven,lifestyle
67181,Other,35,35-44,Australia,Port Catherineville,"health, fashion, sports"
71111,Other,36,35-44,Brazil,East Mitchellchester,"photography, technology, finance"
72125,Other,39,35-44,Australia,Lake Michael,"technology, art"
72355,Other,37,35-44,Canada,Port Rebekah,"finance, news"
78291,Other,44,35-44,Germany,North Kristin,"photography, news, travel"
81941,Other,37,35-44,France,Port Brett,health
86474,Other,39,35-44,Australia,East Christy,sports
94984,Other,35,35-44,Australia,Matthewberg,"photography, finance, travel"
7.13E+11,Other,36,35-44,India,Port Jamieside,"photography, sports"
5.80E+16,Other,39,35-44,Canada,Davidburgh,travel
9.00E+83,Other,39,35-44,Mexico,Kylefort,"travel, sports"
02d0d,Other,36,35-44,Germany,Chantown,"news, food, lifestyle"
03fd9,Other,36,35-44,Japan,Wumouth,"lifestyle, fashion, art"
04b67,Other,36,35-44,India,West Johnport,"technology, news, gaming"
0605f,Other,36,35-44,India,Erintown,sports
0655a,Other,35,35-44,Australia,New Lauren,fashion
0a6ec,Other,42,35-44,Canada,East Codyborough,news
0b8c5,Other,38,35-44,Germany,Lopezland,"art, gaming"
0f29e,Other,36,35-44,Canada,Williamborough,"travel, finance, news"
0fe7a,Other,39,35-44,United Kingdom,Matthewburgh,"gaming, travel"
13fd8,Other,40,35-44,Mexico,Lake Kristentown,"lifestyle, food"
1e758,Other,39,35-44,India,Lindahaven,travel
2031b,Other,43,35-44,France,South Bethany,"finance, art, travel"
25a4b,Other,38,35-44,Germany,New Ricardoberg,"gaming, fitness"
2b18c,Other,41,35-44,United Kingdom,West Billyville,"gaming, photography"
2c56b,Other,39,35-44,Brazil,South Lisahaven,news
2ce19,Other,44,35-44,Japan,Lake Benjamin,"fitness, fashion"
2d2bf,Other,44,35-44,Mexico,West Danside,art
325fd,Other,36,35-44,Australia,East Kennethberg,"art, news, fashion"
350ac,Other,35,35-44,United Kingdom,West Vincentmouth,gaming
3ad79,Other,38,35-44,United Kingdom,Port Cynthia,"health, art, news"
3b667,Other,37,35-44,India,Coxfort,"health, gaming"
3c02f,Other,37,35-44,India,Port Shannon,travel
3ddf7,Other,38,35-44,Germany,Port Joel,"sports, technology, art"
43b3f,Other,38,35-44,United Kingdom,North Patrickborough,"sports, fashion, fitness"
46ed7,Other,39,35-44,Australia,West Davidshire,"news, finance, travel"
4a36f,Other,36,35-44,France,Jodyborough,"lifestyle, fashion"
4bc54,Other,35,35-44,France,West Jay,"food, technology"
4c574,Other,44,35-44,Japan,Brandonmouth,fitness
4e9bf,Other,40,35-44,Canada,Jennifermouth,"sports, food, fitness"
4fd11,Other,38,35-44,India,Lauramouth,"photography, travel, food"
516aa,Other,35,35-44,Germany,South Gabrielmouth,"lifestyle, fashion"
51ca0,Other,35,35-44,India,Amandachester,"art, food"
5298b,Other,36,35-44,India,Navarroport,"news, fitness"
55c98,Other,35,35-44,Australia,South Jeffreyland,"travel, fitness"
564ae,Other,38,35-44,Germany,Lake David,travel
589cf,Other,37,35-44,Japan,Moorechester,"gaming, technology, finance"
5e6a8,Other,38,35-44,Canada,Lake Jonathan,"finance, fashion"
5eb27,Other,35,35-44,Australia,Jennifershire,"fitness, travel, sports"
6120f,Other,41,35-44,Japan,Peterfurt,art
66c22,Other,42,35-44,India,New Dennisshire,"food, finance, health"
6738f,Other,44,35-44,Canada,South Carol,"health, technology"
68d36,Other,39,35-44,Canada,Shawnshire,"fashion, sports, photography"
8487d,Other,37,35-44,Canada,South Thomasberg,fitness
96a4a,Other,36,35-44,Australia,South Kimberly,"health, food, lifestyle"
98d23,Other,35,35-44,Mexico,Port Bradleymouth,fashion
98f16,Other,43,35-44,Canada,North Adam,fitness
9bef6,Other,35,35-44,Canada,Jamesfurt,finance
9dbaf,Other,42,35-44,Mexico,Stephenstown,sports
9f1c1,Other,39,35-44,Canada,North Stephanieside,"news, finance, sports"
a2579,Other,37,35-44,Mexico,Kellifort,"technology, finance, travel"
a2a9f,Other,39,35-44,Germany,Martinezland,"photography, travel"
abb51,Other,38,35-44,Canada,Port Williamton,"sports, fitness"
ae41e,Other,38,35-44,Germany,Lake Jessicaport,"travel, health"
aef6e,Other,40,35-44,India,Port Brendan,"lifestyle, news, technology"
b6e74,Other,39,35-44,United Kingdom,West Jeffreyshire,"sports, health"
bc6e6,Other,40,35-44,France,Martinville,"food, sports"
bffae,Other,40,35-44,United Kingdom,South Matthewville,travel
c10ea,Other,36,35-44,Canada,Garnerburgh,food
ca816,Other,39,35-44,Brazil,Ryanville,"health, photography"
ced11,Other,38,35-44,Canada,Davidfort,"sports, technology"
cf334,Other,44,35-44,Canada,Lake Stephenfurt,"fashion, photography, finance"
d02a2,Other,37,35-44,United Kingdom,Antonioville,gaming
d037b,Other,39,35-44,Australia,Wallacechester,"lifestyle, finance"
da8dc,Other,35,35-44,Australia,Sotofort,lifestyle
dc6e9,Other,37,35-44,Mexico,Clarkshire,"art, fitness"
de647,Other,43,35-44,Canada,Maynardburgh,"food, gaming, art"
e45d1,Other,44,35-44,Mexico,Wrightland,"lifestyle, finance"
e4911,Other,42,35-44,United Kingdom,Lake Raymondhaven,"gaming, technology, lifestyle"
e8e23,Other,36,35-44,Canada,Shawberg,"lifestyle, health"
ec28f,Other,37,35-44,Brazil,Laneton,"fitness, travel, fashion"
ec45c,Other,41,35-44,United Kingdom,Stoutside,"food, fashion, art"
ee7e4,Other,37,35-44,India,Fordshire,finance
f1e5b,Other,43,35-44,India,New Julie,"lifestyle, photography, health"
f1e5d,Other,35,35-44,India,Davishaven,"art, health"
f2ff6,Other,38,35-44,France,Webstershire,fitness
f78e9,Other,35,35-44,United Kingdom,Williamsport,"food, technology, fashion"
f9b13,Other,35,35-44,United Kingdom,Williamchester,fitness
fb560,Other,37,35-44,United Kingdom,South James,"travel, food"
fef4f,Other,40,35-44,Mexico,Jenniferland,sports
ff50e,Other,42,35-44,Australia,Jessicatown,"lifestyle, travel, food"
1239,Female,42,35-44,Brazil,North Johnshire,health
1549,Female,42,35-44,Australia,Gonzalezberg,"travel, art"
2929,Female,35,35-44,Australia,Kathybury,"art, fitness"
6471,Female,41,35-44,Canada,East Michaelville,"health, lifestyle"
10394,Female,35,35-44,Canada,North Dwayneberg,"health, finance"
10621,Female,40,35-44,Germany,Michealfort,"finance, food"
12622,Female,42,35-44,United Kingdom,Webbfort,travel
18056,Female,37,35-44,United Kingdom,North Teresa,"health, travel"
19514,Female,38,35-44,Canada,New Ryanbury,"fitness, food"
20667,Female,40,35-44,Japan,Berrychester,travel
21307,Female,38,35-44,Australia,Cooperchester,lifestyle
32027,Female,42,35-44,India,Erinhaven,"photography, sports, art"
32612,Female,35,35-44,Australia,East Jacob,"art, photography, technology"
36886,Female,42,35-44,United Kingdom,East Debbiefurt,"photography, health, art"
43190,Female,39,35-44,Japan,Justinhaven,"lifestyle, food"
52594,Female,37,35-44,United Kingdom,Jeremyland,"health, lifestyle, sports"
55060,Female,39,35-44,Brazil,Shaunview,"food, health"
55901,Female,39,35-44,Canada,New Darrylfurt,technology
60925,Female,38,35-44,Brazil,Nathanborough,"art, travel, photography"
63487,Female,39,35-44,United Kingdom,East Douglas,"lifestyle, fitness, fashion"
64674,Female,39,35-44,Brazil,South Tonyberg,"fashion, fitness"
67950,Female,35,35-44,Brazil,East Jasmineburgh,"lifestyle, art"
70276,Female,43,35-44,United Kingdom,North Christina,"photography, finance"
70475,Female,41,35-44,Australia,Port Jared,"fitness, news, lifestyle"
72027,Female,38,35-44,Canada,Clarkshire,"fashion, finance"
81069,Female,37,35-44,India,South Stephen,"fashion, news, food"
82175,Female,40,35-44,Germany,Stephenview,news
86663,Female,40,35-44,United Kingdom,Bartonmouth,"sports, gaming, photography"
89074,Female,39,35-44,Australia,Frenchberg,"finance, fitness, news"
96348,Female,38,35-44,Germany,New James,"art, gaming, photography"
97424,Female,37,35-44,Australia,South Kaylachester,"art, news, lifestyle"
97793,Female,35,35-44,Germany,Robinsontown,"fitness, news"
99991,Female,38,35-44,Germany,West Justinshire,"technology, travel, fitness"
2.46E+06,Female,39,35-44,Germany,West Yolanda,"fashion, photography"
5.10E+16,Female,41,35-44,France,Leeland,travel
7.00E+22,Female,35,35-44,United Kingdom,Dustinview,"news, technology"
2.00E+275,Female,43,35-44,Australia,New Jessica,news
0023e,Female,35,35-44,India,South Lauren,"lifestyle, fitness, health"
00e8d,Female,35,35-44,France,Scotttown,"news, fashion"
01c05,Female,40,35-44,Canada,Lake Cameronborough,"technology, fitness, sports"
0308a,Female,40,35-44,India,Mitchellshire,gaming
03c8a,Female,35,35-44,United Kingdom,Shahstad,"health, fashion, food"
058ba,Female,38,35-44,India,North Robertstad,gaming
0760c,Female,38,35-44,United Kingdom,Millerberg,"fashion, gaming"
09a07,Female,35,35-44,Germany,New Christopherchester,"finance, photography, fitness"
0a3a4,Female,35,35-44,France,Lisafurt,finance
0c446,Female,35,35-44,Japan,West Morgan,"art, gaming, finance"
0f119,Female,38,35-44,France,Harperfurt,"fitness, food"
12fb7,Female,41,35-44,United Kingdom,South Brandon,art
138c0,Female,42,35-44,Canada,Jessebury,travel
14d07,Female,35,35-44,United Kingdom,Port Robertport,"food, lifestyle"
14f32,Female,37,35-44,United Kingdom,Craigfurt,"food, lifestyle, fitness"
16ffa,Female,41,35-44,Germany,North Crystal,travel
170b6,Female,35,35-44,Germany,East Jasonmouth,finance
1a75b,Female,38,35-44,Mexico,East Ann,"travel, art, health"
1a7ac,Female,41,35-44,India,East Cassandrahaven,travel
1a82a,Female,35,35-44,Canada,Port Natasha,sports
1a9ff,Female,39,35-44,India,North Ana,"fitness, news, sports"
1abd1,Female,37,35-44,Australia,South Danielburgh,"news, health"
1b7fb,Female,38,35-44,Germany,Roblesville,health
1c96d,Female,40,35-44,United Kingdom,Savannahville,"food, art"
1decb,Female,42,35-44,Brazil,Tiffanyfurt,"health, news, finance"
1edc6,Female,35,35-44,Mexico,Georgeland,"lifestyle, sports, finance"
1ef29,Female,44,35-44,Australia,Lake John,"news, art"
1f8c9,Female,37,35-44,Canada,Javierport,"health, finance, travel"
206f8,Female,38,35-44,Japan,West Tiffany,"food, fashion"
207b0,Female,39,35-44,United Kingdom,Port Ryan,"technology, food, gaming"
2184c,Female,38,35-44,France,Kirbyland,fashion
22a14,Female,37,35-44,United Kingdom,Nicholsland,"lifestyle, food"
22ac4,Female,43,35-44,Brazil,Michaelhaven,lifestyle
22da4,Female,40,35-44,Germany,New Jacksonville,"sports, food, gaming"
239d2,Female,39,35-44,United Kingdom,New Lisa,photography
23ffc,Female,43,35-44,Canada,Danielburgh,"lifestyle, fashion, food"
2665c,Female,35,35-44,United Kingdom,West Davidfort,travel
26d89,Female,39,35-44,Australia,New Michaelstad,food
2796c,Female,38,35-44,United Kingdom,South Wyatt,"technology, fashion"
2801a,Female,44,35-44,Mexico,Nathanland,gaming
2957f,Female,37,35-44,Mexico,North Saraburgh,sports
2cdb2,Female,37,35-44,Australia,Lake Christopherville,travel
2d109,Female,40,35-44,Brazil,Jessicaton,"gaming, technology, fitness"
2dd09,Female,39,35-44,United Kingdom,Deborahtown,sports
2e9b0,Female,39,35-44,Australia,Youngburgh,"news, sports"
3152d,Female,37,35-44,Japan,Rowemouth,"gaming, art"
3177e,Female,39,35-44,United Kingdom,East Kathrynville,photography
321b8,Female,37,35-44,India,Melindachester,"sports, lifestyle, travel"
33df1,Female,35,35-44,United Kingdom,Port Nathan,"food, travel"
34cf5,Female,39,35-44,India,Annestad,fashion
361c9,Female,37,35-44,Germany,South Brian,"technology, travel, gaming"
364df,Female,38,35-44,Australia,Martinezfurt,"art, fashion, technology"
3788d,Female,42,35-44,Canada,North Michael,"finance, fitness, technology"
37d3c,Female,39,35-44,Germany,Lake Edwin,gaming
3a652,Female,35,35-44,France,Denisefurt,"fitness, gaming, technology"
3d9c8,Female,35,35-44,Germany,New Michael,"news, sports"
3e654,Female,35,35-44,Canada,North Shannonmouth,lifestyle
3f651,Female,40,35-44,Canada,Kingmouth,technology
40f41,Female,35,35-44,India,Port Douglas,"gaming, food, finance"
41b5a,Female,35,35-44,Australia,New David,sports
41c74,Female,42,35-44,Australia,East Teresa,"technology, food, lifestyle"
4216a,Female,40,35-44,Canada,Stricklandberg,"technology, fitness"
426da,Female,35,35-44,Canada,Calderonton,"fashion, gaming, lifestyle"
434a1,Female,35,35-44,Canada,Melissafort,sports
4492a,Female,43,35-44,Mexico,East Aliciabury,"gaming, fashion, health"
44bdd,Female,42,35-44,United Kingdom,North Williamborough,"fitness, news, sports"
44d3e,Female,35,35-44,Germany,East Jamestown,fitness
457b9,Female,37,35-44,United Kingdom,Lake Miranda,"finance, food, travel"
4610f,Female,43,35-44,Canada,Jonesville,"travel, news, fitness"
47fac,Female,37,35-44,Japan,Russellstad,"travel, gaming, health"
486a5,Female,44,35-44,Canada,Port Annette,"gaming, news, sports"
48cd2,Female,44,35-44,Australia,Nelsonview,art
49b8d,Female,35,35-44,United Kingdom,Kimberlymouth,"art, photography, food"
49dd5,Female,35,35-44,Germany,Lake Sherryfort,health
4a0c9,Female,42,35-44,Canada,South Sandraberg,photography
4b817,Female,38,35-44,Germany,Wigginsmouth,travel
4c392,Female,38,35-44,Brazil,New David,"fashion, sports, gaming"
4c624,Female,41,35-44,Japan,South Stevenbury,"sports, photography, travel"
4c94c,Female,42,35-44,United Kingdom,Rossfurt,"food, art, photography"
4d20f,Female,41,35-44,Australia,Lake Derrickstad,"travel, food"
4d76a,Female,35,35-44,Canada,West Jenniferbury,health
4e9dc,Female,41,35-44,Japan,North Samanthachester,fashion
4f3f1,Female,39,35-44,Canada,New Christopher,travel
4ff50,Female,35,35-44,Germany,Port Peter,"technology, fitness"
507b4,Female,37,35-44,Japan,East Vickistad,"finance, health, photography"
511cb,Female,42,35-44,United Kingdom,Billyburgh,"travel, fashion, technology"
5148a,Female,40,35-44,United Kingdom,Gregoryshire,news
52cfa,Female,39,35-44,Australia,Lake Christopher,"photography, fashion, food"
55dbe,Female,35,35-44,United Kingdom,South Adam,"finance, lifestyle, fashion"
5687a,Female,37,35-44,Mexico,Flemingborough,"food, technology"
56fa5,Female,35,35-44,India,Lake Andrewmouth,"news, art, food"
58b30,Female,38,35-44,Brazil,Jenniferborough,"finance, fitness"
5a65f,Female,39,35-44,United Kingdom,South Nicolechester,"gaming, finance, news"
5ccf0,Female,44,35-44,United Kingdom,Lake Williamside,"art, lifestyle"
5ede3,Female,38,35-44,United Kingdom,New Eric,health
5f240,Female,41,35-44,Canada,Lanehaven,lifestyle
5f4da,Female,37,35-44,Brazil,Reyesstad,travel
5f8ac,Female,38,35-44,United Kingdom,West Allisonhaven,"health, gaming"
61a29,Female,37,35-44,United Kingdom,Knightstad,art
634f9,Female,35,35-44,Mexico,Simmonsland,"food, travel"
65a1d,Female,37,35-44,France,West Billhaven,health
679c2,Female,35,35-44,Canada,Cannonshire,"health, fashion"
67bc9,Female,44,35-44,France,Alanshire,fashion
6950c,Female,35,35-44,United Kingdom,Lauramouth,"travel, finance"
69dbf,Female,38,35-44,Japan,East Angelica,news
6d18c,Female,44,35-44,United Kingdom,West Josephmouth,health
6d574,Female,37,35-44,Australia,Rebeccahaven,fitness
6e50b,Female,40,35-44,Canada,Port Kathyburgh,"food, fitness"
71cbe,Female,40,35-44,India,East Brettborough,"health, photography, finance"
72c19,Female,35,35-44,United Kingdom,East Jamiestad,"technology, health"
7335d,Female,41,35-44,Germany,Tylerbury,"fashion, fitness, finance"
76b99,Female,35,35-44,Canada,Lake Carolfurt,lifestyle
76df1,Female,37,35-44,Brazil,Manningside,"fitness, fashion"
7767c,Female,40,35-44,India,Carpenterfurt,news
787ba,Female,38,35-44,United Kingdom,Davidland,"travel, news, photography"
79eee,Female,35,35-44,Japan,Daviston,"technology, news"
7c308,Female,39,35-44,Australia,Schmidtmouth,travel
7e2a8,Female,39,35-44,Japan,Georgefurt,"sports, travel, art"
7e86d,Female,43,35-44,Australia,South Anthonymouth,travel
7f18a,Female,35,35-44,Brazil,Byrdborough,"travel, photography, food"
806c3,Female,37,35-44,United Kingdom,South Kevinville,"health, travel, sports"
812cd,Female,37,35-44,Japan,Nealton,"gaming, news"
81c4c,Female,43,35-44,Canada,North Christina,"fashion, health, technology"
824c9,Female,35,35-44,Australia,South Mark,"travel, fashion, health"
83e3d,Female,40,35-44,United Kingdom,West Melissaside,"finance, gaming, food"
889cc,Female,38,35-44,France,Anthonyville,"art, health"
88afc,Female,35,35-44,Canada,Leebury,"lifestyle, finance, photography"
89df1,Female,40,35-44,France,Christopherstad,"fitness, finance, food"
8b84c,Female,39,35-44,United Kingdom,Lake Michellehaven,fitness
8bfe1,Female,35,35-44,United Kingdom,Jamesport,"sports, travel"
8cce0,Female,37,35-44,United Kingdom,Allenburgh,lifestyle
8e1de,Female,42,35-44,United Kingdom,Lake Christopherhaven,"finance, health, art"
91b90,Female,41,35-44,United Kingdom,East Jamesview,"health, food, lifestyle"
947be,Female,41,35-44,Brazil,Trevorburgh,"health, photography"
96f19,Female,42,35-44,Japan,West Jason,"fashion, food"
9ba5a,Female,39,35-44,United Kingdom,Port Patty,art
9c334,Female,37,35-44,United Kingdom,Port Nathanhaven,"gaming, art"
9dd67,Female,38,35-44,Mexico,West Thomas,gaming
9f760,Female,39,35-44,Canada,Markburgh,travel
9fcd7,Female,39,35-44,United Kingdom,Christineview,"lifestyle, technology, news"
a0640,Female,35,35-44,Germany,Reyesmouth,travel
a24cb,Female,42,35-44,Canada,West Christopherton,news
a2737,Female,41,35-44,United Kingdom,East Diana,travel
a2dbf,Female,38,35-44,United Kingdom,South Sarah,"finance, art, sports"
a3599,Female,37,35-44,Canada,Port Michael,news
a3ba9,Female,37,35-44,India,Michaelchester,"lifestyle, fashion"
a44aa,Female,40,35-44,Mexico,South Hollyberg,"photography, travel"
a4d93,Female,39,35-44,Australia,North Melissa,"photography, food, gaming"
a77cf,Female,37,35-44,Canada,Lauraburgh,"finance, fitness, photography"
a8505,Female,40,35-44,Mexico,Lake Jacktown,"food, sports, travel"
a9042,Female,37,35-44,Brazil,Garciafort,"art, news, food"
a943d,Female,37,35-44,Mexico,Tonyabury,travel
aaceb,Female,41,35-44,France,West Michellemouth,finance
ab486,Female,38,35-44,Brazil,Janetmouth,lifestyle
ab7c0,Female,35,35-44,Germany,New Garrett,"sports, news"
ab9ad,Female,38,35-44,Japan,Underwoodville,news
ace25,Female,40,35-44,Japan,Markberg,"gaming, photography"
adc63,Female,35,35-44,France,North Cynthiaport,"finance, fashion, food"
ae57f,Female,39,35-44,France,Timothyland,"technology, food"
ae9bd,Female,39,35-44,United Kingdom,South Leahtown,"food, sports"
aea96,Female,35,35-44,Canada,Brooksmouth,sports
af85d,Female,38,35-44,Brazil,Parksburgh,"news, fashion, gaming"
afaaa,Female,41,35-44,United Kingdom,Williamside,photography
b16ba,Female,42,35-44,Mexico,New Jacquelinefurt,"health, gaming, fashion"
b230f,Female,37,35-44,Germany,Morganhaven,lifestyle
b4949,Female,43,35-44,Australia,North Charlesshire,fitness
b4d89,Female,35,35-44,Mexico,Russellberg,"technology, sports"
b5ae1,Female,39,35-44,Canada,Maynardshire,"fitness, technology, news"
b71fe,Female,40,35-44,Mexico,Lake Anthony,art
b8ac2,Female,37,35-44,India,Blevinsburgh,"food, art"
b980c,Female,38,35-44,United Kingdom,Lake Amandatown,"news, photography"
b9bfe,Female,35,35-44,France,North Lisa,"photography, health"
ba534,Female,42,35-44,Australia,Port Stevenville,"sports, lifestyle, art"
baa78,Female,44,35-44,Brazil,South Kelsey,"sports, fashion"
bba5b,Female,35,35-44,India,Freemanshire,travel
bbb0f,Female,37,35-44,Canada,Deannaton,"food, health"
bc315,Female,43,35-44,India,North Amy,"finance, food, news"
bc6cf,Female,35,35-44,Japan,East Kathleenside,"health, photography"
bd40f,Female,39,35-44,United Kingdom,Lake Kristina,"fitness, fashion"
bdafd,Female,39,35-44,Mexico,Wallberg,"gaming, photography, travel"
be219,Female,40,35-44,Canada,Kelseyfurt,photography
c0649,Female,37,35-44,Germany,North Jeffrey,"photography, travel, fitness"
c1b75,Female,37,35-44,Canada,Lake Abigailhaven,"technology, sports, art"
c29b9,Female,39,35-44,United Kingdom,Brittneyshire,art
c2fa2,Female,35,35-44,Australia,South Danielmouth,"news, finance, fashion"
c3846,Female,39,35-44,Brazil,Bryanshire,lifestyle
c554c,Female,43,35-44,Brazil,Lake Gabrielle,"finance, travel, health"
c714f,Female,40,35-44,Canada,Douglaschester,"fashion, lifestyle, health"
c72fd,Female,41,35-44,India,North Joshua,fitness
c7910,Female,35,35-44,Canada,West Suzannechester,technology
c830b,Female,38,35-44,Mexico,Danielborough,"food, art, sports"
c84c5,Female,35,35-44,United Kingdom,North Danielfort,photography
c9013,Female,38,35-44,Germany,New Danielchester,"finance, travel, lifestyle"
c9e58,Female,37,35-44,India,Rodriguezfort,fitness
cafe3,Female,37,35-44,Brazil,Robertberg,"travel, lifestyle, art"
cd863,Female,37,35-44,Canada,Stacychester,"health, travel, fitness"
cda6a,Female,39,35-44,Mexico,Floresside,news
ce154,Female,35,35-44,Australia,South Nicoleberg,health
cf776,Female,41,35-44,Canada,Floresborough,"food, art"
cff0a,Female,39,35-44,United Kingdom,Lake Luisburgh,gaming
d1846,Female,37,35-44,France,Riversburgh,art
d1de6,Female,37,35-44,India,Kellyhaven,"news, fashion"
d21e4,Female,39,35-44,Australia,Thompsonmouth,"fitness, gaming, news"
d2ba0,Female,44,35-44,Germany,Andrewtown,sports
d4331,Female,42,35-44,Brazil,Allenmouth,"food, gaming"
d5368,Female,39,35-44,Canada,Sarafurt,"fashion, food"
d541d,Female,35,35-44,India,Bennettstad,"news, food"
d58ef,Female,44,35-44,Germany,North Anthony,"food, fitness"
d60a6,Female,35,35-44,United Kingdom,West Karen,"technology, travel"
d66ad,Female,44,35-44,Australia,West Angelaport,news
d6701,Female,40,35-44,United Kingdom,Debbietown,health
d7c74,Female,35,35-44,Australia,South Louis,news
d8b87,Female,39,35-44,United Kingdom,Beasleyfort,"food, travel"
d95ce,Female,40,35-44,Australia,Cobbberg,"fashion, art"
da176,Female,44,35-44,Brazil,Riddlemouth,technology
dc3ef,Female,39,35-44,Canada,Weeksberg,"sports, finance, photography"
decc4,Female,38,35-44,United Kingdom,West David,fitness
df8dc,Female,41,35-44,India,South Mirandaview,"technology, gaming, fitness"
e11eb,Female,39,35-44,France,Zacharybury,"food, sports"
e2115,Female,37,35-44,Japan,Stevensfurt,"fashion, travel, finance"
e27af,Female,37,35-44,United Kingdom,New Rebecca,"fashion, technology, news"
e2bb8,Female,38,35-44,Japan,Michaelhaven,photography
e377d,Female,35,35-44,Canada,Port Adam,"fitness, health, news"
e5423,Female,35,35-44,Germany,West Lauriestad,news
e61d1,Female,42,35-44,United Kingdom,West Robertville,"photography, health, travel"
e9057,Female,42,35-44,France,Port Teresaside,"art, travel"
e9d66,Female,39,35-44,India,New Tammy,fashion
ea334,Female,41,35-44,Mexico,Wallacehaven,"photography, fashion"
eb0db,Female,37,35-44,Japan,Jefferyfurt,"photography, art, sports"
ec85d,Female,35,35-44,Canada,Hansonland,gaming
edf8e,Female,43,35-44,Canada,Nguyenshire,"fitness, art"
eeb72,Female,42,35-44,United Kingdom,Brandonshire,lifestyle
f0180,Female,42,35-44,Japan,Port Johnview,"health, lifestyle, fashion"
f01ae,Female,35,35-44,Mexico,Alvarezshire,fitness
f167f,Female,42,35-44,Canada,Kevinville,food
f169e,Female,35,35-44,Australia,New Joshuaside,"finance, news"
f185e,Female,37,35-44,India,Lake Carolynville,"food, lifestyle, fashion"
f1f47,Female,40,35-44,Australia,Port Thomas,"gaming, lifestyle"
f2737,Female,39,35-44,Canada,South Jennifer,"art, gaming, fitness"
f4d7b,Female,44,35-44,Canada,Charlesmouth,"photography, gaming, health"
f5131,Female,37,35-44,United Kingdom,North Cindy,technology
f5a30,Female,42,35-44,Germany,South Carlastad,"fitness, photography"
f604e,Female,43,35-44,France,Lake Rachelfort,"travel, photography, gaming"
f6435,Female,38,35-44,Japan,Chadfort,fashion
f66bc,Female,35,35-44,India,Port Kirsten,"art, lifestyle, fitness"
f7778,Female,39,35-44,India,Madisonmouth,health
f7acb,Female,38,35-44,Australia,East Stephanie,"fashion, finance"
f7c30,Female,40,35-44,Germany,Larryberg,"fitness, art, gaming"
f8302,Female,39,35-44,Japan,East Melissa,sports
f8a5b,Female,40,35-44,Brazil,Zacharyview,sports
f8cd9,Female,42,35-44,India,East Kathy,"lifestyle, food, news"
f9c8e,Female,40,35-44,Mexico,Rosetown,photography
fb9c8,Female,38,35-44,Japan,South Donna,"fashion, news, health"
fc330,Female,41,35-44,France,South Catherinemouth,gaming
fceb8,Female,39,35-44,United Kingdom,Keytown,fitness
fd74d,Female,44,35-44,United Kingdom,South Tammyview,"technology, fashion, photography"
fef64,Female,42,35-44,India,South Kylieshire,"health, travel, gaming"
ff1da,Female,40,35-44,Australia,Barbaraborough,"photography, finance"
ffd82,Female,41,35-44,Mexico,Vanessamouth,"technology, fitness, art"
29811,Female,36,35-44,France,Campbellmouth,"travel, news"
31615,Female,36,35-44,Germany,Johnsbury,lifestyle
33617,Female,36,35-44,United Kingdom,Dwaynestad,"fashion, technology, lifestyle"
70384,Female,36,35-44,United Kingdom,Vanessachester,"fashion, news, photography"
72984,Female,36,35-44,United Kingdom,Nathanbury,"fashion, finance"
79986,Female,36,35-44,France,Davidhaven,"art, fitness, gaming"
83779,Female,36,35-44,India,Aaronberg,"food, gaming"
93127,Female,36,35-44,United Kingdom,Port Davidtown,"finance, lifestyle"
3.79E+07,Female,36,35-44,Brazil,Port Margaretland,"sports, technology, travel"
2.00E+210,Female,36,35-44,United Kingdom,South Joyce,"fashion, sports, gaming"
0124f,Female,36,35-44,United Kingdom,East Jillburgh,finance
0a8ca,Female,36,35-44,Canada,West Johnville,"sports, fitness, travel"
0b2c8,Female,36,35-44,United Kingdom,Ramseyland,"news, sports, fitness"
1a7fc,Female,36,35-44,Canada,Turnerside,"sports, photography, travel"
1e656,Female,36,35-44,Germany,Rachelchester,photography
1f77e,Female,36,35-44,India,Chanhaven,"travel, food, photography"
2bcde,Female,36,35-44,France,East Michael,"gaming, fitness"
2d6fa,Female,36,35-44,United Kingdom,Williamfurt,lifestyle
3a483,Female,36,35-44,Brazil,West Austinchester,"food, photography"
3b40d,Female,36,35-44,Japan,Port Kellystad,"health, travel, fashion"
3fe58,Female,36,35-44,Germany,Lake Donaldberg,"food, finance"
4274d,Female,36,35-44,Japan,Sharpbury,"sports, travel, lifestyle"
427d4,Female,36,35-44,Germany,Port Brendan,"news, travel"
442ab,Female,36,35-44,United Kingdom,Brianton,gaming
454fd,Female,36,35-44,India,Rojasside,photography
49a8e,Female,36,35-44,Australia,Tylerhaven,"health, travel, food"
5900c,Female,36,35-44,Brazil,West Herbertland,"art, technology, health"
687c7,Female,36,35-44,Canada,Fishermouth,"food, news"
6fee0,Female,36,35-44,United Kingdom,Port Melissa,"gaming, sports, photography"
76fb5,Female,36,35-44,Canada,Michaelburgh,"fashion, finance"
77ade,Female,36,35-44,France,Harrisfort,food
7960b,Female,36,35-44,Brazil,Lopezmouth,"sports, fitness"
7b970,Female,36,35-44,India,Lake Loganburgh,"art, photography"
7e07a,Female,36,35-44,Australia,West Robertbury,"lifestyle, food, gaming"
8aabe,Female,36,35-44,India,South Pedromouth,"fitness, art, food"
9027c,Female,36,35-44,Japan,Stephaniemouth,food
9286e,Female,36,35-44,Australia,Ericaton,news
92f0c,Female,36,35-44,United Kingdom,Scottton,"lifestyle, finance, fitness"
9437d,Female,36,35-44,Brazil,Kristenville,finance
98f54,Female,36,35-44,France,Kyleberg,"art, travel"
a6727,Female,36,35-44,United Kingdom,Hopkinsshire,lifestyle
b69c6,Female,36,35-44,Germany,Toddshire,"news, finance, food"
b908f,Female,36,35-44,United Kingdom,North Valerie,"photography, sports, food"
bf226,Female,36,35-44,Canada,Maymouth,lifestyle
c16fd,Female,36,35-44,India,Lake Cody,"photography, fashion, health"
cb5e5,Female,36,35-44,India,Port Luis,"photography, travel, lifestyle"
cea3a,Female,36,35-44,Canada,North Williamchester,food
d0bec,Female,36,35-44,Brazil,North Marthaborough,art
d265b,Female,36,35-44,Germany,Port Cathy,"travel, technology, health"
d4cf6,Female,36,35-44,Brazil,Angelicachester,"finance, lifestyle"
d5fdb,Female,36,35-44,India,South Brittanyton,"finance, lifestyle"
dd392,Female,36,35-44,Germany,East Juliaville,"finance, art"
dd6bb,Female,36,35-44,Japan,Harringtonfurt,food
de823,Female,36,35-44,Brazil,South Mckenzie,gaming
e5c5f,Female,36,35-44,Germany,Carpenterchester,"art, health, gaming"
e8674,Female,36,35-44,India,Millsside,"news, art"
ec683,Female,36,35-44,Mexico,Nicoleville,"sports, art"
ed59f,Female,36,35-44,United Kingdom,Kennedybury,"lifestyle, gaming"
eed2e,Female,36,35-44,Canada,Jenniferfurt,"fitness, art, photography"
f0bfc,Female,36,35-44,France,Alexandraberg,"sports, technology"
f2c38,Female,36,35-44,Australia,Port Dawnbury,travel
f404f,Female,36,35-44,Canada,Port Stevenmouth,"food, art"
fb8e3,Female,36,35-44,France,North Thomas,"travel, health, lifestyle"
fdff3,Female,36,35-44,Germany,Lake Michaelbury,"fashion, travel, food"
20578,Male,37,35-44,Mexico,North Roberttown,"fitness, photography"
43852,Male,37,35-44,Canada,North Nathan,art
47333,Male,37,35-44,Germany,East Calebland,"food, photography"
69788,Male,37,35-44,Australia,Cynthiatown,"health, food"
79803,Male,37,35-44,Canada,East Karen,travel
98293,Male,37,35-44,Canada,Gonzalezchester,"news, art"
98440,Male,37,35-44,United Kingdom,East Brandon,"news, food, technology"
0e561,Male,37,35-44,Brazil,Davidton,"art, gaming"
103d7,Male,37,35-44,Germany,North Scottville,"travel, sports"
112cc,Male,37,35-44,India,Tracyton,gaming
11ce0,Male,37,35-44,India,Cantuport,art
130c4,Male,37,35-44,Australia,Kaitlynton,fashion
141b4,Male,37,35-44,Mexico,Deannafort,"lifestyle, fitness, food"
1496a,Male,37,35-44,Mexico,Stacyfort,"technology, art"
15c94,Male,37,35-44,India,Port Brittanyview,"food, photography, lifestyle"
16aad,Male,37,35-44,Canada,Lake Edward,food
191ac,Male,37,35-44,India,East Michaeltown,"finance, sports, art"
1ac9e,Male,37,35-44,United Kingdom,Phillipsview,"travel, finance"
1b227,Male,37,35-44,Germany,West Benjamin,health
20af5,Male,37,35-44,United Kingdom,Scottview,health
2d325,Male,37,35-44,Japan,East Karenshire,art
2db07,Male,37,35-44,Australia,Pinedaview,news
35d65,Male,37,35-44,Canada,New Christopherborough,"food, gaming, sports"
3b825,Male,37,35-44,Mexico,Tylerland,"photography, fitness"
3c38d,Male,37,35-44,India,Stacietown,"fitness, art, technology"
43bb7,Male,37,35-44,United Kingdom,South Timothy,"art, sports, fitness"
53ec4,Male,37,35-44,Germany,Lake Nicholas,photography
5ec4a,Male,37,35-44,Canada,Markhaven,gaming
5f22f,Male,37,35-44,United Kingdom,North Valerie,"health, fashion, fitness"
5f319,Male,37,35-44,Mexico,Markberg,"sports, technology, health"
6a20d,Male,37,35-44,India,East Matthew,"travel, photography"
6a8de,Male,37,35-44,Brazil,Lake Timothyland,travel
6aafc,Male,37,35-44,United Kingdom,Lake Lindseyborough,"technology, gaming"
6db7e,Male,37,35-44,Mexico,Hullbury,travel
6e1d3,Male,37,35-44,Japan,Lake Nicholeberg,sports
706df,Male,37,35-44,India,Lake Jill,"health, technology"
70da8,Male,37,35-44,United Kingdom,Thompsonborough,"technology, fitness"
7553b,Male,37,35-44,Mexico,New Jessica,"technology, art, food"
75ea2,Male,37,35-44,India,Christopherton,photography
783fe,Male,37,35-44,Brazil,West Michellechester,"finance, gaming, art"
7bb8d,Male,37,35-44,Brazil,Courtneyburgh,art
7ef54,Male,37,35-44,Brazil,Lake Jonathan,health
7f82f,Male,37,35-44,United Kingdom,New Sharonport,"gaming, art"
81a93,Male,37,35-44,Canada,Georgeville,"travel, technology, news"
83e2b,Male,37,35-44,Canada,Port Alison,technology
86e5a,Male,37,35-44,India,Powersshire,"art, finance"
8a2dd,Male,37,35-44,Canada,Christinaland,"health, finance, fitness"
8b66a,Male,37,35-44,United Kingdom,North Karenport,"technology, sports"
8f944,Male,37,35-44,Australia,Jenniferbury,"photography, travel, sports"
9054d,Male,37,35-44,India,East Ashleyville,"travel, news"
9253a,Male,37,35-44,France,Smithburgh,"food, fashion"
9640d,Male,37,35-44,Canada,Martinezchester,travel
99e3f,Male,37,35-44,Canada,New Courtneyview,fitness
9f702,Male,37,35-44,Germany,North Tinafort,"news, technology"
a144a,Male,37,35-44,United Kingdom,Knightview,"lifestyle, fashion, technology"
a1ea3,Male,37,35-44,Australia,South Zachary,"photography, news, gaming"
a63b9,Male,37,35-44,United Kingdom,East Stephanie,"fashion, art"
aa9f6,Male,37,35-44,Brazil,Port Joshuaborough,"sports, food, finance"
aec1a,Male,37,35-44,Mexico,Jeffreystad,"food, art, fitness"
b1239,Male,37,35-44,Brazil,West Katieburgh,"news, art, photography"
babd5,Male,37,35-44,Australia,Erikatown,travel
bb03f,Male,37,35-44,Germany,New Josephmouth,art
be6b2,Male,37,35-44,United Kingdom,West Danielport,"travel, fashion, lifestyle"
bef87,Male,37,35-44,United Kingdom,Erinborough,fitness
c1679,Male,37,35-44,Brazil,South Courtney,"technology, sports"
d10c1,Male,37,35-44,United Kingdom,Port Tiffanychester,"fitness, food, photography"
d17b0,Male,37,35-44,Mexico,Murphyfurt,"photography, art, fitness"
d2737,Male,37,35-44,Japan,Allisonfurt,"art, gaming, fashion"
d3ee3,Male,37,35-44,Canada,Welchberg,"gaming, fashion"
d5218,Male,37,35-44,United Kingdom,New Jenniferborough,"technology, food, photography"
e421a,Male,37,35-44,Brazil,South Karlburgh,"travel, gaming"
e9427,Male,37,35-44,Canada,New Michelle,"photography, finance, gaming"
ebea7,Male,37,35-44,United Kingdom,Port Cynthiatown,"fitness, food, technology"
ec5d8,Male,37,35-44,United Kingdom,Christinechester,"fitness, food"
eeefa,Male,37,35-44,Brazil,Alanville,"food, lifestyle, technology"
f2529,Male,37,35-44,France,Port Kimberlychester,art
f9e62,Male,37,35-44,Brazil,Port Georgemouth,travel
1111,Male,39,35-44,United Kingdom,East Melaniehaven,"fashion, sports, health"
2272,Male,40,35-44,Brazil,Patrickton,"sports, technology"
3.19E+03,Male,44,35-44,Canada,Sandovalport,"news, fashion"
4822,Male,41,35-44,Canada,West Paulmouth,"travel, health, art"
5362,Male,39,35-44,India,East Josefort,food
5441,Male,40,35-44,Canada,West Amy,"health, sports"
6679,Male,41,35-44,Australia,Mcmahonfurt,sports
20879,Male,40,35-44,Canada,Gonzalezfurt,"art, fashion"
27618,Male,43,35-44,Brazil,Lake Maria,"news, technology"
29906,Male,42,35-44,Mexico,North Keithview,food
32330,Male,43,35-44,United Kingdom,Woodview,fashion
38131,Male,44,35-44,Germany,Nicholasmouth,"finance, fashion, sports"
42420,Male,41,35-44,Australia,North Dillonberg,"fitness, art, fashion"
45769,Male,39,35-44,United Kingdom,West Jessica,"finance, art, news"
48546,Male,41,35-44,Australia,Michelleland,"travel, photography, finance"
48903,Male,42,35-44,Canada,Russotown,fashion
56205,Male,44,35-44,United Kingdom,Greentown,"sports, art, travel"
58048,Male,40,35-44,Australia,Taraside,"health, gaming, news"
58910,Male,42,35-44,France,Careyland,"lifestyle, health"
71338,Male,43,35-44,India,Lake Adamchester,"finance, technology"
71410,Male,41,35-44,Germany,Lake Andrea,"finance, lifestyle, travel"
72039,Male,43,35-44,United Kingdom,Kaitlynfurt,sports
79046,Male,42,35-44,India,Nielsenton,"gaming, health"
85397,Male,42,35-44,India,Dianemouth,"art, finance, health"
90480,Male,40,35-44,Canada,Stokesport,technology
90548,Male,41,35-44,Canada,East Kyle,"food, travel, sports"
93144,Male,39,35-44,India,West Richardview,"health, sports, photography"
93371,Male,44,35-44,Brazil,Krystalton,"finance, lifestyle, gaming"
94123,Male,41,35-44,Australia,Kimstad,"gaming, technology, travel"
94413,Male,39,35-44,Germany,Manningtown,"technology, fitness, gaming"
94653,Male,41,35-44,Canada,Munozhaven,"news, lifestyle, photography"
95340,Male,39,35-44,India,West Christophertown,news
8.05E+06,Male,40,35-44,India,New Brian,food
9.20E+09,Male,42,35-44,India,Darleneburgh,"sports, food, art"
7.00E+20,Male,44,35-44,Brazil,Danielmouth,food
4.50E+22,Male,42,35-44,United Kingdom,East Brenda,"gaming, sports, food"
2.10E+53,Male,44,35-44,United Kingdom,Wilsonstad,finance
8.00E+63,Male,43,35-44,France,Michellestad,technology
5.80E+66,Male,40,35-44,United Kingdom,New Cindy,finance
2.00E+266,Male,44,35-44,Australia,North Dana,health
02fe9,Male,40,35-44,United Kingdom,Jeremytown,"finance, fitness, sports"
032d2,Male,41,35-44,Australia,Port Tammy,"fitness, travel"
03ac9,Male,42,35-44,Mexico,New Katelynmouth,"photography, lifestyle, fashion"
03caa,Male,39,35-44,Japan,North Louis,"lifestyle, technology"
05b05,Male,44,35-44,United Kingdom,Meganside,"sports, fitness"
05bc8,Male,44,35-44,Japan,Lake Arthur,"photography, food, sports"
07b00,Male,44,35-44,Canada,New Amanda,art
0adfe,Male,40,35-44,Germany,Huffmanchester,"health, news"
0b5e0,Male,39,35-44,Germany,Miguelfurt,"news, lifestyle"
0d9be,Male,43,35-44,India,North Douglas,"food, sports, news"
0ef61,Male,44,35-44,Canada,Barrettport,"food, gaming"
0f0fa,Male,42,35-44,Germany,Lake Michelemouth,"food, fitness"
11fac,Male,44,35-44,United Kingdom,Stevensonfurt,"lifestyle, gaming, travel"
143ff,Male,40,35-44,Germany,Jasminmouth,"fitness, travel"
1446d,Male,43,35-44,Australia,Rhondatown,"health, finance"
16f7a,Male,44,35-44,Mexico,New Brenda,gaming
17ac0,Male,39,35-44,Mexico,Nicolefort,"sports, photography"
18e4c,Male,44,35-44,United Kingdom,South Briannaton,"fitness, lifestyle"
1a239,Male,44,35-44,France,Melissaberg,"photography, technology, fashion"
1f82b,Male,40,35-44,Mexico,Lake Adam,"sports, art, food"
201a2,Male,39,35-44,Canada,East Monicahaven,art
21c50,Male,42,35-44,Japan,Port James,"news, technology"
238d1,Male,42,35-44,India,Holtbury,fitness
245ba,Male,39,35-44,India,West Angela,finance
27b11,Male,41,35-44,Australia,Andreahaven,"travel, technology, fitness"
2a0f7,Male,42,35-44,Canada,New Robertview,"finance, photography, art"
2b28c,Male,41,35-44,Mexico,Mckeeburgh,fitness
2b4dc,Male,40,35-44,Canada,New Ashleychester,"fashion, health, photography"
2b97e,Male,42,35-44,India,Walkerchester,photography
2c91c,Male,43,35-44,India,North Christopher,"lifestyle, fashion"
2e00b,Male,41,35-44,India,Lake Johnfurt,"travel, health"
2f7ca,Male,40,35-44,Germany,Markstad,fashion
30a4c,Male,42,35-44,Canada,Port Jamie,"finance, fashion"
3292c,Male,40,35-44,Brazil,South Carolport,"gaming, food, photography"
347ea,Male,40,35-44,Canada,Phillipsborough,"news, art, health"
34ac2,Male,40,35-44,Germany,Kellyhaven,fitness
352c8,Male,44,35-44,Canada,West Jeremyport,"health, technology, lifestyle"
3783c,Male,41,35-44,Brazil,East Jasmine,"art, news"
3aae8,Male,41,35-44,Australia,Katrinaside,"finance, sports, gaming"
3ab75,Male,41,35-44,Germany,Lake David,lifestyle
3bbca,Male,44,35-44,United Kingdom,Sanchezville,"lifestyle, food"
3c582,Male,39,35-44,Mexico,East Michael,"food, health"
3f7e6,Male,39,35-44,Brazil,Lake Douglasmouth,"photography, art"
42d9b,Male,43,35-44,United Kingdom,North Latoyafort,news
46dd9,Male,41,35-44,Canada,Dariusberg,"gaming, lifestyle, art"
494b9,Male,39,35-44,Australia,Lake Julia,technology
4dd81,Male,39,35-44,United Kingdom,Port Bethchester,"technology, lifestyle"
4e8b5,Male,41,35-44,India,Kleinport,"art, news"
4f155,Male,41,35-44,United Kingdom,West Patricia,news
50a61,Male,41,35-44,India,New Christophermouth,technology
5412d,Male,44,35-44,United Kingdom,South Tasha,food
58f0d,Male,39,35-44,Mexico,Aaronfort,"art, news, health"
5d1da,Male,39,35-44,United Kingdom,Nielsenmouth,fitness
5e94f,Male,41,35-44,Australia,North Shane,"finance, photography, gaming"
5f418,Male,40,35-44,India,South Sara,"fitness, fashion"
5fc7d,Male,42,35-44,Canada,Krystalport,news
5fffa,Male,39,35-44,United Kingdom,New Barry,news
60c74,Male,40,35-44,Germany,Odombury,"finance, art"
63f2e,Male,43,35-44,Germany,Port Danielmouth,"health, finance, lifestyle"
64f8a,Male,40,35-44,Germany,Dianafurt,"gaming, fitness, art"
64fcc,Male,39,35-44,France,Adammouth,"food, news, fashion"
6666e,Male,42,35-44,Australia,Wolfview,"fashion, travel"
67ca9,Male,41,35-44,Japan,West Lindaburgh,"fitness, sports"
67f69,Male,40,35-44,Canada,Melissafurt,"fashion, health, finance"
69fe3,Male,42,35-44,Germany,Medinaburgh,"news, lifestyle, finance"
6a513,Male,42,35-44,Canada,Kimberlyton,"health, photography"
6b4fd,Male,39,35-44,Canada,North Trevorchester,"food, health, art"
6b598,Male,44,35-44,Australia,North Charles,news
6d61b,Male,39,35-44,Germany,Port Patricia,"news, art"
6ddd1,Male,39,35-44,United Kingdom,Ronaldbury,"news, lifestyle"
6e28a,Male,41,35-44,United Kingdom,North James,"technology, travel"
7212f,Male,43,35-44,United Kingdom,Wagnerchester,finance
729f9,Male,40,35-44,Japan,Port Jessica,"sports, news"
734af,Male,40,35-44,United Kingdom,Luisburgh,"art, lifestyle, gaming"
760df,Male,43,35-44,United Kingdom,Ryanchester,news
77eeb,Male,44,35-44,United Kingdom,Jeromeburgh,"finance, news"
7b78f,Male,40,35-44,Australia,Taylormouth,"fashion, fitness"
7c3b2,Male,43,35-44,France,West Robertfort,photography
7c722,Male,43,35-44,Canada,West Stephanie,"art, finance"
7d938,Male,41,35-44,United Kingdom,Petersonport,"fashion, technology"
7ddbc,Male,41,35-44,Australia,East John,news
8404e,Male,39,35-44,Canada,Ryanburgh,"fitness, food, travel"
8424d,Male,42,35-44,United Kingdom,South Taraside,"food, travel"
859f6,Male,44,35-44,India,New Frederick,sports
86dc7,Male,39,35-44,India,Madisonborough,"art, technology"
8852f,Male,41,35-44,Germany,Melissashire,"lifestyle, photography, fashion"
88fbb,Male,40,35-44,India,Chavezhaven,"lifestyle, fashion, fitness"
8a391,Male,40,35-44,Germany,Adamland,gaming
8c04a,Male,42,35-44,India,South Douglasport,photography
8c6b6,Male,41,35-44,United Kingdom,Williamsberg,"finance, art, travel"
8da5e,Male,42,35-44,Mexico,New Lisaville,finance
91b5c,Male,43,35-44,Canada,Kimberlyport,photography
94be6,Male,40,35-44,India,Mcclurebury,news
96b52,Male,39,35-44,Australia,Lake Theresabury,"lifestyle, finance, fashion"
96cbc,Male,43,35-44,India,Lake Barryport,"fitness, sports"
9a478,Male,42,35-44,Germany,Andersenview,"news, gaming, travel"
9a9b7,Male,43,35-44,Brazil,Thomaston,"finance, gaming, lifestyle"
9ae97,Male,41,35-44,Germany,Caseymouth,"news, technology, lifestyle"
9c8ef,Male,44,35-44,Canada,Lake Gloria,"news, fitness, food"
9ca2f,Male,41,35-44,United Kingdom,Elliottborough,"fitness, gaming"
9f89c,Male,40,35-44,Mexico,Wendyshire,food
a0d6f,Male,44,35-44,Australia,Jonesfort,travel
a0f2a,Male,40,35-44,Germany,Lake Aliciaside,photography
a125b,Male,39,35-44,Germany,Amberstad,"finance, food"
a14f2,Male,43,35-44,United Kingdom,Jimmouth,"gaming, lifestyle"
a1f60,Male,41,35-44,United Kingdom,North Jonathanstad,"lifestyle, fitness, news"
a36da,Male,42,35-44,United Kingdom,Martinezton,"art, technology"
a60cc,Male,42,35-44,India,Ryanborough,"fashion, photography"
a722c,Male,44,35-44,United Kingdom,New Ryan,food
a77d3,Male,39,35-44,India,South Peterside,"news, food"
a84ec,Male,42,35-44,Brazil,East Deborah,"travel, news, photography"
a8b3a,Male,39,35-44,Japan,North Brett,health
ac27c,Male,39,35-44,France,Parkermouth,"news, food, gaming"
ae70a,Male,44,35-44,India,Lisaland,"gaming, finance"
aef10,Male,40,35-44,France,Fullerport,health
b0d31,Male,39,35-44,Canada,Johnsonborough,travel
b20d4,Male,40,35-44,Germany,North Juanburgh,art
b26ca,Male,39,35-44,Canada,Port Jeffreyberg,"fashion, gaming, health"
b483f,Male,40,35-44,Mexico,New Christopherfort,"finance, photography, fitness"
b4aed,Male,41,35-44,India,East Daniel,"finance, gaming"
b5f39,Male,41,35-44,India,East Matthewstad,"photography, finance"
b708c,Male,41,35-44,Japan,West Jasonmouth,"photography, sports"
b805a,Male,42,35-44,Australia,South Martinshire,"gaming, travel"
bb0df,Male,40,35-44,United Kingdom,Pollardberg,"fashion, photography, news"
bcb00,Male,42,35-44,France,West John,fitness
c18cf,Male,40,35-44,Canada,North Stacy,food
c1ac5,Male,43,35-44,India,Jeanton,"gaming, food"
c2280,Male,40,35-44,United Kingdom,Lake Justinburgh,"lifestyle, travel"
c3e40,Male,41,35-44,Mexico,North Ruthberg,"food, photography, health"
c4099,Male,39,35-44,Canada,Williamtown,"art, gaming, finance"
c45a3,Male,42,35-44,France,East Jeff,"finance, technology, fashion"
c470b,Male,41,35-44,Canada,West Jason,"news, gaming, fitness"
c5693,Male,43,35-44,Canada,West Stephen,fashion
c867b,Male,39,35-44,India,Thompsonmouth,fashion
c8b2b,Male,42,35-44,Germany,Patelview,gaming
ca484,Male,40,35-44,France,Blackburgh,"technology, lifestyle"
ca4d5,Male,40,35-44,Mexico,East Deannaborough,"food, lifestyle, sports"
ca878,Male,44,35-44,Australia,Jacobland,art
cdd3b,Male,42,35-44,Australia,New Joseshire,"photography, sports"
cf0b9,Male,43,35-44,United Kingdom,Zavalachester,finance
cf8df,Male,41,35-44,United Kingdom,Lake Heather,"news, gaming, photography"
d20f6,Male,39,35-44,Australia,Madisonmouth,"news, finance, art"
d273c,Male,43,35-44,Brazil,South Carriestad,lifestyle
d2ac1,Male,44,35-44,Mexico,East Jessica,"travel, fashion, finance"
d5989,Male,42,35-44,Germany,East Christopher,"finance, art"
d6bea,Male,40,35-44,Mexico,North Yolanda,"food, news, fitness"
d6f1e,Male,42,35-44,Canada,New Nicoletown,lifestyle
d75a9,Male,42,35-44,India,Lake Joelberg,"sports, art, fitness"
d784a,Male,39,35-44,United Kingdom,Christophermouth,"health, fashion, news"
d83d5,Male,44,35-44,India,Mitchellstad,"photography, art"
d9be3,Male,42,35-44,Australia,West Donald,"food, sports, news"
daa32,Male,42,35-44,India,Lopezhaven,"gaming, art"
dbf3e,Male,39,35-44,United Kingdom,Kellytown,"fitness, sports, news"
ddcb1,Male,39,35-44,India,West Thomas,"art, sports"
e1a43,Male,42,35-44,Germany,Ericport,"finance, fitness"
e32d5,Male,39,35-44,Canada,East Tony,sports
e3806,Male,39,35-44,Australia,Michaelfort,lifestyle
e5ff4,Male,40,35-44,Mexico,East Dale,"gaming, sports"
e7384,Male,41,35-44,Germany,South Jennifertown,"news, lifestyle"
e742a,Male,41,35-44,Japan,Williamsfort,fashion
e7b88,Male,40,35-44,India,East Tiffany,news
e89ac,Male,40,35-44,Australia,South Eric,"technology, art"
e8acd,Male,42,35-44,United Kingdom,South Matthew,"fashion, art, lifestyle"
e8d14,Male,40,35-44,Australia,Alfredton,"gaming, fashion, travel"
e953c,Male,39,35-44,Germany,Abigailburgh,"news, art"
e977a,Male,41,35-44,Japan,Samanthachester,gaming
e9c56,Male,39,35-44,Mexico,South Theresaberg,news
ec3cb,Male,42,35-44,Mexico,Port Elizabeth,"gaming, finance"
ecbf3,Male,42,35-44,United Kingdom,Erichaven,"sports, art"
ef308,Male,42,35-44,Australia,East Javiershire,"health, sports"
efaab,Male,39,35-44,France,South Mark,"fashion, travel"
efeb8,Male,41,35-44,Germany,Robertoburgh,travel
f000b,Male,39,35-44,Japan,Melissaburgh,fashion
f0655,Male,41,35-44,Japan,Andrewfurt,"art, fitness"
f24d6,Male,40,35-44,Germany,Lake Ebony,travel
f269c,Male,44,35-44,Japan,Jenniferborough,"fitness, gaming, news"
f386d,Male,40,35-44,France,Lake Ricardoborough,"art, food"
f4dba,Male,39,35-44,Australia,Foxville,"health, news, fitness"
f5c47,Male,41,35-44,Australia,Zacharyhaven,"sports, health, lifestyle"
f6a8b,Male,39,35-44,United Kingdom,Martinezport,"fashion, technology"
f6be3,Male,44,35-44,Canada,Lake Ashley,"sports, food"
f88f8,Male,41,35-44,United Kingdom,North Terri,technology
fc0cc,Male,39,35-44,Germany,Pierceburgh,"fitness, news"
fcc40,Male,42,35-44,Germany,Cookfort,"sports, art"
fcf4f,Male,41,35-44,Japan,Lake David,"fashion, gaming"
ff600,Male,43,35-44,United Kingdom,East Sara,finance
ff8e6,Male,42,35-44,Germany,Pachecomouth,"health, gaming, art"
1.20E+02,Male,38,35-44,Canada,New Roberto,"fashion, news"
22078,Male,38,35-44,Brazil,South Lisaton,"fitness, finance"
26910,Male,38,35-44,Germany,Reginachester,sports
29901,Male,38,35-44,India,Brendamouth,"fitness, sports"
45290,Male,38,35-44,United Kingdom,East Megan,travel
45931,Male,38,35-44,United Kingdom,Port Andrewborough,gaming
46700,Male,38,35-44,Germany,South Allison,travel
5.28E+10,Male,38,35-44,Brazil,Lake Kyle,"lifestyle, art, sports"
04a36,Male,38,35-44,India,Simpsonview,"finance, fashion, technology"
0541a,Male,38,35-44,Australia,Lake Catherineborough,"travel, art, photography"
06f74,Male,38,35-44,United Kingdom,Daltonberg,sports
08b69,Male,38,35-44,United Kingdom,South John,fitness
0b412,Male,38,35-44,Brazil,Kristastad,"art, technology, fashion"
0f0be,Male,38,35-44,Brazil,Greenland,technology
1652b,Male,38,35-44,Japan,Rachelberg,art
1a8db,Male,38,35-44,France,Matthewstown,"food, gaming, photography"
1c63b,Male,38,35-44,United Kingdom,Fordberg,"art, travel"
1c6e1,Male,38,35-44,Brazil,Jacksonport,health
1eae9,Male,38,35-44,India,Lake Brianbury,"gaming, art, photography"
2ac02,Male,38,35-44,United Kingdom,Willisview,photography
367b8,Male,38,35-44,India,Montgomeryborough,health
3d3b3,Male,38,35-44,United Kingdom,Lake Sandra,lifestyle
3d5cd,Male,38,35-44,United Kingdom,Sanchezchester,"news, photography"
4ea9a,Male,38,35-44,Japan,West Brittanyton,"sports, lifestyle, travel"
4fcbb,Male,38,35-44,Japan,Ruthstad,"photography, art"
511ac,Male,38,35-44,Canada,East Gregoryshire,travel
519d2,Male,38,35-44,Japan,West Cheryl,"food, travel, news"
5735f,Male,38,35-44,Japan,Rhondaton,food
595d8,Male,38,35-44,Canada,East Williamchester,"finance, fashion, gaming"
6081c,Male,38,35-44,Australia,Port Heather,fitness
61e1d,Male,38,35-44,Australia,East Pamela,"news, fitness, finance"
62c7a,Male,38,35-44,Canada,Sarahport,"health, lifestyle, photography"
64a7b,Male,38,35-44,Germany,Port Wandaville,"travel, technology"
6b337,Male,38,35-44,Germany,South Jasonhaven,"lifestyle, news"
76ac0,Male,38,35-44,Brazil,Andersonville,"travel, gaming"
78dbc,Male,38,35-44,United Kingdom,South Gabriel,travel
845df,Male,38,35-44,India,Laurenview,health
8abca,Male,38,35-44,India,Christopherville,"fitness, travel, gaming"
8e55e,Male,38,35-44,Mexico,Lake Vanessaburgh,"gaming, fitness, technology"
96a4c,Male,38,35-44,Canada,East Jessica,"travel, food, health"
98f04,Male,38,35-44,Brazil,Jimenezstad,"finance, fashion, gaming"
9c142,Male,38,35-44,Germany,Port Jamesmouth,"art, sports, technology"
9e47a,Male,38,35-44,Germany,Jacobfort,"food, news"
9f3a1,Male,38,35-44,France,Fordburgh,"fitness, finance, art"
a1a76,Male,38,35-44,Australia,Michaelport,"food, art"
a2295,Male,38,35-44,United Kingdom,Willieside,lifestyle
a680c,Male,38,35-44,United Kingdom,North Brittanyfort,"health, news, photography"
a6f94,Male,38,35-44,Germany,West Rebeccaland,"food, art"
a90e5,Male,38,35-44,Brazil,West Erika,health
a9f18,Male,38,35-44,United Kingdom,South Michelleberg,travel
a9f3d,Male,38,35-44,India,Millerton,"news, art"
ade15,Male,38,35-44,Brazil,Davidtown,"health, fitness"
ae011,Male,38,35-44,India,Vegabury,"sports, travel, gaming"
b1a64,Male,38,35-44,India,Marystad,lifestyle
b6353,Male,38,35-44,France,Nathanielchester,"food, finance"
b67be,Male,38,35-44,Australia,Edwardston,"technology, photography, finance"
b88a7,Male,38,35-44,Germany,Lake Wayne,technology
bce8e,Male,38,35-44,United Kingdom,West Raymond,"finance, lifestyle, travel"
bef26,Male,38,35-44,United Kingdom,West Makayla,"news, health"
c5e7b,Male,38,35-44,Australia,New Kennethberg,"fashion, technology"
cdb43,Male,38,35-44,Germany,Jenniferview,"sports, gaming"
d15aa,Male,38,35-44,United Kingdom,Josephburgh,health
d4b9c,Male,38,35-44,India,North Jenniferfurt,"travel, photography"
d702c,Male,38,35-44,Brazil,East Kellyborough,"news, technology"
d9a20,Male,38,35-44,Canada,New Wendyland,"gaming, health"
da341,Male,38,35-44,United Kingdom,West Derek,"gaming, fashion"
db714,Male,38,35-44,Mexico,Reevesborough,"food, health"
dbacd,Male,38,35-44,United Kingdom,East Christine,news
dc4e0,Male,38,35-44,United Kingdom,Alejandroberg,finance
df280,Male,38,35-44,Japan,Lake Alexismouth,art
e2903,Male,38,35-44,Brazil,Port Kellyview,lifestyle
e620b,Male,38,35-44,India,New Jason,"news, finance"
e89f7,Male,38,35-44,Mexico,New Ashleyville,fashion
e978f,Male,38,35-44,United Kingdom,East Andrea,"photography, fashion"
e9ef9,Male,38,35-44,Japan,West Colleenside,"art, sports, travel"
edaaf,Male,38,35-44,Brazil,Lake Alisha,"finance, sports, fashion"
f01c8,Male,38,35-44,Japan,Lake Emilyborough,technology
f18e0,Male,38,35-44,Canada,Greenhaven,"gaming, lifestyle"
f3a09,Male,38,35-44,Germany,Wrightmouth,food
fad01,Male,38,35-44,United Kingdom,South Shelley,art
fb106,Male,38,35-44,Brazil,Kimberlyville,"fashion, news, photography"
fcaae,Male,38,35-44,Brazil,Port Cassandra,lifestyle
3283,Male,36,35-44,Canada,North Brandon,"technology, health, fashion"
11809,Male,36,35-44,United Kingdom,North Kayla,"news, technology"
15405,Male,36,35-44,Mexico,North Sara,food
24886,Male,36,35-44,India,Andrewstown,health
25732,Male,36,35-44,Australia,Andersonshire,fitness
39456,Male,36,35-44,Brazil,Alyssamouth,fitness
40105,Male,36,35-44,Germany,Chenchester,technology
60956,Male,36,35-44,Australia,New Amber,"technology, sports"
65254,Male,36,35-44,United Kingdom,New Candiceland,"lifestyle, art"
66221,Male,36,35-44,Germany,South Jamesborough,"food, finance"
90477,Male,36,35-44,Japan,West Emilyburgh,"lifestyle, travel"
98433,Male,36,35-44,United Kingdom,Port Danielton,news
2.86E+08,Male,36,35-44,Germany,Pierceville,"finance, sports"
070d2,Male,36,35-44,Japan,South Desiree,health
093d4,Male,36,35-44,India,Palmerstad,"food, art"
0a19b,Male,36,35-44,India,Port Jeffreyport,"fitness, lifestyle"
0c714,Male,36,35-44,Japan,Trevormouth,"travel, finance, lifestyle"
123b9,Male,36,35-44,United Kingdom,East John,"fitness, gaming, photography"
15dd6,Male,36,35-44,United Kingdom,Phillipshaven,"sports, technology, fitness"
19d8f,Male,36,35-44,Canada,Johnmouth,"finance, art"
1a370,Male,36,35-44,Mexico,Johnview,technology
1f7d4,Male,36,35-44,Mexico,South Antoniobury,"photography, sports, finance"
21c75,Male,36,35-44,Mexico,Lake Brandiside,"lifestyle, news, art"
24ddd,Male,36,35-44,Germany,Port Codytown,"food, photography"
27d38,Male,36,35-44,Japan,South Joshua,gaming
2bad1,Male,36,35-44,United Kingdom,Victoriamouth,sports
2d8bd,Male,36,35-44,Canada,East John,"travel, fitness"
2e483,Male,36,35-44,Canada,North Christinaview,food
354fe,Male,36,35-44,Canada,New Meganbury,sports
3b8ee,Male,36,35-44,Australia,Coreymouth,"finance, sports, news"
42afa,Male,36,35-44,United Kingdom,Taylormouth,"lifestyle, finance"
43dd5,Male,36,35-44,India,South Ashleyview,fitness
4552d,Male,36,35-44,Brazil,East Patricia,"sports, lifestyle, finance"
469fe,Male,36,35-44,Germany,North Emily,"finance, photography"
4bd90,Male,36,35-44,United Kingdom,West Justinville,travel
4f6eb,Male,36,35-44,United Kingdom,Jillianmouth,"art, finance"
5354a,Male,36,35-44,Germany,Jamieville,gaming
56cf5,Male,36,35-44,India,Nelsonland,food
5c560,Male,36,35-44,Australia,North Dominique,"fitness, art"
5d077,Male,36,35-44,Germany,Lake Stevenville,technology
6376b,Male,36,35-44,Brazil,Williamberg,art
6494d,Male,36,35-44,Germany,New Kristin,"sports, fashion"
6ef1c,Male,36,35-44,Australia,Jeffreyhaven,"finance, fitness, photography"
70ab4,Male,36,35-44,Australia,Sydneystad,news
730de,Male,36,35-44,Australia,West George,"sports, lifestyle, fitness"
7838a,Male,36,35-44,Japan,New Jonathanville,"lifestyle, news, food"
789c2,Male,36,35-44,Canada,Evanston,travel
7b31b,Male,36,35-44,United Kingdom,New Peter,"finance, fitness"
7b375,Male,36,35-44,Mexico,Kimchester,"news, health, finance"
89a00,Male,36,35-44,Canada,North Michaelberg,"art, fitness"
8d1c6,Male,36,35-44,United Kingdom,New Katelyn,"fitness, news"
8f24f,Male,36,35-44,Germany,Deannaland,"fitness, finance, sports"
91b2f,Male,36,35-44,Canada,Cookchester,"sports, health"
9238d,Male,36,35-44,Japan,New Jeremiahfurt,"gaming, sports, technology"
9420e,Male,36,35-44,Canada,Michellefurt,"food, sports, fashion"
94fb7,Male,36,35-44,Australia,South Katie,travel
999f6,Male,36,35-44,Germany,Walkerview,"travel, technology"
9a2e0,Male,36,35-44,Germany,East Shannontown,"photography, gaming"
9dd8d,Male,36,35-44,United Kingdom,Cantrellshire,photography
a29a8,Male,36,35-44,United Kingdom,Lake Julieport,"photography, fitness, health"
a3a4d,Male,36,35-44,Japan,Lake Steven,"lifestyle, gaming, fitness"
aab7c,Male,36,35-44,India,East Heather,art
af87a,Male,36,35-44,Germany,North Judy,travel
b49b0,Male,36,35-44,United Kingdom,Wiseberg,"news, sports"
b7330,Male,36,35-44,Australia,Jacquelineton,art
bc5b3,Male,36,35-44,Australia,Sanchezchester,fashion
bd549,Male,36,35-44,Canada,New Kimberlystad,lifestyle
c3d29,Male,36,35-44,Australia,South Cassandra,news
c5d0f,Male,36,35-44,Australia,Patriciamouth,"health, food, gaming"
ce8b9,Male,36,35-44,Canada,Buchananborough,"gaming, sports"
cec33,Male,36,35-44,Brazil,East Jimmyborough,"finance, art"
d5e7f,Male,36,35-44,Brazil,Huntmouth,"photography, news"
d93b6,Male,36,35-44,United Kingdom,Tiffanyview,"gaming, food"
da109,Male,36,35-44,Canada,North Rachelmouth,"finance, health"
ddf77,Male,36,35-44,Brazil,West Todd,"fashion, technology"
e4a2b,Male,36,35-44,United Kingdom,Lake Emilyton,"food, photography, travel"
e64cc,Male,36,35-44,Canada,Bradleymouth,"lifestyle, gaming, finance"
ef4f9,Male,36,35-44,Australia,Paulborough,"lifestyle, fashion"
efad1,Male,36,35-44,India,East Debrastad,"technology, photography, gaming"
f0f65,Male,36,35-44,Brazil,Tylerville,"fitness, gaming"
f5483,Male,36,35-44,India,Lake Laura,"health, travel, fashion"
f79f0,Male,36,35-44,United Kingdom,West Patricia,"lifestyle, fashion"
fb1f8,Male,36,35-44,India,East Robertburgh,"gaming, travel"
fec08,Male,36,35-44,Germany,Lake Kimberly,"photography, lifestyle, sports"
ff13d,Male,36,35-44,Canada,West Jamesside,gaming
ffa8e,Male,36,35-44,Germany,New Adam,"technology, sports, food"
62469,Male,35,35-44,Germany,Christinaberg,"art, lifestyle"
77342,Male,35,35-44,United Kingdom,West Cathytown,fitness
79062,Male,35,35-44,Japan,New Robin,"health, fitness"
87994,Male,35,35-44,Canada,Alicefurt,photography
92809,Male,35,35-44,Brazil,East Paigehaven,fitness
00a0f,Male,35,35-44,United Kingdom,Port Jennifer,"sports, art, lifestyle"
016d8,Male,35,35-44,Germany,North Kimberly,"gaming, finance"
02ba5,Male,35,35-44,Australia,New Sarah,lifestyle
059b3,Male,35,35-44,Mexico,Davisburgh,"news, fashion"
08d85,Male,35,35-44,Japan,North Kathryn,finance
0907f,Male,35,35-44,Mexico,North Julieview,"gaming, fitness, technology"
0998f,Male,35,35-44,Japan,Martinburgh,"technology, lifestyle"
1e64b,Male,35,35-44,Brazil,Smithbury,gaming
21bd4,Male,35,35-44,United Kingdom,Donnamouth,"sports, photography, fitness"
21dae,Male,35,35-44,Mexico,East Mariastad,art
2acdb,Male,35,35-44,Canada,Lake Kara,travel
2d1be,Male,35,35-44,Brazil,Lake Robert,"food, travel"
313ad,Male,35,35-44,United Kingdom,Whiteview,"art, fitness"
31f54,Male,35,35-44,Canada,East Jenniferside,"finance, news"
3442c,Male,35,35-44,United Kingdom,West Nathan,news
3b1c2,Male,35,35-44,Mexico,Pittmanhaven,fitness
4026b,Male,35,35-44,Germany,North Thomas,art
4198e,Male,35,35-44,Japan,Amberburgh,"art, travel, news"
42a54,Male,35,35-44,Germany,Millerchester,"health, news, fitness"
4a15b,Male,35,35-44,United Kingdom,Johnsonburgh,fitness
4cc2e,Male,35,35-44,Germany,Richardsonchester,"technology, health"
50a37,Male,35,35-44,Japan,Debraborough,fitness
513dd,Male,35,35-44,United Kingdom,Holttown,"food, fashion"
52ed5,Male,35,35-44,United Kingdom,East Raymondhaven,"lifestyle, food, fitness"
56af1,Male,35,35-44,Australia,Penningtonville,"travel, sports"
59a3d,Male,35,35-44,Japan,East William,"gaming, fitness"
5a848,Male,35,35-44,India,Breannaside,"travel, food"
5b01e,Male,35,35-44,Australia,Lake Christopher,food
5b8ca,Male,35,35-44,Canada,North Patriciahaven,"health, gaming, technology"
5e657,Male,35,35-44,United Kingdom,North Denise,"health, fitness, fashion"
5e7ca,Male,35,35-44,Australia,Masonstad,"travel, photography"
68abd,Male,35,35-44,Germany,North Hannahchester,"technology, sports"
68ec4,Male,35,35-44,United Kingdom,New Michellehaven,"lifestyle, news, sports"
694f5,Male,35,35-44,United Kingdom,Morristown,technology
6ae65,Male,35,35-44,United Kingdom,New Kimberly,sports
6afbf,Male,35,35-44,Canada,Lynchborough,fashion
6f2cf,Male,35,35-44,United Kingdom,Lake Michelleland,food
71e8e,Male,35,35-44,Germany,East Rebeccastad,"fashion, art, travel"
728d4,Male,35,35-44,United Kingdom,Josephhaven,"fitness, health"
753c5,Male,35,35-44,India,West Jasminehaven,"fashion, news, gaming"
871f3,Male,35,35-44,United Kingdom,Russellberg,technology
8c466,Male,35,35-44,India,North Jose,"finance, technology, news"
8e22c,Male,35,35-44,United Kingdom,Lake Timothy,"travel, food"
90e8b,Male,35,35-44,France,Wallacebury,photography
93b62,Male,35,35-44,Canada,Munozborough,gaming
95f90,Male,35,35-44,Mexico,New Joshua,lifestyle
9a22d,Male,35,35-44,France,Michelleburgh,"gaming, news, finance"
9e313,Male,35,35-44,Brazil,East Jenniferburgh,"health, lifestyle"
a0ee1,Male,35,35-44,Mexico,Leeview,"health, art"
a32d2,Male,35,35-44,United Kingdom,New Melanie,"health, fitness, art"
a388c,Male,35,35-44,United Kingdom,East Kevin,"finance, gaming"
a3c57,Male,35,35-44,India,Clarkberg,"art, fitness, technology"
a4089,Male,35,35-44,Japan,Wardmouth,food
a4d9a,Male,35,35-44,Germany,Matthewstad,"photography, health"
a7d28,Male,35,35-44,Mexico,Deanberg,"fitness, lifestyle"
a8a8d,Male,35,35-44,Canada,Lake Matthewfort,"gaming, finance"
ac346,Male,35,35-44,Mexico,Francomouth,technology
ad431,Male,35,35-44,United Kingdom,South Sara,finance
b1607,Male,35,35-44,France,North Johnmouth,"fashion, art, food"
b4b4d,Male,35,35-44,Mexico,Mooreshire,"finance, photography, lifestyle"
b4dd6,Male,35,35-44,Australia,Port Amandashire,gaming
b759f,Male,35,35-44,Canada,Edwardsmouth,fashion
b7e30,Male,35,35-44,Australia,Ashleytown,"fitness, lifestyle"
be6e3,Male,35,35-44,Germany,Hendrixchester,fitness
c50e4,Male,35,35-44,Mexico,New Kristachester,"health, travel, fashion"
c6c2a,Male,35,35-44,Japan,Port Devonhaven,"news, fitness"
cb0b4,Male,35,35-44,Australia,East Davidstad,"fashion, sports, fitness"
d08c5,Male,35,35-44,Japan,New Cassandraport,technology
d53cd,Male,35,35-44,United Kingdom,North Brandiview,"gaming, fashion, lifestyle"
d6ec5,Male,35,35-44,Canada,Robertbury,"technology, health, photography"
d758e,Male,35,35-44,Japan,North David,"sports, fashion, gaming"
e3035,Male,35,35-44,Canada,South Brandon,"health, fitness"
ea0ab,Male,35,35-44,Germany,Howellborough,"photography, technology, food"
ed838,Male,35,35-44,France,New Sheila,fashion
ed9e2,Male,35,35-44,Australia,Kathryntown,"fashion, photography, food"
ef0cc,Male,35,35-44,Germany,North Ashley,lifestyle
f378b,Male,35,35-44,Japan,Williamsmouth,"sports, travel"
f7d4f,Male,35,35-44,Australia,Carrhaven,art
f827e,Male,35,35-44,Germany,West Lindsey,"technology, art, photography"
fba45,Male,35,35-44,Canada,Port Shannon,"finance, photography"
fce4b,Male,35,35-44,Canada,Grayhaven,travel
20631,Female,45,45-54,United States,Kristinaburgh,travel
22154,Male,45,45-54,United States,Kellyshire,"gaming, food, health"
65012,Female,45,45-54,Canada,New Anthonyville,"fitness, technology, art"
72110,Female,45,45-54,India,West Robertville,"health, food, news"
93322,Male,45,45-54,United Kingdom,Sherryfort,"technology, health, food"
0073a,Male,45,45-54,France,South Tiffanyberg,"lifestyle, fitness"
03d1a,Male,45,45-54,India,Perezburgh,"news, technology"
054f7,Female,45,45-54,United Kingdom,Deniseport,"travel, art"
06b58,Male,45,45-54,United States,Port Yolandaport,"travel, food"
0f074,Male,45,45-54,United States,South Elizabethberg,"health, fashion"
1792b,Male,45,45-54,United States,Tracymouth,"travel, food, technology"
1b251,Male,45,45-54,United States,Lake Jessica,art
1d558,Female,45,45-54,India,Joycefurt,gaming
2633d,Male,45,45-54,France,Lauraburgh,"news, sports, health"
2a538,Male,45,45-54,United Kingdom,Evansborough,art
2d5a6,Male,45,45-54,Brazil,Lake Donna,travel
2e6ef,Male,45,45-54,Australia,Ashleyshire,"travel, sports, health"
31cb3,Female,45,45-54,United States,Huntermouth,"gaming, art, technology"
322af,Male,45,45-54,United Kingdom,Jefferyberg,travel
336d3,Female,45,45-54,United Kingdom,East Michaelhaven,"sports, health, gaming"
3aadb,Male,45,45-54,India,Matthewborough,"finance, news, sports"
3b938,Female,45,45-54,Canada,Port Alec,travel
44da4,Male,45,45-54,United Kingdom,Anneville,"news, fitness"
4a9d1,Other,45,45-54,France,Kiddton,"finance, technology, fitness"
4c730,Female,45,45-54,United Kingdom,North Alison,news
4debd,Male,45,45-54,Mexico,West Davidton,"news, art, technology"
50a6c,Female,45,45-54,Australia,New Stanley,"travel, fitness"
584fb,Other,45,45-54,Mexico,West Markside,travel
59b7d,Male,45,45-54,United States,Angelicaburgh,"health, technology"
5acdf,Female,45,45-54,India,Ericchester,"health, photography"
5edb9,Male,45,45-54,United States,Reidborough,"food, health"
5f8e8,Female,45,45-54,United States,Port Dianamouth,"art, technology"
63c1f,Female,45,45-54,United States,Walkerburgh,"travel, lifestyle"
6b0c6,Other,45,45-54,Mexico,Graychester,"lifestyle, gaming"
7c998,Male,45,45-54,United States,North Michelleville,food
7eb39,Male,45,45-54,United States,South Brianport,fashion
84f7e,Male,45,45-54,Brazil,South Crystal,"lifestyle, fitness"
8f3a2,Female,45,45-54,United Kingdom,Briggsfort,"health, art, fashion"
92fdb,Male,45,45-54,Australia,Ramirezhaven,photography
933ff,Female,45,45-54,India,Brianfurt,photography
9390d,Other,45,45-54,United States,North Cheryl,fashion
9481e,Male,45,45-54,Germany,Melissaville,travel
9ccab,Male,45,45-54,United States,Hughesport,health
a2511,Male,45,45-54,India,Hopkinsport,"art, gaming"
a51f3,Female,45,45-54,United States,Alejandrotown,"gaming, fitness, news"
a967f,Female,45,45-54,India,East Kevinfort,sports
b269d,Female,45,45-54,United Kingdom,Lake Dwayne,"technology, health"
b4b46,Male,45,45-54,United States,Stevenbury,travel
b602f,Male,45,45-54,Brazil,Lesliefurt,"lifestyle, food"
ba081,Female,45,45-54,United States,Brianville,"gaming, food, sports"
bd399,Male,45,45-54,Germany,Davisville,"photography, news, sports"
bf9ac,Other,45,45-54,United States,Port Phillip,finance
c8986,Male,45,45-54,Australia,Payneton,fashion
cc98d,Female,45,45-54,Australia,Walshbury,"food, news"
cf12b,Female,45,45-54,United States,Port Margaret,health
cfaae,Female,45,45-54,United Kingdom,Lake Jay,health
d2945,Other,45,45-54,Australia,New Matthew,"lifestyle, fashion"
d52a0,Female,45,45-54,Germany,South Charlesberg,finance
d8d9a,Male,45,45-54,Mexico,Marktown,food
d9686,Female,45,45-54,Canada,Avilaland,"lifestyle, technology"
d9ab5,Male,45,45-54,United States,New Kimville,"news, technology"
e220c,Male,45,45-54,Australia,New Rachelborough,"finance, food"
e4a43,Male,45,45-54,United States,New Hannahstad,"technology, fashion"
e5102,Female,45,45-54,United States,East Natalieville,"gaming, technology, travel"
e81bc,Female,45,45-54,Brazil,Sanchezhaven,"lifestyle, art"
edb5d,Female,45,45-54,United Kingdom,Port Micheleborough,fitness
f4534,Female,45,45-54,United States,New Jeffreybury,photography
fa15b,Male,45,45-54,India,Christophershire,"art, travel, fitness"
fb351,Male,45,45-54,United States,Perezville,technology
fb723,Male,45,45-54,United States,North Colleen,"art, travel, gaming"
2943,Female,46,45-54,Germany,Nicholsland,"gaming, photography"
3463,Male,48,45-54,United States,Lewisbury,"technology, fashion, travel"
7755,Female,47,45-54,Australia,Danielbury,"fitness, photography, food"
10341,Other,54,45-54,United Kingdom,New Lisaland,lifestyle
13115,Female,53,45-54,Brazil,West Andrealand,"news, sports"
19019,Male,48,45-54,Canada,West Nancyville,"fitness, art"
20450,Female,46,45-54,United States,Codytown,travel
25451,Male,48,45-54,United States,Port Zacharyport,"gaming, technology"
32852,Other,50,45-54,United States,South Elizabethmouth,gaming
05-Feb-00,Female,51,45-54,Australia,Gonzalezmouth,"news, fashion"
39400,Male,47,45-54,United Kingdom,Coxshire,"gaming, sports, art"
55286,Female,53,45-54,Germany,Mollystad,"photography, lifestyle, food"
59152,Male,46,45-54,United Kingdom,Cruztown,"photography, health, sports"
61799,Male,51,45-54,United States,Lake Johnmouth,"lifestyle, fitness, fashion"
64661,Female,49,45-54,United States,North Gregory,"food, technology, photography"
71598,Male,46,45-54,United States,Jonesmouth,"food, health, travel"
75676,Female,47,45-54,Australia,Danielland,"finance, gaming"
75942,Female,46,45-54,Germany,South Coltonfurt,news
84994,Male,49,45-54,United States,West Scott,"sports, travel, lifestyle"
85541,Male,46,45-54,Mexico,Lake Judithshire,"news, gaming, finance"
87470,Other,48,45-54,Canada,Greerside,fitness
9.75E+05,Male,50,45-54,India,Bradleyfurt,health
5.26E+08,Female,53,45-54,United Kingdom,Lake Trevor,"lifestyle, news"
3.25E+11,Male,48,45-54,Mexico,Williamsfurt,"fashion, travel"
9.10E+87,Male,50,45-54,United States,Scottfort,"travel, fashion"
5.50E+96,Female,47,45-54,United States,Boyerport,"photography, lifestyle, technology"
066c7,Female,50,45-54,India,Leahborough,lifestyle
07d7c,Female,46,45-54,United States,Karenchester,"fitness, lifestyle, fashion"
0960e,Other,49,45-54,United States,Nicholaston,"fitness, health, fashion"
0a0a4,Female,46,45-54,Germany,Port Jodi,"lifestyle, photography"
0a39c,Female,48,45-54,United Kingdom,Ericview,technology
0a5ad,Other,46,45-54,Germany,Anthonymouth,travel
0bc6f,Female,50,45-54,United States,Courtneyberg,art
0ce7e,Female,47,45-54,Germany,South Douglastown,health
0dd23,Male,48,45-54,Brazil,Lake Michael,"gaming, sports, news"
0fe8b,Male,46,45-54,Germany,West Mikeport,health
10dbc,Other,48,45-54,Australia,Carlbury,"lifestyle, photography"
155a1,Male,51,45-54,United States,New Kathrynshire,"lifestyle, food, photography"
1862c,Male,46,45-54,Mexico,New Michael,"art, health, finance"
190ad,Male,54,45-54,France,West Kim,"gaming, art, food"
19c63,Male,46,45-54,United States,South Colleenberg,"news, travel, gaming"
19f13,Female,53,45-54,India,Christinefurt,"health, food"
1b7d7,Male,50,45-54,Mexico,South Nicolestad,health
1e688,Female,46,45-54,Canada,Phamhaven,"fashion, news, technology"
1ee6a,Female,47,45-54,United Kingdom,Vaughnfort,"fashion, technology, fitness"
1f062,Other,47,45-54,Australia,Garciatown,"food, fashion, fitness"
1f599,Male,48,45-54,United States,Lake Davidfurt,"travel, fitness, photography"
1f9bd,Male,47,45-54,Australia,New Patty,"news, photography"
227cd,Male,47,45-54,United Kingdom,Pettyberg,"fitness, news"
23abb,Male,48,45-54,Brazil,East Larry,"fitness, gaming"
2481a,Female,48,45-54,Germany,Taylorhaven,"art, finance, fitness"
25d7d,Male,46,45-54,Germany,New Amyville,"sports, travel"
26b0c,Male,50,45-54,United Kingdom,North Crystalland,"fashion, health"
26c8a,Female,47,45-54,United Kingdom,Jillside,"health, fashion"
26cc3,Female,52,45-54,United States,Jaimeport,"art, sports, technology"
28fa0,Male,46,45-54,India,Jonestown,"food, photography, sports"
290f8,Male,47,45-54,United Kingdom,Dayfurt,"gaming, finance, art"
2923b,Male,47,45-54,United Kingdom,West Williamton,finance
2a5ba,Male,51,45-54,Australia,North Elizabeth,fashion
2b4b6,Male,47,45-54,United Kingdom,South Megan,"health, lifestyle, technology"
2c805,Male,46,45-54,United Kingdom,Crawfordport,"travel, lifestyle, fitness"
2cb49,Female,52,45-54,Brazil,North Keithhaven,sports
2d6ff,Female,48,45-54,United States,Lake Stephanie,travel
2ebcd,Female,48,45-54,Germany,Richardsonville,"finance, sports, fashion"
2eda0,Female,49,45-54,Australia,Sarahport,fitness
2ef3b,Other,48,45-54,United Kingdom,Jessicachester,food
2f789,Male,49,45-54,Canada,Kellymouth,lifestyle
302cf,Other,47,45-54,India,Rodriguezmouth,lifestyle
306f2,Female,50,45-54,Mexico,South Davidside,"news, travel"
30b7d,Other,50,45-54,United Kingdom,North Felicia,"art, fitness, fashion"
3114c,Female,49,45-54,Canada,Port Maurice,"finance, news, food"
328b1,Female,52,45-54,Canada,Port Donnaside,"technology, food, art"
3309c,Female,46,45-54,United States,Jonathanside,lifestyle
33b5c,Male,47,45-54,India,New Kaitlyn,gaming
33be7,Male,47,45-54,Canada,Danielport,"fashion, news"
344fb,Male,46,45-54,United States,East Alex,finance
364bd,Male,54,45-54,Canada,East Richardside,"fashion, fitness"
3a3d7,Female,47,45-54,United States,Reynoldsburgh,"finance, food"
3dd3b,Other,49,45-54,United Kingdom,North Richard,"lifestyle, fashion, health"
3e859,Male,48,45-54,Germany,Port Allison,art
43f91,Male,47,45-54,Germany,Jasonland,"art, technology"
441d9,Female,50,45-54,United States,North Shannon,gaming
46fcc,Male,54,45-54,Canada,Hannahton,"art, finance, gaming"
4c814,Male,46,45-54,United Kingdom,Katelynshire,travel
4d0f6,Male,49,45-54,United States,Larabury,"fitness, sports"
4d1a0,Other,46,45-54,Germany,West Ashley,photography
4d21a,Female,48,45-54,Mexico,Port Hollyside,art
4d6a6,Female,46,45-54,United States,Sandersburgh,"photography, sports"
4e0f0,Male,46,45-54,United States,South Jonathan,"travel, fitness, art"
4fbe3,Female,47,45-54,India,Estradaville,"travel, art, photography"
51c9c,Female,51,45-54,Canada,Chasefurt,"news, lifestyle, sports"
522f6,Male,46,45-54,Canada,Vanessafort,"fashion, food, finance"
52a3b,Female,48,45-54,Canada,East Danny,"technology, fitness, gaming"
533bf,Male,47,45-54,India,East Lisachester,"news, health"
54bcd,Other,54,45-54,India,South Brianfurt,"art, technology"
5584e,Male,54,45-54,United States,New Dillonshire,"travel, photography, fitness"
56b4e,Male,48,45-54,United States,North Moniquechester,"photography, gaming"
57fb8,Male,46,45-54,United States,Petermouth,gaming
58ccc,Male,47,45-54,Germany,East Erikbury,"photography, art, health"
5a447,Male,46,45-54,United States,West Christopherburgh,"sports, gaming"
5bb58,Male,51,45-54,India,Dunlapland,"food, fitness, finance"
5c171,Male,48,45-54,United States,Port Jill,lifestyle
5c28c,Male,49,45-54,Mexico,East Tracy,"news, finance"
5fea0,Other,50,45-54,United States,Ricardoport,"food, gaming, fashion"
602f3,Male,48,45-54,Canada,South Austinville,"finance, gaming, health"
6172a,Female,52,45-54,Canada,Jenkinsfort,"technology, art, news"
6179e,Other,50,45-54,Canada,Stephensview,"sports, technology"
6187e,Male,52,45-54,United States,New Timothy,"travel, finance, news"
64e1b,Male,46,45-54,United States,Port Kenneth,"sports, gaming"
6540f,Male,52,45-54,United States,East Crystal,"fashion, food"
65e0a,Male,50,45-54,Australia,Michaelbury,food
6689b,Female,49,45-54,India,North Cheryl,"photography, finance"
66bd2,Female,48,45-54,Japan,Thomasland,"fitness, finance"
6a4bd,Male,46,45-54,India,South Dawn,"food, lifestyle, news"
6c1a8,Female,49,45-54,United Kingdom,Schultzview,"photography, travel"
6d15c,Female,46,45-54,United Kingdom,Frederickton,photography
6d467,Male,49,45-54,United States,Barrystad,"fitness, sports, travel"
6ecb2,Male,50,45-54,United Kingdom,Kristietown,health
6fa92,Male,46,45-54,United States,Port Elizabethborough,photography
74ec0,Female,46,45-54,India,South Stephenfort,"travel, art, photography"
76d3a,Other,53,45-54,United Kingdom,North Nathan,news
791f1,Male,47,45-54,India,Williamborough,"photography, sports"
7a304,Male,47,45-54,Mexico,New Stacey,"lifestyle, food"
7af93,Male,51,45-54,Australia,Williamsfurt,"news, sports"
7cf86,Male,49,45-54,Canada,New Nicole,"gaming, lifestyle"
802de,Female,47,45-54,United States,North Lori,"art, photography"
8107f,Female,48,45-54,Canada,Evanborough,"lifestyle, news"
8219e,Male,48,45-54,United States,Allenville,"sports, lifestyle, fashion"
830ec,Male,48,45-54,United States,Port Andreabury,fitness
83c65,Female,50,45-54,Australia,New David,"health, technology, food"
8614d,Male,50,45-54,France,Lawsonmouth,"gaming, travel, news"
8abe2,Male,47,45-54,United Kingdom,West Denise,fitness
8d02c,Female,46,45-54,India,Lake Jennifer,fitness
8ddd8,Other,52,45-54,United Kingdom,Nortonfort,"gaming, photography, fashion"
8de64,Male,50,45-54,United States,East Joelland,"photography, technology"
8e13b,Male,47,45-54,United States,East Scott,"fashion, art, food"
8e14c,Male,52,45-54,Canada,North Jonathan,"fitness, photography"
8e396,Male,49,45-54,Mexico,Lake Michael,"travel, lifestyle, fitness"
8e72e,Male,51,45-54,United Kingdom,Port Toni,food
8e940,Female,48,45-54,Australia,Sosashire,fitness
8f319,Female,50,45-54,Canada,North Allison,"technology, news"
937d7,Female,54,45-54,Japan,North Kristi,"lifestyle, sports, technology"
94d94,Female,53,45-54,United States,Staceyview,"travel, food"
962db,Other,46,45-54,Germany,Julieton,fitness
970ce,Female,52,45-54,Brazil,Robinsontown,"health, news"
9932e,Male,48,45-54,Japan,North Christopherfort,"lifestyle, photography"
9a3b1,Male,47,45-54,United States,Jessicaborough,"technology, fashion, travel"
9c664,Male,46,45-54,United States,Smithbury,news
9d484,Male,52,45-54,France,Kristinberg,"fitness, news"
9e796,Female,53,45-54,India,East Jenniferstad,lifestyle
a032f,Female,47,45-54,United States,Lake Davidmouth,"gaming, travel"
a067e,Male,47,45-54,Canada,Port Jeremy,"fitness, photography, fashion"
a11e5,Female,46,45-54,United Kingdom,Kiddbury,"art, technology, news"
a1917,Female,46,45-54,United States,New Taylor,health
a1a42,Male,48,45-54,Germany,Andrewsport,food
a1ff1,Female,51,45-54,United States,New Scott,"health, travel"
a3403,Male,46,45-54,United States,Jameschester,sports
a5b4f,Male,50,45-54,Mexico,Hubbardborough,"technology, photography"
a5f46,Female,50,45-54,France,New Sonya,"lifestyle, photography, health"
a618b,Male,46,45-54,Germany,South Gabriel,"sports, gaming, photography"
a6746,Male,51,45-54,United Kingdom,North Hollyland,"news, travel"
a6a40,Male,47,45-54,United States,Maldonadostad,"fitness, lifestyle, health"
a6f13,Male,50,45-54,Germany,South Amy,"photography, health, technology"
a7396,Male,52,45-54,Germany,Riosfort,"health, photography"
a7a51,Female,46,45-54,Australia,Ochoafurt,"fitness, lifestyle, travel"
a8895,Male,49,45-54,Australia,North Adamview,"food, finance"
a8ad9,Male,49,45-54,United Kingdom,Laurenmouth,"finance, fitness, health"
a8e42,Female,47,45-54,Canada,West Jasonchester,"gaming, news, health"
ac7db,Female,49,45-54,Mexico,Bennettland,"art, gaming"
acb6a,Male,46,45-54,Australia,Horntown,art
ad6de,Male,50,45-54,Germany,Hendersonfort,"fitness, sports"
ae1d6,Male,47,45-54,United States,West Edwardbury,"lifestyle, fitness"
b030e,Female,48,45-54,France,Port Angelafurt,health
b05c4,Female,48,45-54,United States,Lake Johnhaven,"food, travel"
b060e,Female,49,45-54,United States,Port Joel,"travel, art"
b1f0b,Male,53,45-54,Germany,Smithmouth,"news, lifestyle, gaming"
b2912,Other,53,45-54,United Kingdom,Danamouth,"fitness, food"
b4cd0,Male,50,45-54,United States,Fisherburgh,"fashion, photography, art"
b63e9,Male,52,45-54,United States,Rachelberg,photography
b7628,Male,48,45-54,Australia,South Christinaton,"photography, technology"
b79e1,Female,46,45-54,United States,North Henryshire,"technology, finance, photography"
b7f9b,Male,52,45-54,Brazil,North Howardmouth,fashion
b8218,Other,48,45-54,United States,Sarahhaven,fashion
b849a,Female,48,45-54,United States,Timothyville,art
b8f4a,Female,51,45-54,United Kingdom,Reynoldsport,"fitness, fashion"
b9a24,Female,49,45-54,India,East Randallport,"fitness, technology, photography"
ba358,Male,50,45-54,Germany,Josephtown,"travel, fashion"
baa76,Male,47,45-54,United Kingdom,Jorgefort,"photography, gaming"
bab3b,Female,46,45-54,Canada,East Timothyborough,health
bb5f2,Male,53,45-54,United States,Elizabethtown,"gaming, technology"
bc132,Other,49,45-54,United Kingdom,Toddview,"fitness, fashion, lifestyle"
bcbe4,Male,50,45-54,Canada,Port Troyshire,"photography, fitness, health"
bcc2a,Male,51,45-54,United Kingdom,Matthewsstad,"sports, art, gaming"
bd848,Male,48,45-54,Germany,South Jenniferland,fashion
be10c,Male,46,45-54,Mexico,Port Bernardmouth,health
be520,Male,52,45-54,United States,Mahoneymouth,"sports, health, food"
be6c4,Male,51,45-54,United States,East Michaelside,"news, art"
c0af1,Female,48,45-54,Canada,Dianeside,"fashion, travel"
c0f4b,Female,54,45-54,United States,New Ryanstad,"photography, gaming, fitness"
c336a,Other,50,45-54,India,West Stephanie,"fitness, sports, food"
c55af,Male,52,45-54,France,Port Madison,"food, photography, fashion"
c6943,Other,51,45-54,Mexico,West Matthew,news
c6c6b,Female,49,45-54,Japan,South John,"fitness, health, travel"
c7bd1,Male,49,45-54,India,New Claytonburgh,"fashion, health, finance"
c7efc,Female,47,45-54,India,West Gabrielshire,"finance, photography, fitness"
cc309,Female,54,45-54,India,Hillview,"news, health"
cdacc,Female,48,45-54,Brazil,East Meagan,"fashion, art, food"
d07f7,Male,49,45-54,Australia,East Joanville,"fashion, news"
d0d71,Other,47,45-54,United States,Andradeport,health
d15a1,Male,52,45-54,United States,Carolfurt,"photography, food"
d1d57,Female,49,45-54,Brazil,North Jared,"sports, gaming"
d25a9,Female,51,45-54,Australia,West Nicolemouth,"finance, lifestyle"
d735c,Male,51,45-54,Canada,Angelabury,lifestyle
d818d,Male,48,45-54,United States,Watsonfort,food
da029,Male,52,45-54,United Kingdom,West Tyler,"food, art"
db4ba,Male,53,45-54,Canada,Sancheztown,technology
dc041,Male,47,45-54,United States,Jillland,"photography, health"
dc209,Female,49,45-54,Canada,Port Duanestad,technology
ddf51,Female,46,45-54,Canada,North Eriktown,"travel, art, finance"
df54e,Male,47,45-54,Germany,West Anthonychester,art
e0e28,Male,49,45-54,Canada,Jacksonland,"lifestyle, art, finance"
e1fc7,Male,51,45-54,India,South Wesley,"fitness, technology"
e2b4d,Other,53,45-54,United Kingdom,Craigburgh,gaming
e2d87,Male,48,45-54,Germany,Port Peter,"fitness, finance, fashion"
e5da3,Male,50,45-54,Canada,Richardberg,"sports, art, technology"
e82f0,Male,54,45-54,Germany,North Michael,"fitness, health, lifestyle"
ea0bc,Male,48,45-54,United States,Markburgh,"photography, finance, sports"
ea836,Male,46,45-54,United Kingdom,Smithchester,"travel, lifestyle"
ea954,Female,47,45-54,United Kingdom,Jonesmouth,"lifestyle, health"
eaf77,Other,52,45-54,France,East Elizabeth,"fitness, technology, travel"
ebfd4,Male,50,45-54,United Kingdom,West Emilyberg,"fashion, art, sports"
ec1a8,Other,53,45-54,Canada,South Elizabethchester,fitness
ec7d2,Female,47,45-54,United Kingdom,North Anthony,news
eeb2e,Male,46,45-54,United Kingdom,Allisonmouth,"travel, sports"
eed8f,Male,48,45-54,United Kingdom,West Lisa,"technology, food, fashion"
ef9da,Male,49,45-54,France,Lake Deannaborough,"technology, finance"
f211b,Other,50,45-54,Germany,Luisville,"travel, fashion"
f3109,Other,46,45-54,United States,Edwardton,"technology, fashion, health"
f6651,Male,49,45-54,Australia,Jacobsshire,health
f7858,Female,49,45-54,United States,East Dorothy,art
f8484,Female,48,45-54,India,West Michael,"health, finance, fashion"
fa9b9,Male,48,45-54,India,Collinsport,"technology, travel"
fae96,Female,46,45-54,United States,West Hannah,"fashion, lifestyle, photography"
fb2cd,Male,52,45-54,Brazil,New Christopherbury,technology
fb493,Female,49,45-54,Brazil,Mannburgh,"fashion, news, finance"
ffed3,Male,47,45-54,United Kingdom,Kimberlyburgh,"health, news"
1.20E+01,Male,56,55-65,Japan,New Jeremy,"lifestyle, health"
4728,Male,55,55-65,United States,Melanieburgh,"gaming, news, fashion"
17920,Male,57,55-65,United States,Charlesland,"sports, lifestyle"
20106,Female,64,55-65,United States,Stephenborough,"finance, technology, news"
37592,Female,60,55-65,United States,South Kristin,gaming
66169,Male,61,55-65,Germany,Lake Elizabethchester,lifestyle
74406,Male,59,55-65,India,Romeroview,"lifestyle, fitness"
84668,Male,56,55-65,Germany,Lake Adam,"travel, art"
9.36E+08,Male,57,55-65,United States,Wardton,"gaming, fashion"
9.80E+08,Male,55,55-65,Brazil,Lake Anthony,"travel, technology, food"
7.40E+98,Other,62,55-65,United States,Duartehaven,fitness
053ab,Male,57,55-65,United States,Wilsonville,"travel, fitness"
07d74,Male,56,55-65,Germany,New Chad,finance
09d1b,Male,58,55-65,United Kingdom,Lindsaychester,fitness
0b6e8,Male,57,55-65,Canada,South Kevin,lifestyle
0d9eb,Female,55,55-65,Australia,Elliottville,"photography, food"
1465f,Female,58,55-65,Australia,Martinbury,"food, travel"
176b5,Other,55,55-65,Canada,North Matthew,"finance, lifestyle"
1fa53,Male,58,55-65,India,Toddborough,food
20cd5,Male,58,55-65,India,Medinahaven,"photography, health"
23c75,Male,55,55-65,United Kingdom,Holmeschester,technology
2b4b0,Male,55,55-65,United States,Mallorymouth,"art, photography"
2bb98,Male,59,55-65,United Kingdom,East Stephanie,finance
2c2dc,Female,55,55-65,United States,Lake Justin,art
2c881,Other,65,55-65,United Kingdom,Lake Diane,"finance, sports, fitness"
2f78e,Female,64,55-65,United Kingdom,East Nicole,"sports, lifestyle"
3352a,Female,56,55-65,Germany,West Christineside,"photography, travel"
377c0,Male,65,55-65,Brazil,New George,"art, news, technology"
37feb,Male,55,55-65,United States,South Jasonland,gaming
3aee2,Other,59,55-65,Japan,Lake Susan,"sports, technology"
3b0b6,Female,56,55-65,United States,West Diana,"fitness, food"
3c4aa,Male,59,55-65,India,Port Andrewton,travel
4c13a,Male,65,55-65,United States,Port Gregory,"health, travel, fitness"
4da34,Female,56,55-65,United States,Hartmanbury,"travel, fitness"
4e56e,Female,65,55-65,United States,East Sophia,photography
50ab0,Other,56,55-65,United States,North Jacquelineborough,"fitness, food"
52a28,Male,61,55-65,United States,Williamport,health
5a380,Female,63,55-65,United States,Port Christopher,"travel, art"
5cc30,Female,59,55-65,United Kingdom,Larryborough,"food, photography, fashion"
5f405,Male,65,55-65,Canada,Kennedyton,"lifestyle, health, photography"
60cc6,Other,65,55-65,Germany,New Elizabethstad,"photography, technology"
638d4,Male,65,55-65,United Kingdom,Cameronfurt,travel
6659b,Male,59,55-65,United States,North Holly,"technology, lifestyle"
670d2,Male,63,55-65,United States,South Taylorchester,gaming
68f1a,Male,58,55-65,United Kingdom,Robinsonberg,"finance, lifestyle"
77ae8,Male,65,55-65,United Kingdom,North Melissa,gaming
7d764,Female,56,55-65,Canada,Ericborough,"photography, health"
7dc5e,Male,56,55-65,United States,New Savannahland,"health, technology, fashion"
863df,Female,56,55-65,United Kingdom,West Brianville,"lifestyle, photography"
8689c,Other,65,55-65,Canada,East Karenchester,fitness
87b04,Other,57,55-65,United States,Dominguezmouth,"lifestyle, art"
8a19a,Male,59,55-65,Australia,Millertown,"art, fitness, finance"
8e5fc,Male,64,55-65,Germany,Lake Melanieburgh,"technology, art, food"
902ad,Female,58,55-65,Australia,Port Jonathan,fashion
9c1e4,Other,63,55-65,United Kingdom,Dixonchester,"finance, fashion"
9e0b3,Female,65,55-65,United States,New Randyfort,"fashion, technology, travel"
a36f6,Male,63,55-65,United States,Kingbury,sports
a7530,Female,55,55-65,Australia,Mariaview,"news, fashion, photography"
aeb9f,Female,61,55-65,United States,South Cassandra,"gaming, photography"
b2c1d,Male,57,55-65,United States,Matthewtown,"travel, fitness"
b4d61,Female,65,55-65,Japan,North Gary,"photography, food, sports"
b5776,Other,57,55-65,India,Josephberg,"fashion, sports, gaming"
b8b5a,Male,65,55-65,Canada,Ramirezborough,"gaming, travel"
ba0b3,Female,56,55-65,Brazil,Grantville,sports
be462,Male,65,55-65,United States,Rhondaport,"food, photography"
c1c8c,Male,56,55-65,Canada,New Daniel,"gaming, finance, art"
c3b76,Male,59,55-65,United States,East Biancaburgh,finance
c9890,Male,58,55-65,France,Waltersfort,"technology, gaming, photography"
cc081,Female,56,55-65,Germany,Lake Monicamouth,"fitness, food"
cc6c7,Male,62,55-65,Brazil,New Alyssa,"food, fitness"
d3510,Female,58,55-65,United States,West Roberttown,"gaming, finance"
d6047,Female,63,55-65,Australia,Lake Zacharyview,"news, health, photography"
da42e,Male,57,55-65,Brazil,South Jenniferton,"health, photography"
db310,Male,65,55-65,France,Lake Joseph,fitness
e2555,Female,57,55-65,United States,Debraside,sports
ec1ba,Male,63,55-65,India,New Michaelburgh,"sports, technology, finance"
ec438,Female,55,55-65,United Kingdom,South Williamburgh,"food, news"
ed93e,Male,58,55-65,United States,Mendozaton,"fashion, art"
ef98c,Male,58,55-65,France,Ryanshire,"photography, travel"
f11b0,Male,60,55-65,Australia,Andreston,fitness
fb3f3,Female,55,55-65,Canada,Lake Jonathan,photography
96456,Other,17,16-17,India,Schmidtchester,"gaming, photography"
18a32,Other,17,16-17,Mexico,New Kellyborough,"finance, news"
3e64a,Other,17,16-17,Brazil,New Gabrielaview,fitness
6af5a,Other,17,16-17,Japan,Lake Eddie,travel
76bfd,Other,17,16-17,United Kingdom,South Diane,fashion
81d48,Other,17,16-17,India,Grantchester,"travel, technology, gaming"
8e69e,Other,17,16-17,Australia,Brownmouth,"lifestyle, photography, travel"
984b8,Other,17,16-17,Brazil,Jamesshire,"news, lifestyle, travel"
9ba76,Other,17,16-17,United Kingdom,West Dalestad,"fashion, fitness, art"
a6bca,Other,17,16-17,Australia,Adamchester,food
b545a,Other,17,16-17,United Kingdom,Michelleshire,"food, gaming"
b5894,Other,17,16-17,Mexico,South Erikside,travel
be2b4,Other,17,16-17,Australia,New Amyport,news
c164e,Other,17,16-17,United Kingdom,Andersonmouth,finance
ed0e3,Other,17,16-17,United Kingdom,Ryanstad,"gaming, health"
f1915,Other,17,16-17,United Kingdom,Jeffreyshire,"news, lifestyle"
5.00E+01,Female,17,16-17,Canada,Lake Juanville,"food, finance"
3571,Female,17,16-17,Brazil,Wilsonborough,sports
6477,Female,17,16-17,United Kingdom,New Deannafort,fashion
19310,Female,17,16-17,Japan,New Stevenside,fashion
40073,Female,17,16-17,Mexico,Haleburgh,"photography, fashion, food"
63627,Female,17,16-17,Brazil,Michelletown,gaming
78099,Female,17,16-17,Australia,Gomezhaven,"fashion, lifestyle"
1.00E+07,Female,17,16-17,Canada,Vaughanport,"gaming, sports"
008fe,Female,17,16-17,Australia,Smithside,health
00d31,Female,17,16-17,Canada,Jamesfurt,technology
00d58,Female,17,16-17,United Kingdom,Lake Royview,"fashion, food, finance"
0722b,Female,17,16-17,Canada,South Jennafurt,"technology, finance, photography"
1015d,Female,17,16-17,Australia,Susanport,"health, finance"
1ec58,Female,17,16-17,United Kingdom,Ramirezfort,"sports, technology"
225cf,Female,17,16-17,United Kingdom,Grosshaven,"finance, travel"
2a94f,Female,17,16-17,Japan,New Brendaborough,health
2af89,Female,17,16-17,Canada,Matthewhaven,"gaming, food"
2cc94,Female,17,16-17,India,Tonyside,finance
32ccb,Female,17,16-17,Mexico,New Susan,"health, sports"
3d1c2,Female,17,16-17,United Kingdom,North Gary,"health, fitness"
455ff,Female,17,16-17,Canada,Priscillafurt,photography
4f4be,Female,17,16-17,United Kingdom,Jenkinsside,"health, sports, technology"
560b7,Female,17,16-17,Mexico,South Jacquelineview,art
5d3fa,Female,17,16-17,United Kingdom,Karlaville,"lifestyle, finance, art"
614dd,Female,17,16-17,United Kingdom,Bellland,"art, photography, health"
6a8d3,Female,17,16-17,France,Richmondborough,"sports, travel, fashion"
6b02a,Female,17,16-17,Australia,East Biancafort,"fitness, lifestyle, sports"
7838e,Female,17,16-17,Australia,West David,"sports, travel"
7a78c,Female,17,16-17,United Kingdom,South Aaron,"sports, travel"
7ae92,Female,17,16-17,United Kingdom,Hillberg,"travel, fashion, technology"
7c48a,Female,17,16-17,United Kingdom,North Jordanville,"finance, technology"
7ff4d,Female,17,16-17,Germany,Port Michelle,"photography, fitness, food"
856bc,Female,17,16-17,United Kingdom,East Sarahfort,sports
8699b,Female,17,16-17,Germany,Smithshire,"lifestyle, art, technology"
8c871,Female,17,16-17,Canada,Nicolechester,fashion
8d478,Female,17,16-17,Canada,Wandaview,lifestyle
8fc80,Female,17,16-17,Japan,Beanborough,"fashion, gaming, sports"
9187e,Female,17,16-17,Canada,North Rachael,news
952ae,Female,17,16-17,Japan,South Monicamouth,news
977c3,Female,17,16-17,Brazil,Buchananberg,photography
977ed,Female,17,16-17,Australia,East Paulside,"photography, finance, lifestyle"
99a39,Female,17,16-17,Canada,Smithport,"technology, fashion, sports"
9ab7d,Female,17,16-17,United Kingdom,Woodsside,"news, lifestyle, health"
9bc91,Female,17,16-17,Japan,Reedland,"sports, technology"
9c545,Female,17,16-17,Brazil,Harthaven,"gaming, lifestyle"
a5041,Female,17,16-17,Mexico,Samuelfort,gaming
b6206,Female,17,16-17,Canada,Port Aaronshire,"finance, photography, technology"
b6afb,Female,17,16-17,United Kingdom,East Joshuamouth,"art, fashion, travel"
b784a,Female,17,16-17,Brazil,North Kellyville,"fashion, lifestyle"
bea69,Female,17,16-17,Canada,South Billy,fashion
bfd4f,Female,17,16-17,Canada,West Lori,"art, news, photography"
c05e2,Female,17,16-17,Canada,Port Gabriellemouth,finance
c35c3,Female,17,16-17,United Kingdom,Smithtown,"food, news, technology"
c561c,Female,17,16-17,Japan,Lake Michael,"lifestyle, food"
c8b4e,Female,17,16-17,Canada,Johnstad,"fashion, technology"
c93db,Female,17,16-17,Brazil,Brandonstad,"technology, news"
ccf30,Female,17,16-17,Germany,Susanside,"sports, health"
d01e3,Female,17,16-17,United Kingdom,Nicoleburgh,"gaming, fashion, technology"
d0c1b,Female,17,16-17,Japan,Port Richard,"finance, gaming, photography"
d2d58,Female,17,16-17,India,Port Kathyberg,fitness
d36f6,Female,17,16-17,Canada,North Sydney,"photography, fashion, lifestyle"
d3dc1,Female,17,16-17,Germany,Smithberg,"travel, news"
de4e1,Female,17,16-17,India,East Ashley,health
e443c,Female,17,16-17,Australia,Suarezmouth,"food, news, fashion"
e9273,Female,17,16-17,India,South Lorraine,fashion
ea376,Female,17,16-17,Germany,Lake Dan,"travel, art"
ebe8e,Female,17,16-17,Brazil,Perkinsfort,fashion
ec522,Female,17,16-17,Japan,Dunnville,fitness
ed7a9,Female,17,16-17,Japan,Port Gracebury,food
eea39,Female,17,16-17,France,Timothychester,"fitness, finance"
f0efc,Female,17,16-17,Germany,Baldwinstad,"health, fashion, gaming"
f4e9e,Female,17,16-17,Brazil,North Wendyfort,health
f7364,Female,17,16-17,Germany,New Joseph,"fashion, food, photography"
f7e81,Female,17,16-17,Canada,Russelltown,"health, travel, technology"
f887d,Female,17,16-17,Canada,North Jose,"gaming, fitness, food"
f8a40,Female,17,16-17,Mexico,Johnsonstad,"fitness, food"
f9392,Female,17,16-17,United Kingdom,Lake Timothyland,"photography, lifestyle, finance"
f9bb6,Female,17,16-17,Canada,Dennisburgh,"health, news"
fa16d,Female,17,16-17,Japan,Seanhaven,photography
19895,Male,17,16-17,Australia,Lake Chase,"fitness, photography"
25379,Male,17,16-17,Germany,West Katherineville,"lifestyle, photography, sports"
26103,Male,17,16-17,Germany,Haleytown,"lifestyle, fashion"
48790,Male,17,16-17,France,Suarezchester,"sports, travel"
59016,Male,17,16-17,India,Breannaton,fashion
85270,Male,17,16-17,United Kingdom,Christyberg,"fitness, photography, travel"
87439,Male,17,16-17,Brazil,Huffmanshire,"fashion, news"
88427,Male,17,16-17,Brazil,Krausebury,travel
95575,Male,17,16-17,India,North Joseburgh,finance
4.82E+05,Male,17,16-17,Mexico,North Sharonbury,"fitness, travel"
7.46E+06,Male,17,16-17,Germany,Jadehaven,"food, news, fitness"
9.60E+08,Male,17,16-17,Japan,Cordovafurt,photography
9.00E+91,Male,17,16-17,Mexico,North Dustinport,"sports, lifestyle"
021cc,Male,17,16-17,United Kingdom,North Amber,"finance, photography, art"
07a65,Male,17,16-17,United Kingdom,New Rebecca,"finance, health"
087cc,Male,17,16-17,United Kingdom,East Matthew,"gaming, fashion"
097f5,Male,17,16-17,Australia,Port Leslie,travel
0ac7d,Male,17,16-17,Australia,South Rachel,"art, food, travel"
0d7cd,Male,17,16-17,Canada,North Patrick,lifestyle
1085c,Male,17,16-17,Japan,Haleburgh,"finance, fashion, technology"
1266b,Male,17,16-17,United Kingdom,Darylville,"health, technology, gaming"
161dc,Male,17,16-17,United Kingdom,Elizabethstad,fashion
1bde3,Male,17,16-17,United Kingdom,Pattonchester,"finance, food"
1eb28,Male,17,16-17,India,New Mary,sports
24c3b,Male,17,16-17,Japan,Jonesborough,photography
25efd,Male,17,16-17,Australia,New Michaelmouth,"news, finance"
2929d,Male,17,16-17,Germany,Jonesshire,"food, art"
31c29,Male,17,16-17,Japan,Trevinoborough,sports
338c7,Male,17,16-17,Germany,Huntershire,"food, sports"
35b82,Male,17,16-17,United Kingdom,South Markland,fashion
3d74d,Male,17,16-17,India,Greenland,"sports, fashion"
403a0,Male,17,16-17,Canada,Mullinsborough,"fitness, technology, food"
420d3,Male,17,16-17,Germany,Lake Daniel,"gaming, health"
4cc1a,Male,17,16-17,Canada,South Dillonburgh,"food, gaming"
4cd36,Male,17,16-17,Australia,Lake Linda,finance
4e944,Male,17,16-17,Brazil,Fitzgeraldside,"art, technology, lifestyle"
4f14f,Male,17,16-17,Brazil,North Traci,"technology, health, lifestyle"
4f19c,Male,17,16-17,Australia,Rivasborough,"health, technology"
5253f,Male,17,16-17,Australia,South Lisa,"technology, fashion, art"
538b5,Male,17,16-17,Brazil,North Nancybury,"fashion, art, photography"
5851e,Male,17,16-17,Canada,Williamschester,"gaming, fashion"
65fee,Male,17,16-17,Mexico,Flemingville,"finance, gaming"
67d8a,Male,17,16-17,Germany,South Michelle,"food, sports, technology"
6d1cd,Male,17,16-17,United Kingdom,Alanland,finance
6feae,Male,17,16-17,United Kingdom,New Jeffrey,"food, fashion"
7a854,Male,17,16-17,India,South Marciahaven,"travel, food, finance"
7b8ae,Male,17,16-17,Japan,Port Sara,"gaming, photography, sports"
7d657,Male,17,16-17,Brazil,Ritterton,sports
7de8e,Male,17,16-17,Canada,Adamsport,"lifestyle, art, travel"
7f493,Male,17,16-17,Mexico,North Christinefurt,"fashion, food, news"
7fac5,Male,17,16-17,India,Nielsenville,"travel, photography, art"
823dc,Male,17,16-17,France,New Elizabeth,"news, technology, gaming"
85fb4,Male,17,16-17,United Kingdom,East Michael,sports
8697b,Male,17,16-17,Mexico,Claudiastad,"fashion, fitness"
86aec,Male,17,16-17,Japan,Hernandezland,"health, fashion, gaming"
87d29,Male,17,16-17,Japan,West Patriciaburgh,"health, technology"
8941f,Male,17,16-17,United Kingdom,New Jason,"photography, travel, lifestyle"
8b57c,Male,17,16-17,Canada,Lake Jimmybury,"travel, sports"
8cd18,Male,17,16-17,United Kingdom,New Timothyhaven,"sports, travel"
8dcf6,Male,17,16-17,Germany,Cunninghamville,"travel, gaming, fashion"
8fb7e,Male,17,16-17,Japan,West Tammyberg,health
904eb,Male,17,16-17,Mexico,Tracifort,"art, sports, fitness"
97ca1,Male,17,16-17,Brazil,Woodardton,"fitness, travel"
9810c,Male,17,16-17,United Kingdom,Kevinville,finance
9f51d,Male,17,16-17,Germany,Hooverport,"food, fitness, sports"
a1231,Male,17,16-17,United Kingdom,Victoriamouth,"food, fitness"
a301a,Male,17,16-17,India,Langbury,"lifestyle, news"
a41d2,Male,17,16-17,United Kingdom,North Cindyshire,travel
a808d,Male,17,16-17,United Kingdom,Phyllisside,sports
a9b30,Male,17,16-17,Australia,Garnerland,travel
ac632,Male,17,16-17,India,New Kimberly,"gaming, fashion, sports"
ae84f,Male,17,16-17,France,East Bradley,"art, gaming"
aef82,Male,17,16-17,Brazil,Wilsonburgh,"lifestyle, travel, sports"
b2f2a,Male,17,16-17,India,North Joeburgh,"photography, finance"
b5687,Male,17,16-17,Germany,Port Brianmouth,"travel, news"
b6915,Male,17,16-17,United Kingdom,Deanton,travel
bb2d0,Male,17,16-17,Germany,West Dwayneport,"sports, news"
bc268,Male,17,16-17,France,East Christophermouth,news
bf067,Male,17,16-17,France,New Raymondview,"technology, travel"
bf91d,Male,17,16-17,Australia,New Davidborough,"gaming, fashion, technology"
c361b,Male,17,16-17,United Kingdom,New Bonnie,"travel, sports"
c6996,Male,17,16-17,France,Wendyside,"technology, fitness"
ca46d,Male,17,16-17,Germany,Allenton,sports
cb2b7,Male,17,16-17,Canada,Kirbyhaven,art
cc127,Male,17,16-17,United Kingdom,Davidhaven,news
d25c3,Male,17,16-17,France,West Danielle,art
d3883,Male,17,16-17,Germany,Jenniferport,"fitness, food, sports"
d43a7,Male,17,16-17,Germany,Melissaberg,"fitness, lifestyle"
d8e43,Male,17,16-17,Canada,North Michaelabury,technology
ed7d6,Male,17,16-17,India,Jamieburgh,fitness
f9af2,Male,17,16-17,India,West Christopher,"fitness, gaming, sports"
f9e36,Male,17,16-17,India,West James,"photography, art, travel"
fafe2,Male,17,16-17,United Kingdom,West Mathewville,"gaming, lifestyle, art"
fbe22,Male,17,16-17,United Kingdom,Lake Christophermouth,fashion
fc5ee,Male,17,16-17,Germany,Morrisland,"health, fitness, art"
fca97,Male,17,16-17,Australia,Shawntown,fitness
ffd50,Male,17,16-17,Mexico,New Josephstad,fitness
3024,Male,17,16-17,United States,Marytown,photography
29661,Female,17,16-17,United States,New Kristen,"photography, fitness"
44964,Male,17,16-17,United States,East Michael,"news, fashion"
87431,Male,17,16-17,United States,Robertburgh,sports
99523,Female,17,16-17,United States,Ashleyland,food
6.20E+09,Female,17,16-17,United States,East Joshua,"technology, lifestyle"
1.40E+25,Other,17,16-17,United States,Cordovastad,fashion
0b158,Male,17,16-17,United States,Dawnfurt,art
0b683,Male,17,16-17,United States,South Patriciaburgh,"gaming, travel"
1c20a,Male,17,16-17,United States,West Alisonfurt,health
23b52,Male,17,16-17,United States,Mccoyhaven,"news, fashion, lifestyle"
23d93,Male,17,16-17,United States,Port Amberhaven,gaming
23ee4,Male,17,16-17,United States,Lake David,"health, technology, sports"
2b79f,Male,17,16-17,United States,Goodshire,"food, travel"
2c7d1,Male,17,16-17,United States,Stephaniechester,"fashion, photography, technology"
2ca2d,Female,17,16-17,United States,South Lisaview,art
325c2,Male,17,16-17,United States,Tamaratown,food
3292a,Other,17,16-17,United States,Lake Sarahmouth,lifestyle
36a7c,Other,17,16-17,United States,West Eric,art
3f95f,Other,17,16-17,United States,Port Robert,"travel, art"
461c4,Male,17,16-17,United States,Hernandezhaven,"lifestyle, food, gaming"
4e1a4,Female,17,16-17,United States,Elizabethside,"news, sports, technology"
5039a,Male,17,16-17,United States,Washingtonland,"fashion, photography"
586af,Male,17,16-17,United States,South Ericside,lifestyle
5b801,Female,17,16-17,United States,Maureenshire,"travel, news, sports"
5e604,Female,17,16-17,United States,North Beverly,"technology, art, gaming"
627fc,Male,17,16-17,United States,Tylerfort,"sports, news"
68f7b,Male,17,16-17,United States,Turnertown,"lifestyle, sports, technology"
6b844,Male,17,16-17,United States,South Todd,"news, technology"
6d851,Female,17,16-17,United States,East Briannabury,"health, technology"
6feaf,Female,17,16-17,United States,Lake Elizabethmouth,lifestyle
7088a,Male,17,16-17,United States,Rodriguezstad,"travel, food"
729aa,Male,17,16-17,United States,Lake Daniel,health
745b0,Male,17,16-17,United States,Butlermouth,art
7dd68,Female,17,16-17,United States,Samanthabury,news
8101b,Male,17,16-17,United States,Lake Timothy,"sports, photography, fitness"
8a95b,Male,17,16-17,United States,Kathleenport,"health, fitness, lifestyle"
8cb6f,Female,17,16-17,United States,Michaelmouth,"travel, sports, art"
8d64e,Female,17,16-17,United States,Jacksonfurt,"gaming, fitness, sports"
8f935,Male,17,16-17,United States,Mcguireburgh,health
9a629,Male,17,16-17,United States,Port Anna,"lifestyle, technology, fitness"
9ad84,Female,17,16-17,United States,Jonesborough,"gaming, sports, fitness"
9db70,Male,17,16-17,United States,Terrybury,"fashion, lifestyle, technology"
aeeff,Male,17,16-17,United States,New Phyllis,"lifestyle, art"
af5f0,Male,17,16-17,United States,Blanchardchester,"finance, art, gaming"
b13db,Male,17,16-17,United States,Williamview,"art, photography, food"
b3e28,Male,17,16-17,United States,West Richardview,"travel, health, finance"
b582a,Female,17,16-17,United States,Rodriguezstad,art
b5856,Female,17,16-17,United States,Bradshire,fitness
b746f,Male,17,16-17,United States,East Dianestad,gaming
b813d,Female,17,16-17,United States,Lake Tammy,food
b8ff0,Male,17,16-17,United States,West Normaton,"sports, news, fashion"
b934e,Male,17,16-17,United States,Fischershire,"finance, lifestyle, photography"
b9744,Male,17,16-17,United States,Waltersview,"finance, technology"
bb6ac,Male,17,16-17,United States,Nathanielland,"fitness, travel"
c791a,Male,17,16-17,United States,Tracystad,"technology, sports, health"
c8022,Female,17,16-17,United States,Patriciachester,finance
c97dd,Male,17,16-17,United States,Sullivanville,"fitness, finance, photography"
cbcbe,Male,17,16-17,United States,Brookston,"lifestyle, fitness"
ce6bf,Male,17,16-17,United States,New Calvinburgh,news
cfbb2,Other,17,16-17,United States,Lisaville,"art, photography"
d37d3,Female,17,16-17,United States,Andreaburgh,art
d9f9a,Male,17,16-17,United States,Lake Brianmouth,"art, gaming, food"
e5f72,Male,17,16-17,United States,Kevinview,"travel, fitness"
e9afe,Male,17,16-17,United States,Nicholasmouth,"travel, food, news"
ec3b8,Other,17,16-17,United States,Johnsonfurt,news
ee3b7,Male,17,16-17,United States,East Thomas,lifestyle
f40bf,Female,17,16-17,United States,Port Robert,"sports, gaming"
f5f6a,Male,17,16-17,United States,Cynthiaborough,gaming
f67a8,Male,17,16-17,United States,Loriburgh,"technology, fitness"
fc009,Male,17,16-17,United States,South Kimport,fashion
fd497,Female,17,16-17,United States,South Amber,"fashion, technology, sports"
fe2e4,Male,17,16-17,United States,Davisport,fitness
1187,Other,16,16-17,France,East Linda,"technology, finance, news"
20305,Other,16,16-17,Brazil,Lake Richard,"lifestyle, travel, sports"
27424,Other,16,16-17,Brazil,North Loriville,"food, finance, sports"
5.00E+236,Other,16,16-17,United Kingdom,Grahamburgh,"fashion, art"
013fe,Other,16,16-17,United Kingdom,Hayesfurt,"gaming, fashion"
014ef,Other,16,16-17,India,Port Feliciaside,travel
0ae1b,Other,16,16-17,Canada,Lake Kristin,"news, travel"
0cb17,Other,16,16-17,Japan,Hendersonmouth,fitness
12d28,Other,16,16-17,United Kingdom,Stevenbury,"fitness, art"
1436d,Other,16,16-17,Canada,Danielleview,lifestyle
15b97,Other,16,16-17,Japan,Burtonberg,"photography, finance"
1caa3,Other,16,16-17,Canada,Christinaberg,"gaming, fitness"
1fa95,Other,16,16-17,United Kingdom,Barrville,"lifestyle, health"
2628d,Other,16,16-17,United Kingdom,West Evelyn,"fashion, finance"
2ada9,Other,16,16-17,Brazil,Lake Zacharyfurt,"health, news"
31bad,Other,16,16-17,Germany,Adamstad,"photography, art, technology"
33eef,Other,16,16-17,France,Lake Joshua,"art, gaming"
3b395,Other,16,16-17,Canada,Walkerhaven,gaming
3b559,Other,16,16-17,Canada,North Evan,"finance, fitness"
4368a,Other,16,16-17,Brazil,East Kimberly,photography
4bbcf,Other,16,16-17,Mexico,Matthewstad,gaming
56a15,Other,16,16-17,Germany,Lake Juanmouth,"art, technology"
7489b,Other,16,16-17,Australia,Sharonmouth,technology
78d15,Other,16,16-17,India,Weekshaven,"fashion, sports, technology"
858af,Other,16,16-17,United Kingdom,New Kellyland,"health, fitness, photography"
8ad75,Other,16,16-17,Australia,North Shaunmouth,"travel, technology"
8f578,Other,16,16-17,Brazil,West Coreyberg,lifestyle
918d2,Other,16,16-17,Canada,Lake John,"sports, photography, food"
93a77,Other,16,16-17,Germany,North Jesse,"health, gaming"
991af,Other,16,16-17,Germany,Lake Brian,"photography, sports, technology"
a31d6,Other,16,16-17,Brazil,Raymondstad,"lifestyle, health, technology"
b111f,Other,16,16-17,Japan,South Elizabeth,fitness
b123a,Other,16,16-17,Brazil,West Victoria,food
b617c,Other,16,16-17,India,Johnburgh,"news, technology"
b6f86,Other,16,16-17,Japan,Jacobview,"news, fashion"
b8087,Other,16,16-17,Australia,Lake Elizabeth,"gaming, health"
c8ec9,Other,16,16-17,United Kingdom,North Donna,finance
ce54f,Other,16,16-17,Canada,Brendaville,art
e262e,Other,16,16-17,Germany,North Kristin,"art, news"
eaa07,Other,16,16-17,Japan,Hardyshire,technology
eac99,Other,16,16-17,India,North Christopher,"food, sports"
f27b0,Other,16,16-17,Canada,Christophertown,fitness
f5141,Other,16,16-17,India,East Zachary,"lifestyle, food"
f7897,Other,16,16-17,Brazil,North Nicolemouth,"photography, food, finance"
f9489,Other,16,16-17,Germany,Nicolefurt,"health, technology, news"
f9e12,Other,16,16-17,France,Bradleybury,fitness
fa030,Other,16,16-17,India,Amandachester,"fashion, news"
62,Female,16,16-17,France,Davidside,"photography, art, food"
3893,Female,16,16-17,India,Raymondtown,"fitness, photography"
4625,Female,16,16-17,Australia,Chavezland,"technology, fashion"
5037,Female,16,16-17,Canada,West Stephanieton,"gaming, finance"
6080,Female,16,16-17,Australia,Elizabethport,"health, food"
10624,Female,16,16-17,France,Gregport,"travel, gaming"
11746,Female,16,16-17,United Kingdom,Lake Aimee,"food, technology"
12965,Female,16,16-17,Australia,Smithside,"gaming, finance, travel"
17885,Female,16,16-17,Japan,Lake Kristin,"finance, fitness, travel"
26294,Female,16,16-17,Brazil,Bradleybury,art
27309,Female,16,16-17,Germany,South Christianshire,"gaming, news"
33775,Female,16,16-17,Brazil,Chavezberg,"fitness, sports"
34048,Female,16,16-17,India,Davisstad,"gaming, food"
53183,Female,16,16-17,Mexico,Port Matthewtown,"finance, photography"
63231,Female,16,16-17,India,New Brian,technology
67962,Female,16,16-17,France,North Samanthamouth,art
71215,Female,16,16-17,United Kingdom,Harrisburgh,technology
81555,Female,16,16-17,United Kingdom,Arellanotown,health
83027,Female,16,16-17,India,Evelynberg,"health, fitness, technology"
94458,Female,16,16-17,India,South Victor,"gaming, travel, fashion"
94582,Female,16,16-17,Brazil,Morrismouth,lifestyle
97966,Female,16,16-17,Australia,Janicefort,technology
98395,Female,16,16-17,United Kingdom,Sancheztown,"art, travel, food"
4.47E+08,Female,16,16-17,Mexico,Lawrencemouth,"art, finance"
8.90E+26,Female,16,16-17,Canada,Everettville,"food, gaming"
00c9a,Female,16,16-17,Mexico,Huffmanmouth,sports
01f58,Female,16,16-17,Germany,Port Nicholas,food
08c19,Female,16,16-17,United Kingdom,New Stacyburgh,"health, gaming"
0a793,Female,16,16-17,Canada,West Emilyton,"technology, art, fashion"
0c04e,Female,16,16-17,United Kingdom,Gilbertshire,finance
0e2e2,Female,16,16-17,India,North Cynthiamouth,"food, lifestyle, photography"
0e846,Female,16,16-17,United Kingdom,West Amychester,"fashion, technology, sports"
0f602,Female,16,16-17,France,North Lisa,sports
104cb,Female,16,16-17,Brazil,Mooreburgh,"fashion, food, travel"
12f1b,Female,16,16-17,Brazil,Ginaborough,sports
13a0e,Female,16,16-17,Australia,West Corey,"fitness, photography"
14a80,Female,16,16-17,United Kingdom,Jaredstad,"photography, finance"
1d3ed,Female,16,16-17,Japan,Lake Eileen,fitness
1fb5d,Female,16,16-17,Germany,Taylorberg,"gaming, news"
24f0a,Female,16,16-17,Japan,Lake Daniel,"finance, fashion, art"
2955f,Female,16,16-17,Canada,South Amyfurt,"finance, lifestyle"
2dba6,Female,16,16-17,India,North James,art
2e6c3,Female,16,16-17,United Kingdom,East Craigtown,"travel, finance"
2ee79,Female,16,16-17,Canada,Andresborough,"finance, technology, food"
3ae4d,Female,16,16-17,United Kingdom,New Joshua,"art, sports, technology"
3c3d8,Female,16,16-17,Brazil,Ashleymouth,"food, fitness"
3e612,Female,16,16-17,France,Sherimouth,"news, food"
40d81,Female,16,16-17,Japan,Port James,lifestyle
4a967,Female,16,16-17,United Kingdom,Wisefurt,"news, gaming, health"
4ac67,Female,16,16-17,United Kingdom,Reevesport,finance
4edee,Female,16,16-17,United Kingdom,Rodriguezberg,"food, finance"
4efec,Female,16,16-17,United Kingdom,Paulastad,"sports, finance"
541f1,Female,16,16-17,United Kingdom,Patriciaberg,"photography, news"
5b47d,Female,16,16-17,India,Buchananmouth,"fashion, finance, art"
5bc57,Female,16,16-17,India,Torresberg,"food, finance, lifestyle"
5ea83,Female,16,16-17,Canada,New Matthew,"fitness, finance, news"
600ae,Female,16,16-17,Mexico,Port Mary,"finance, news"
65f3c,Female,16,16-17,United Kingdom,Jenniferland,"art, photography"
6e0fb,Female,16,16-17,Brazil,Thorntonside,travel
6f782,Female,16,16-17,Japan,South Becky,"photography, lifestyle"
70cc7,Female,16,16-17,Brazil,Bruceview,"gaming, photography, lifestyle"
7237d,Female,16,16-17,United Kingdom,West Fernandochester,"news, fitness, gaming"
73be0,Female,16,16-17,Germany,North James,"photography, health, fashion"
755d6,Female,16,16-17,Canada,Kristopherburgh,"food, fitness, travel"
769bc,Female,16,16-17,United Kingdom,Hutchinsonmouth,"gaming, fashion"
77dad,Female,16,16-17,India,Huntershire,"gaming, finance, photography"
7895a,Female,16,16-17,Brazil,South Courtney,"art, food, sports"
7922a,Female,16,16-17,Germany,Ashleyview,"technology, finance"
7953c,Female,16,16-17,India,East Alyssaview,gaming
7ada1,Female,16,16-17,United Kingdom,Floresfurt,"photography, fitness, fashion"
7b66f,Female,16,16-17,Brazil,Christineborough,"art, lifestyle, food"
7b7f0,Female,16,16-17,Brazil,Lake Shelia,"news, fitness"
7f695,Female,16,16-17,India,Taylorshire,"lifestyle, gaming"
7fb73,Female,16,16-17,France,New Jenniferview,news
8030c,Female,16,16-17,United Kingdom,Port Ariel,news
854a7,Female,16,16-17,United Kingdom,East Melissaborough,art
898ec,Female,16,16-17,Mexico,North Heather,health
8fb82,Female,16,16-17,United Kingdom,New Amandaberg,sports
90e1a,Female,16,16-17,Japan,Lake Donshire,"art, food, photography"
94f74,Female,16,16-17,Germany,Andersonburgh,"gaming, photography, travel"
952c7,Female,16,16-17,United Kingdom,Stephaniehaven,"technology, art, food"
972ae,Female,16,16-17,Brazil,Richardsonmouth,technology
976fd,Female,16,16-17,Australia,South Allisonfurt,photography
97e0e,Female,16,16-17,Brazil,New Ann,technology
9a0bb,Female,16,16-17,France,South Carriehaven,sports
9b09f,Female,16,16-17,United Kingdom,New John,"gaming, lifestyle"
9c9c5,Female,16,16-17,Germany,West Richard,travel
9d1f6,Female,16,16-17,Australia,Lake Rachelburgh,"gaming, art, food"
a5b3b,Female,16,16-17,United Kingdom,New Nicole,lifestyle
a71e8,Female,16,16-17,India,Lake Denise,fitness
a831b,Female,16,16-17,Japan,Garyshire,food
abe75,Female,16,16-17,India,Longland,"finance, health, technology"
ac10d,Female,16,16-17,United Kingdom,Josephtown,travel
acdd4,Female,16,16-17,Canada,Simpsonfort,"photography, finance, fashion"
ad744,Female,16,16-17,Canada,East Lisa,fitness
af988,Female,16,16-17,United Kingdom,West Dylanshire,"lifestyle, finance, fitness"
afb8e,Female,16,16-17,Brazil,Benjaminburgh,photography
b3550,Female,16,16-17,Germany,Hallview,fitness
b51be,Female,16,16-17,United Kingdom,Kaitlynhaven,art
b6b9b,Female,16,16-17,Brazil,South Ryanburgh,technology
b70ac,Female,16,16-17,France,Fordmouth,technology
b73e4,Female,16,16-17,Germany,South Jonathan,"news, technology, art"
b89c3,Female,16,16-17,Germany,Dunnland,"sports, health, finance"
b99a1,Female,16,16-17,Canada,East Henry,"gaming, travel, finance"
bd0bf,Female,16,16-17,Germany,New Tracyberg,"gaming, art, travel"
bd887,Female,16,16-17,United Kingdom,South Karinamouth,gaming
bed1c,Female,16,16-17,Germany,Lawsonmouth,"technology, gaming, travel"
c31d0,Female,16,16-17,Japan,Lake Andrea,"fashion, sports"
c34a1,Female,16,16-17,Mexico,Nicolemouth,"fashion, travel"
c4183,Female,16,16-17,Brazil,West Joanport,"fitness, gaming, photography"
c7bcc,Female,16,16-17,Australia,Steinfurt,"travel, fitness"
ca92d,Female,16,16-17,Brazil,Carolynshire,food
cd40b,Female,16,16-17,France,Jimmychester,"sports, photography"
cdae5,Female,16,16-17,Canada,Robinsonview,"news, health"
d19de,Female,16,16-17,Brazil,Alecview,technology
d3900,Female,16,16-17,Germany,Juarezmouth,"fitness, gaming, lifestyle"
d3ff9,Female,16,16-17,India,Claymouth,health
d4e54,Female,16,16-17,France,Richardburgh,finance
d5439,Female,16,16-17,Mexico,Brandonview,finance
d55e2,Female,16,16-17,Australia,Cathymouth,"technology, health, travel"
d5ca6,Female,16,16-17,Japan,East Dalehaven,"technology, fitness"
d6531,Female,16,16-17,Canada,South Richardfurt,"fitness, health, art"
dbc74,Female,16,16-17,Japan,Jessicachester,"finance, food, gaming"
de350,Female,16,16-17,Canada,New Marcia,travel
df2ca,Female,16,16-17,Mexico,Joneshaven,travel
df4e5,Female,16,16-17,Australia,Ralphfurt,"lifestyle, gaming"
e275f,Female,16,16-17,Canada,Lake Robert,fitness
e7c9e,Female,16,16-17,Germany,Robertberg,technology
e9f9a,Female,16,16-17,Canada,Lake Christinafort,"travel, fashion, lifestyle"
f0a0d,Female,16,16-17,United Kingdom,Langfurt,"travel, art, lifestyle"
f456c,Female,16,16-17,France,Ashleystad,"sports, news, food"
f54a1,Female,16,16-17,Germany,Thomasstad,art
f5843,Female,16,16-17,Germany,Hamptonchester,food
f7174,Female,16,16-17,India,Michelleport,"fashion, gaming, travel"
f88e5,Female,16,16-17,Canada,Port Carla,"news, travel, technology"
f96db,Female,16,16-17,Canada,Dunnchester,"health, sports, photography"
faab0,Female,16,16-17,Australia,Vickiview,technology
ff683,Female,16,16-17,Australia,South Shannon,"food, travel, photography"
2.61E+02,Male,16,16-17,Mexico,Port Jenniferside,art
6212,Male,16,16-17,Germany,New Douglashaven,"health, sports"
9434,Male,16,16-17,India,Port Sarah,lifestyle
13091,Male,16,16-17,Mexico,Lake Marymouth,"art, lifestyle, technology"
17087,Male,16,16-17,France,East Karafort,"finance, art"
21278,Male,16,16-17,Brazil,Thompsonberg,"photography, gaming"
26704,Male,16,16-17,Germany,North Taylor,"gaming, fitness"
46910,Male,16,16-17,Canada,South Jeffreyville,"art, health, news"
57569,Male,16,16-17,France,Williston,"news, lifestyle"
60693,Male,16,16-17,India,Turnerfort,"travel, art, food"
61954,Male,16,16-17,Brazil,South Meganton,"news, fitness"
65728,Male,16,16-17,United Kingdom,Singhville,"photography, gaming, fitness"
68055,Male,16,16-17,Australia,Juanton,finance
69995,Male,16,16-17,Mexico,Courtneybury,food
74611,Male,16,16-17,Mexico,Kimland,lifestyle
82145,Male,16,16-17,United Kingdom,North Anthony,travel
84445,Male,16,16-17,United Kingdom,South Thomas,sports
86038,Male,16,16-17,Japan,South Kaylachester,"gaming, lifestyle"
87077,Male,16,16-17,United Kingdom,Shellyville,"technology, gaming"
90310,Male,16,16-17,India,Longville,"travel, technology"
95727,Male,16,16-17,Canada,Allisonstad,news
96354,Male,16,16-17,United Kingdom,North Megan,finance
97375,Male,16,16-17,India,Rebekahville,lifestyle
98854,Male,16,16-17,Mexico,West Johnborough,"gaming, sports, photography"
2.92E+07,Male,16,16-17,Germany,Kristitown,"lifestyle, travel, technology"
1.80E+54,Male,16,16-17,Canada,Rubenstad,"technology, finance"
098d9,Male,16,16-17,United Kingdom,Port Randy,"fitness, news"
0bb40,Male,16,16-17,United Kingdom,West Dana,"technology, lifestyle, art"
0d148,Male,16,16-17,Australia,Juliabury,"news, art"
0dc2f,Male,16,16-17,Mexico,Sydneystad,gaming
10bbf,Male,16,16-17,United Kingdom,South Robertland,"art, fashion, gaming"
117c9,Male,16,16-17,Germany,South Christopher,health
11cca,Male,16,16-17,India,Austinside,"finance, fashion"
13be3,Male,16,16-17,Australia,Justinburgh,fitness
1460c,Male,16,16-17,United Kingdom,East Peterbury,"fashion, art"
151f4,Male,16,16-17,Germany,Tammybury,"gaming, fashion"
17a40,Male,16,16-17,Germany,East Kayla,"finance, technology, lifestyle"
186a7,Male,16,16-17,India,Matthewberg,"fashion, fitness"
1a7cd,Male,16,16-17,Mexico,West Stephanie,"technology, travel, gaming"
1d3b1,Male,16,16-17,United Kingdom,Lake Matthewshire,lifestyle
1fd39,Male,16,16-17,India,Cortezville,travel
267ed,Male,16,16-17,Germany,Port Juliefurt,"travel, food"
26de1,Male,16,16-17,Germany,South Williamland,"news, food"
28b59,Male,16,16-17,India,Gilbertchester,"art, sports"
2ac0f,Male,16,16-17,Australia,Grantmouth,"travel, food, health"
2ae0f,Male,16,16-17,Germany,Reidville,"food, fitness, finance"
2c425,Male,16,16-17,Japan,Pachecoview,"gaming, technology, sports"
2cccd,Male,16,16-17,United Kingdom,North Saramouth,"photography, fashion, lifestyle"
2d5f4,Male,16,16-17,India,Warrenchester,"finance, technology"
2ddb1,Male,16,16-17,United Kingdom,North Emily,"fashion, fitness, news"
2f06a,Male,16,16-17,Germany,Loveside,food
2f581,Male,16,16-17,United Kingdom,Natashamouth,"art, lifestyle"
2fda7,Male,16,16-17,United Kingdom,Huffmanborough,photography
2fed2,Male,16,16-17,United Kingdom,South Michael,lifestyle
318ac,Male,16,16-17,Canada,New Michaelton,"lifestyle, art"
38f5c,Male,16,16-17,Australia,Jonesland,photography
3a732,Male,16,16-17,Mexico,Lake Nicole,sports
3b194,Male,16,16-17,Canada,Davidside,technology
3f936,Male,16,16-17,United Kingdom,South Teresaland,"technology, finance"
415a2,Male,16,16-17,Germany,Beckermouth,"technology, fitness"
42f50,Male,16,16-17,United Kingdom,Lake Robinton,"health, lifestyle"
459d2,Male,16,16-17,Brazil,Kevintown,finance
45a8f,Male,16,16-17,United Kingdom,Lake Ellen,"sports, finance, gaming"
45fde,Male,16,16-17,United Kingdom,Port Josephchester,"gaming, sports"
48cf8,Male,16,16-17,India,Pattersonstad,"art, fitness, food"
4a649,Male,16,16-17,Brazil,Brownfort,"fitness, fashion"
4e0d5,Male,16,16-17,Mexico,Jacksonfurt,fitness
4e7a6,Male,16,16-17,Mexico,West Ralph,photography
4fa02,Male,16,16-17,Japan,Caldwellton,"sports, news"
4fa90,Male,16,16-17,Mexico,Montoyachester,fitness
506c0,Male,16,16-17,Germany,East Peggy,"photography, fitness"
513d8,Male,16,16-17,Australia,Kevinfort,"fitness, news"
51ef3,Male,16,16-17,Mexico,Chadbury,gaming
51fef,Male,16,16-17,Canada,Carolborough,"finance, lifestyle"
577ee,Male,16,16-17,France,Stephaniemouth,"gaming, health"
57a25,Male,16,16-17,Brazil,Smithtown,"fitness, travel"
5888e,Male,16,16-17,Germany,New Joshuaton,"sports, technology, health"
58eca,Male,16,16-17,Germany,Aprilmouth,"finance, art"
59ca1,Male,16,16-17,Germany,East Jeremy,fitness
5a032,Male,16,16-17,Mexico,North Tara,art
5c4d0,Male,16,16-17,Mexico,Cesarland,sports
5dc56,Male,16,16-17,Germany,East James,"health, photography"
5ffbf,Male,16,16-17,Brazil,Stewartton,technology
620a2,Male,16,16-17,Germany,East Kristinstad,technology
64fce,Male,16,16-17,United Kingdom,Martinchester,"photography, lifestyle, gaming"
6530e,Male,16,16-17,Mexico,Jessechester,"photography, art, fitness"
6601f,Male,16,16-17,United Kingdom,Rodriguezview,finance
66a4f,Male,16,16-17,Australia,South Donald,"gaming, technology, travel"
6a806,Male,16,16-17,Mexico,West Anthony,photography
6c207,Male,16,16-17,Brazil,West James,"news, food, art"
6c2ce,Male,16,16-17,India,Burnettborough,"finance, photography, news"
6c7b2,Male,16,16-17,Germany,Margaretberg,"finance, food, technology"
6fadf,Male,16,16-17,Canada,Hopkinsmouth,"health, fashion, lifestyle"
6fb6b,Male,16,16-17,Australia,West Heidiville,"travel, technology, art"
7047f,Male,16,16-17,India,East Joseph,sports
720be,Male,16,16-17,Brazil,Port Steventon,health
7594d,Male,16,16-17,United Kingdom,Kirbyside,"gaming, fashion"
770b9,Male,16,16-17,Germany,North Suzannehaven,"food, sports"
78f90,Male,16,16-17,Germany,Jamesfort,"gaming, art"
791fd,Male,16,16-17,United Kingdom,North Kelly,"art, fitness, finance"
7a55d,Male,16,16-17,Australia,Port Kaylamouth,"travel, fashion"
7c02c,Male,16,16-17,Mexico,North Markland,travel
7cd20,Male,16,16-17,Canada,Oscarton,"sports, art, health"
7cd4f,Male,16,16-17,Canada,Gonzalesfort,"gaming, fashion"
7cd7d,Male,16,16-17,Japan,Port Brandontown,"photography, gaming"
7d2d4,Male,16,16-17,United Kingdom,Pearsonbury,art
7d5f3,Male,16,16-17,Canada,North David,"photography, food, travel"
7e40e,Male,16,16-17,Brazil,Grayshire,"technology, finance, travel"
81f42,Male,16,16-17,Germany,Austinton,"fitness, news"
823a4,Male,16,16-17,United Kingdom,Benderstad,"art, technology, travel"
853f0,Male,16,16-17,United Kingdom,Lake Destinytown,"health, gaming, food"
89b7b,Male,16,16-17,United Kingdom,West Sandyfort,art
89ccc,Male,16,16-17,Australia,Port Eric,"news, sports, food"
8ccc9,Male,16,16-17,United Kingdom,Wendyshire,finance
8cdcf,Male,16,16-17,Brazil,Cindyfurt,"gaming, food"
8e3b0,Male,16,16-17,Germany,Andreaville,"technology, finance, health"
8e9a4,Male,16,16-17,Brazil,East Sarahton,technology
8e9b7,Male,16,16-17,United Kingdom,Scottshire,"gaming, finance"
8f1de,Male,16,16-17,Japan,West Charleston,"lifestyle, technology"
8fc45,Male,16,16-17,Canada,New Aaronmouth,food
9021a,Male,16,16-17,United Kingdom,Evanchester,"gaming, art"
9024b,Male,16,16-17,India,Port Hollyfort,sports
9161d,Male,16,16-17,Australia,Blanchardfort,fitness
916bb,Male,16,16-17,Mexico,Port Denise,"photography, lifestyle, art"
9242d,Male,16,16-17,United Kingdom,Kimland,"food, technology, fashion"
965a6,Male,16,16-17,Mexico,Mosesland,"fashion, gaming"
980eb,Male,16,16-17,India,East Amberberg,"gaming, news, food"
981bd,Male,16,16-17,United Kingdom,New Charles,"photography, art"
9837c,Male,16,16-17,United Kingdom,Humphreyfort,"finance, photography"
9a34a,Male,16,16-17,France,Lake Mariastad,"gaming, photography, travel"
9a380,Male,16,16-17,India,North Benjaminton,"gaming, photography"
9b48b,Male,16,16-17,Brazil,Lake Robert,technology
9ced6,Male,16,16-17,Canada,Andersonport,finance
9d59a,Male,16,16-17,Mexico,Holtshire,travel
9d676,Male,16,16-17,India,Leeburgh,"art, photography, gaming"
9d79d,Male,16,16-17,India,New Jennifer,fashion
9e8a6,Male,16,16-17,Germany,Port Kristin,news
9eaa2,Male,16,16-17,United Kingdom,Halechester,"fitness, art"
9f29a,Male,16,16-17,Germany,New Samanthaborough,"fitness, photography, gaming"
a02b9,Male,16,16-17,Canada,Nicholaston,"travel, fitness, fashion"
a2602,Male,16,16-17,United Kingdom,Williamside,"technology, sports"
a374b,Male,16,16-17,Canada,Douglasborough,finance
a446c,Male,16,16-17,India,Lake Tylerside,"sports, photography, technology"
a44a2,Male,16,16-17,Canada,West Thomas,technology
a501a,Male,16,16-17,France,Austintown,"fashion, fitness, lifestyle"
a5fa1,Male,16,16-17,Germany,Derekside,"travel, gaming, sports"
a906d,Male,16,16-17,Brazil,Atkinsshire,"gaming, technology, fitness"
aae9b,Male,16,16-17,India,Port Samantha,"fitness, technology, gaming"
abe50,Male,16,16-17,Australia,West Stanley,"finance, gaming"
ad7eb,Male,16,16-17,France,Port Hollyshire,art
adb64,Male,16,16-17,Germany,South Vanessa,"technology, food, news"
adf8d,Male,16,16-17,United Kingdom,North Elizabeth,"travel, art, finance"
af914,Male,16,16-17,Germany,Port Davidtown,"finance, health, food"
b0ea4,Male,16,16-17,United Kingdom,Erinport,art
b0fac,Male,16,16-17,Mexico,South Michael,fitness
b2c80,Male,16,16-17,Germany,Warrenborough,"fashion, health"
b2cc7,Male,16,16-17,United Kingdom,East Stephanieburgh,"finance, travel"
b4ae0,Male,16,16-17,United Kingdom,Haleborough,"sports, finance, technology"
b5864,Male,16,16-17,Germany,New Christopher,"photography, technology, sports"
b7291,Male,16,16-17,Mexico,North Ronald,"health, food"
b8df9,Male,16,16-17,United Kingdom,New Gabrielstad,"health, lifestyle"
b91c4,Male,16,16-17,Mexico,East Donna,travel
b9ce7,Male,16,16-17,United Kingdom,Phillipport,"travel, fitness"
b9ef4,Male,16,16-17,France,North Williamland,"fashion, lifestyle"
ba101,Male,16,16-17,United Kingdom,Benjaminport,"health, food"
ba1b2,Male,16,16-17,Germany,Megantown,"lifestyle, fitness"
ba6be,Male,16,16-17,United Kingdom,Ryantown,"photography, news"
bc018,Male,16,16-17,United Kingdom,Gailchester,"sports, travel"
bc1bf,Male,16,16-17,Australia,Coreymouth,photography
bcd67,Male,16,16-17,Japan,New Kaylaville,"gaming, health, travel"
bee00,Male,16,16-17,India,Lake Jamesport,"art, sports, news"
c1261,Male,16,16-17,Mexico,Zacharybury,"food, technology, fashion"
c1450,Male,16,16-17,Brazil,New Justin,"gaming, health, art"
c145a,Male,16,16-17,Mexico,Brianborough,fashion
c3c2b,Male,16,16-17,Canada,Scottview,"sports, photography, food"
c46bb,Male,16,16-17,Australia,Patrickmouth,fitness
c5825,Male,16,16-17,Brazil,Jordanfort,"finance, fitness, photography"
c6aa0,Male,16,16-17,United Kingdom,Danielville,"food, fashion"
c72ae,Male,16,16-17,Canada,Galvanberg,travel
c7d02,Male,16,16-17,India,North Cynthiachester,"fashion, health, technology"
c905e,Male,16,16-17,India,South Christopherberg,"travel, art, news"
c9d0f,Male,16,16-17,United Kingdom,West Sandra,gaming
cb619,Male,16,16-17,Brazil,New Ian,"health, food, technology"
cb6ae,Male,16,16-17,Brazil,Lake Gabrielle,photography
cbee0,Male,16,16-17,United Kingdom,South Alanville,fitness
cbf77,Male,16,16-17,France,Lake David,"gaming, news, travel"
ccc57,Male,16,16-17,Brazil,Weaverland,"art, lifestyle"
d143c,Male,16,16-17,France,Marialand,health
d1cd5,Male,16,16-17,Germany,South Brian,"lifestyle, art"
d5ed1,Male,16,16-17,Mexico,North Sherriberg,"art, finance"
d7630,Male,16,16-17,Japan,Lake Kristin,"photography, travel, sports"
d8071,Male,16,16-17,Japan,Danielview,"lifestyle, health, finance"
d8627,Male,16,16-17,Australia,Port John,"fashion, sports"
d91a5,Male,16,16-17,United Kingdom,Karenfort,fashion
da078,Male,16,16-17,Australia,South Melaniestad,news
da7dc,Male,16,16-17,United Kingdom,West Sheilachester,"fitness, technology"
db918,Male,16,16-17,Brazil,Tannershire,technology
dc3dc,Male,16,16-17,United Kingdom,Lake Laceyland,"health, food"
dc546,Male,16,16-17,Mexico,North Lisa,fitness
de07b,Male,16,16-17,Canada,Joneston,"news, gaming"
de832,Male,16,16-17,Canada,West Patriciaton,news
e011a,Male,16,16-17,Canada,East Corey,"health, technology, sports"
e1a23,Male,16,16-17,United Kingdom,Jeffreyton,fitness
e47b8,Male,16,16-17,Canada,Diazton,lifestyle
e4cf4,Male,16,16-17,United Kingdom,Sonyatown,"travel, fitness"
e6136,Male,16,16-17,Brazil,East Davidville,health
e66a9,Male,16,16-17,India,Benderfurt,"art, finance"
e7785,Male,16,16-17,United Kingdom,Port Maryton,fitness
eaf41,Male,16,16-17,Canada,Hopkinsside,"art, gaming"
ecd4d,Male,16,16-17,Brazil,Camachoside,fitness
ee684,Male,16,16-17,Japan,Carolinemouth,"sports, finance"
ef5ea,Male,16,16-17,United Kingdom,Adammouth,"finance, art"
ef71e,Male,16,16-17,India,North Pennyfort,"finance, art"
f4954,Male,16,16-17,Germany,Port Christian,photography
f51ff,Male,16,16-17,India,New Johnborough,lifestyle
f52b2,Male,16,16-17,United Kingdom,Donaldsonshire,"lifestyle, finance"
f65eb,Male,16,16-17,Germany,Lake Brittney,technology
f6fe8,Male,16,16-17,India,Collierfurt,"fashion, sports, fitness"
f794f,Male,16,16-17,United Kingdom,East Garyshire,"finance, photography, lifestyle"
f8167,Male,16,16-17,India,New Edgarbury,"health, fitness, news"
f901a,Male,16,16-17,Canada,Port Sara,"photography, finance"
fb8e1,Male,16,16-17,United Kingdom,Sanchezfurt,"food, news"
fb9ba,Male,16,16-17,Canada,Port Jasminemouth,"travel, fitness"
fc920,Male,16,16-17,Mexico,South Christopherside,"art, news"
feb2b,Male,16,16-17,Mexico,Adamfort,"fashion, food, finance"
7191,Male,16,16-17,United States,Johnathanport,"fitness, art"
10599,Male,16,16-17,United States,North Danielmouth,fitness
10984,Male,16,16-17,United States,Lake Kylie,"lifestyle, travel"
16830,Male,16,16-17,United States,Nicholasview,"fashion, fitness, finance"
17106,Male,16,16-17,United States,Dominguezview,"travel, photography, food"
44460,Male,16,16-17,United States,Snyderville,"fashion, travel, food"
45757,Male,16,16-17,United States,Cervantesberg,technology
46188,Male,16,16-17,United States,Ericborough,"photography, news"
58550,Male,16,16-17,United States,Salazarview,"health, lifestyle, fashion"
66762,Male,16,16-17,United States,South Kayla,gaming
81685,Male,16,16-17,United States,West Raymondstad,fitness
8.70E+04,Male,16,16-17,United States,Port Thomasland,"technology, food, travel"
97191,Male,16,16-17,United States,Danielburgh,"lifestyle, fitness"
98050,Male,16,16-17,United States,Smithside,fitness
98559,Male,16,16-17,United States,Port Carolynland,fitness
7.18E+09,Male,16,16-17,United States,New Marktown,"news, gaming, art"
3.50E+29,Male,16,16-17,United States,East Kimberly,"fashion, lifestyle"
9.00E+276,Male,16,16-17,United States,Karenmouth,news
09b78,Male,16,16-17,United States,Millerchester,fashion
0ccae,Male,16,16-17,United States,Shawnton,fitness
0d013,Male,16,16-17,United States,Lake William,"finance, news"
0fb3c,Male,16,16-17,United States,West Sandra,"travel, food, finance"
11a13,Male,16,16-17,United States,East Timothyhaven,"lifestyle, finance, fitness"
1e480,Male,16,16-17,United States,East Jameston,"fashion, lifestyle"
22fd6,Male,16,16-17,United States,East Tammy,"fitness, photography, health"
23d32,Male,16,16-17,United States,North Michael,"technology, news, health"
242aa,Male,16,16-17,United States,East Angela,food
24a67,Male,16,16-17,United States,Port Matthew,"finance, gaming, health"
2727c,Male,16,16-17,United States,North Jeremyview,"fitness, finance"
27f22,Male,16,16-17,United States,West Brianside,"gaming, health"
28dd4,Male,16,16-17,United States,Maldonadoburgh,"technology, food, travel"
31f9d,Male,16,16-17,United States,East Brian,"travel, fashion, finance"
33f8a,Male,16,16-17,United States,Christinebury,lifestyle
3b032,Male,16,16-17,United States,South Andrew,photography
3c316,Male,16,16-17,United States,New Jamie,"travel, food, fitness"
3cb8c,Male,16,16-17,United States,Port Andres,"fashion, fitness, photography"
3f571,Male,16,16-17,United States,West Jenniferstad,"gaming, fitness"
3f75c,Male,16,16-17,United States,Kennethside,finance
45b15,Male,16,16-17,United States,Cynthiastad,lifestyle
4df64,Male,16,16-17,United States,Wongville,"finance, fitness, travel"
4e3ec,Male,16,16-17,United States,Christopherville,fashion
4f720,Male,16,16-17,United States,Cherylmouth,technology
515b5,Male,16,16-17,United States,Meghantown,"food, photography, gaming"
58b1b,Male,16,16-17,United States,South Anthony,"travel, fashion"
5a69b,Male,16,16-17,United States,Heathfurt,food
5b11f,Male,16,16-17,United States,Shannonhaven,"technology, sports"
5d16d,Male,16,16-17,United States,North Mary,"technology, gaming"
5d969,Male,16,16-17,United States,Villanuevachester,"lifestyle, sports"
5f726,Male,16,16-17,United States,Keithmouth,"technology, lifestyle, news"
627fd,Male,16,16-17,United States,Lake Staceyfurt,"fitness, travel, food"
6318e,Male,16,16-17,United States,Brownport,sports
65bf9,Male,16,16-17,United States,Port Clintonmouth,"news, finance, photography"
65e5e,Male,16,16-17,United States,Stephaniestad,"gaming, fashion"
6ea42,Male,16,16-17,United States,Port Connie,news
716c0,Male,16,16-17,United States,Camacholand,"travel, fitness"
756d6,Male,16,16-17,United States,Michaeltown,"fashion, sports, lifestyle"
7b07e,Male,16,16-17,United States,Douglasburgh,"photography, sports, fashion"
83f2f,Male,16,16-17,United States,West Adam,art
842a7,Male,16,16-17,United States,Glenview,"food, fitness"
873bb,Male,16,16-17,United States,Saratown,art
88fde,Male,16,16-17,United States,South David,"fashion, photography"
8b762,Male,16,16-17,United States,Jamieville,fashion
8df55,Male,16,16-17,United States,Alfredfort,finance
8f609,Male,16,16-17,United States,New Kimberlychester,"technology, lifestyle"
91ca5,Male,16,16-17,United States,Boydberg,"fashion, technology, news"
91fcd,Male,16,16-17,United States,Taylorstad,sports
977c5,Male,16,16-17,United States,Brianfurt,"lifestyle, travel, technology"
989a1,Male,16,16-17,United States,Cindymouth,"finance, sports"
98f81,Male,16,16-17,United States,Jorgeside,"fashion, health"
9994b,Male,16,16-17,United States,Hornborough,"food, finance"
99bb8,Male,16,16-17,United States,Wadeton,"travel, photography, technology"
9ae34,Male,16,16-17,United States,Lake Michellebury,"fashion, lifestyle, finance"
9b610,Male,16,16-17,United States,Lake Stevenshire,"health, food"
9bf64,Male,16,16-17,United States,Robinshire,"photography, lifestyle, food"
a041f,Male,16,16-17,United States,Lake Michaelstad,"health, gaming"
a0ce8,Male,16,16-17,United States,Odonnellborough,"news, sports, technology"
a477b,Male,16,16-17,United States,Port Patricia,lifestyle
a9104,Male,16,16-17,United States,Dennisville,"sports, art"
b0486,Male,16,16-17,United States,Jessicamouth,finance
b0a5a,Male,16,16-17,United States,South Becky,food
b1843,Male,16,16-17,United States,East Carlos,"fitness, fashion, news"
b2dd6,Male,16,16-17,United States,Colonshire,"lifestyle, fashion, fitness"
b4221,Male,16,16-17,United States,Pughtown,travel
b4ff1,Male,16,16-17,United States,Gutierrezport,sports
b85b8,Male,16,16-17,United States,Port Kaylahaven,"sports, photography, news"
b9c92,Male,16,16-17,United States,Richardsonfort,"finance, travel"
baced,Male,16,16-17,United States,Andrewview,"art, lifestyle, technology"
bd39f,Male,16,16-17,United States,Victoriaside,lifestyle
c0b1b,Male,16,16-17,United States,North Nathanchester,"travel, photography"
c237b,Male,16,16-17,United States,Salazarstad,"finance, photography"
c3628,Male,16,16-17,United States,Fieldsburgh,"health, lifestyle, photography"
c51ae,Male,16,16-17,United States,North Isaiahton,news
ca197,Male,16,16-17,United States,Lake Kari,fashion
cd1ec,Male,16,16-17,United States,North Javierton,"travel, news, sports"
cecaf,Male,16,16-17,United States,Duranton,"health, photography, art"
d1168,Male,16,16-17,United States,Garcialand,news
d260b,Male,16,16-17,United States,West Patrickville,news
d3824,Male,16,16-17,United States,East Michael,"fitness, travel"
d72ab,Male,16,16-17,United States,Hicksview,"technology, sports"
dc67f,Male,16,16-17,United States,North Kimberly,lifestyle
dd6f2,Male,16,16-17,United States,West Christopher,"travel, technology, lifestyle"
e36fa,Male,16,16-17,United States,Murrayville,"technology, sports"
e448c,Male,16,16-17,United States,Hoffmanfurt,"lifestyle, fashion"
eb21b,Male,16,16-17,United States,Melissashire,"finance, lifestyle"
efc44,Male,16,16-17,United States,New Krista,news
f2f2b,Male,16,16-17,United States,Robertfort,"food, health"
f6c11,Male,16,16-17,United States,Chenville,"news, gaming"
f8d87,Male,16,16-17,United States,North Brandy,photography
f8d8a,Male,16,16-17,United States,Lake Jason,"travel, fitness"
fa1b1,Male,16,16-17,United States,Campbellville,health
fb161,Male,16,16-17,United States,Reyesland,"news, finance"
2955,Female,16,16-17,United States,North Aaronland,lifestyle
27682,Female,16,16-17,United States,Prestontown,"photography, news"
31064,Female,16,16-17,United States,Sabrinaton,"travel, art, technology"
33920,Female,16,16-17,United States,Youngview,"travel, gaming, fashion"
69135,Female,16,16-17,United States,Kennethton,gaming
75282,Female,16,16-17,United States,Woodmouth,"photography, art, fashion"
1.50E+32,Female,16,16-17,United States,Joshuaview,"photography, sports, news"
2.20E+37,Female,16,16-17,United States,Carterborough,"art, fitness"
00b03,Female,16,16-17,United States,West Justin,"technology, sports, lifestyle"
02fb8,Female,16,16-17,United States,North Angelaborough,technology
03a5b,Female,16,16-17,United States,Port Johnmouth,"fashion, art, technology"
0d9f5,Female,16,16-17,United States,South Charles,"sports, art, fashion"
12f67,Female,16,16-17,United States,West Wesley,"gaming, sports, travel"
14b4f,Female,16,16-17,United States,Jamesborough,health
1d8ad,Female,16,16-17,United States,Maddenchester,gaming
1e788,Female,16,16-17,United States,Pamelamouth,"lifestyle, food"
2123b,Female,16,16-17,United States,Laurenville,art
2190e,Female,16,16-17,United States,North Michelle,"photography, lifestyle, fitness"
2280b,Female,16,16-17,United States,Lake Stephanie,"health, travel"
24f19,Female,16,16-17,United States,Deannaberg,"art, technology"
293c3,Female,16,16-17,United States,Margaretborough,"travel, fitness"
2a1d2,Female,16,16-17,United States,New Ivanberg,"fashion, news, lifestyle"
30f25,Female,16,16-17,United States,North Christopher,"finance, sports, photography"
3984b,Female,16,16-17,United States,West Robintown,"fitness, finance"
3ae41,Female,16,16-17,United States,Smithstad,"lifestyle, art"
3caf2,Female,16,16-17,United States,Alanland,fashion
43d8e,Female,16,16-17,United States,Elizabethborough,"technology, health"
4800e,Female,16,16-17,United States,West Alan,"fashion, art, sports"
4a3aa,Female,16,16-17,United States,East Dianaberg,finance
4ab7b,Female,16,16-17,United States,Jonesmouth,"art, food, finance"
4ebab,Female,16,16-17,United States,New Allen,"travel, fashion, sports"
5197c,Female,16,16-17,United States,Grahamtown,travel
51b43,Female,16,16-17,United States,Isaacview,"health, photography"
5623c,Female,16,16-17,United States,West Erik,"lifestyle, finance, technology"
5b4cf,Female,16,16-17,United States,Lindashire,"lifestyle, travel"
67dd9,Female,16,16-17,United States,South Robertberg,"fashion, technology, fitness"
6a4c8,Female,16,16-17,United States,Morrisonhaven,"art, gaming"
7ea29,Female,16,16-17,United States,West Joshua,photography
804f3,Female,16,16-17,United States,North Karenfort,"fashion, food, finance"
849c8,Female,16,16-17,United States,Emilyborough,"travel, lifestyle, news"
84f0b,Female,16,16-17,United States,Nicoleport,"fitness, gaming"
88aa7,Female,16,16-17,United States,Andreaborough,"fitness, sports"
92ee3,Female,16,16-17,United States,Kimberlyville,"sports, gaming, travel"
948d2,Female,16,16-17,United States,North William,"art, news"
9851b,Female,16,16-17,United States,Lake Brendahaven,"news, fitness, travel"
9f3d1,Female,16,16-17,United States,Lake Annettetown,"health, finance"
a1c4d,Female,16,16-17,United States,Port Joe,"technology, fashion"
a2388,Female,16,16-17,United States,Jeremyfurt,"news, fitness, sports"
a5b22,Female,16,16-17,United States,Kevinshire,"finance, health, art"
ac5f9,Female,16,16-17,United States,Claytonport,sports
af497,Female,16,16-17,United States,New Allisonfort,"finance, sports, news"
b04a5,Female,16,16-17,United States,Pamelaberg,"art, food"
b2e75,Female,16,16-17,United States,South Mark,"lifestyle, health, fitness"
bde9a,Female,16,16-17,United States,North John,"fashion, art, gaming"
be6f0,Female,16,16-17,United States,New Rebeccahaven,gaming
c82d6,Female,16,16-17,United States,Ashleyfurt,"food, finance"
c9a6f,Female,16,16-17,United States,North Charles,"fashion, food, photography"
cb601,Female,16,16-17,United States,Daltonport,"health, photography, travel"
cecbe,Female,16,16-17,United States,Charleneborough,"sports, food, news"
d0364,Female,16,16-17,United States,Masonstad,"technology, gaming, fashion"
d3aca,Female,16,16-17,United States,New Sherrimouth,"news, sports, health"
d41f8,Female,16,16-17,United States,New Veronica,news
d6f01,Female,16,16-17,United States,West Jessica,art
d98df,Female,16,16-17,United States,Eatonmouth,"food, travel"
d9913,Female,16,16-17,United States,Woodville,lifestyle
da272,Female,16,16-17,United States,West Dakotahaven,"fashion, gaming"
dd69c,Female,16,16-17,United States,Shortchester,health
e32ea,Female,16,16-17,United States,North Michaelfort,sports
e5b59,Female,16,16-17,United States,New Margaret,fashion
e5d90,Female,16,16-17,United States,New Aaron,"sports, news, finance"
ebd3d,Female,16,16-17,United States,Port Stephenmouth,"fashion, health, finance"
ebdc2,Female,16,16-17,United States,West Nicoleland,"health, art, news"
ec3ab,Female,16,16-17,United States,Jordanport,technology
f2688,Female,16,16-17,United States,Mollyberg,news
894,Other,16,16-17,United States,North Pattychester,fashion
1585,Other,16,16-17,United States,New Kaylaborough,fashion
96300,Other,16,16-17,United States,East James,finance
6.30E+48,Other,16,16-17,United States,North Corystad,"technology, travel, art"
0875b,Other,16,16-17,United States,Lake Maryton,"news, food, gaming"
1269a,Other,16,16-17,United States,Davisport,"finance, photography, lifestyle"
2652f,Other,16,16-17,United States,Marybury,"finance, technology"
38d00,Other,16,16-17,United States,New Eric,"lifestyle, health"
3c5a3,Other,16,16-17,United States,Joneston,travel
42b44,Other,16,16-17,United States,Lake Joshuaville,"fashion, finance, sports"
528f4,Other,16,16-17,United States,Rachelland,"fitness, photography, lifestyle"
615de,Other,16,16-17,United States,Port Christianmouth,travel
65ec8,Other,16,16-17,United States,Gonzalezmouth,art
6c682,Other,16,16-17,United States,Joseville,"food, fitness, fashion"
74c23,Other,16,16-17,United States,North Courtneyton,"news, sports"
ace0d,Other,16,16-17,United States,Lindsaymouth,"technology, fashion"
b5999,Other,16,16-17,United States,East Lauren,lifestyle
cc2d7,Other,16,16-17,United States,Port Jeffrey,news
d6c73,Other,16,16-17,United States,West Katrina,technology
e8781,Other,16,16-17,United States,South Sean,"news, fashion, travel"
